variant,op,calls,self_cpu_ms
baseline,aten::conv2d,53,0.06077300000002742
baseline,aten::convolution,53,0.059178999999992814
baseline,aten::_convolution,53,0.1761840000000284
baseline,aten::mkldnn_convolution,20,45.34672399999999
baseline,aten::empty,391,0.27945099999997136
baseline,aten::as_strided_,20,0.029881000000007134
baseline,aten::resize_,53,0.03785300000001325
baseline,aten::batch_norm,53,0.0641650000000377
baseline,aten::_batch_norm_impl_index,53,0.13143399999995564
baseline,aten::native_batch_norm,53,4.164699000000069
baseline,aten::empty_like,53,0.03333500000003051
baseline,aten::relu_,49,0.04807200000000284
baseline,aten::clamp_min_,49,1.6244680000000131
baseline,aten::max_pool2d,1,0.003370999999999185
baseline,aten::max_pool2d_with_indices,1,10.173099
baseline,aten::_nnpack_available,33,0.00510499999993408
baseline,aten::thnn_conv2d,33,0.03682800000005045
baseline,aten::_slow_conv2d_forward,33,33.175413999999904
baseline,aten::view,67,0.0711320000000269
baseline,aten::detach,33,0.016348999999985608
baseline,aten::add_,16,1.9734739999999837
baseline,aten::adaptive_avg_pool2d,1,0.011071999999985564
baseline,aten::mean,1,0.012408000000024913
baseline,aten::sum,1,0.030739999999990688
baseline,aten::fill_,1,0.003385999999998603
baseline,aten::div_,1,0.012755999999993946
baseline,aten::to,1,0.0018469999999942957
baseline,aten::_to_copy,1,0.005077000000004773
baseline,aten::empty_strided,1,0.003122000000003027
baseline,aten::copy_,2,0.007350999999995111
baseline,aten::flatten,1,0.002204999999987194
baseline,aten::linear,1,0.0039330000000045405
baseline,aten::t,1,0.003120999999999185
baseline,aten::transpose,1,0.002632999999987078
baseline,aten::as_strided,2,0.003144000000000233
baseline,aten::addmm,1,0.4805929999999935
baseline,aten::expand,1,0.003128000000011525
baseline,aten::resolve_conj,2,0.00039500000000407455
maxpool_chlast,aten::conv2d,53,0.05916500000004362
maxpool_chlast,aten::convolution,53,0.06184499999996024
maxpool_chlast,aten::_convolution,53,0.15814899999993667
maxpool_chlast,aten::mkldnn_convolution,20,50.096846
maxpool_chlast,aten::empty,393,0.30161700000002284
maxpool_chlast,aten::as_strided_,20,0.03146599999999853
maxpool_chlast,aten::resize_,53,0.045822999999998504
maxpool_chlast,aten::batch_norm,53,0.059910000000050784
maxpool_chlast,aten::_batch_norm_impl_index,53,0.11973300000000563
maxpool_chlast,aten::native_batch_norm,53,4.977369999999964
maxpool_chlast,aten::empty_like,55,0.032500000000034564
maxpool_chlast,aten::relu_,49,0.04378199999999652
maxpool_chlast,aten::clamp_min_,49,1.6033950000000003
maxpool_chlast,aten::contiguous,2,0.0032960000000002766
maxpool_chlast,aten::clone,2,0.005001999999999498
maxpool_chlast,aten::copy_,4,1.1662180000000026
maxpool_chlast,aten::max_pool2d,1,0.0036570000000001528
maxpool_chlast,aten::max_pool2d_with_indices,1,1.4555140000000002
maxpool_chlast,aten::_nnpack_available,33,0.005156999999983782
maxpool_chlast,aten::thnn_conv2d,33,0.034237000000031
maxpool_chlast,aten::_slow_conv2d_forward,33,34.217285999999966
maxpool_chlast,aten::view,67,0.07050700000005145
maxpool_chlast,aten::detach,33,0.0166049999999841
maxpool_chlast,aten::add_,16,1.9559059999999755
maxpool_chlast,aten::adaptive_avg_pool2d,1,0.0024509999999863794
maxpool_chlast,aten::mean,1,0.008017000000021653
maxpool_chlast,aten::sum,1,0.02996500000001106
maxpool_chlast,aten::fill_,1,0.0035389999999897556
maxpool_chlast,aten::div_,1,0.013020999999978812
maxpool_chlast,aten::to,1,0.0019720000000088478
maxpool_chlast,aten::_to_copy,1,0.004645000000004075
maxpool_chlast,aten::empty_strided,1,0.003099999999991269
maxpool_chlast,aten::flatten,1,0.0020460000000020956
maxpool_chlast,aten::linear,1,0.0038170000000100116
maxpool_chlast,aten::t,1,0.0034380000000091967
maxpool_chlast,aten::transpose,1,0.002635999999998603
maxpool_chlast,aten::as_strided,2,0.002820000000006985
maxpool_chlast,aten::addmm,1,0.4817220000000234
maxpool_chlast,aten::expand,1,0.003842999999978929
maxpool_chlast,aten::resolve_conj,2,0.0005649999999877763
fold_bn,aten::conv2d,53,0.05825099999999839
fold_bn,aten::convolution,53,0.05857799999999907
fold_bn,aten::_convolution,53,0.20898199999997497
fold_bn,aten::mkldnn_convolution,20,47.13552199999999
fold_bn,aten::empty,73,0.12729800000002892
fold_bn,aten::as_strided_,20,0.02982600000001639
fold_bn,aten::resize_,53,0.05403200000002789
fold_bn,aten::relu_,49,0.042550000000014736
fold_bn,aten::clamp_min_,49,1.6288079999999823
fold_bn,aten::max_pool2d,1,0.004655999999999039
fold_bn,aten::max_pool2d_with_indices,1,10.147587000000001
fold_bn,aten::_nnpack_available,33,0.006375000000009095
fold_bn,aten::thnn_conv2d,33,0.03217599999999584
fold_bn,aten::_slow_conv2d_forward,33,33.930882000000025
fold_bn,aten::view,100,0.08611899999994421
fold_bn,aten::detach,33,0.016156999999986512
fold_bn,aten::reshape,33,0.019250000000009097
fold_bn,aten::copy_,35,1.7284039999999987
fold_bn,aten::add_,16,1.9544959999999956
fold_bn,aten::adaptive_avg_pool2d,1,0.0030569999999861468
fold_bn,aten::mean,1,0.010398000000001047
fold_bn,aten::sum,1,0.029244999999995344
fold_bn,aten::fill_,1,0.003706000000005588
fold_bn,aten::div_,1,0.013429000000003726
fold_bn,aten::to,1,0.0018620000000082655
fold_bn,aten::_to_copy,1,0.004818000000013854
fold_bn,aten::empty_strided,1,0.0034909999999945284
fold_bn,aten::flatten,1,0.0023659999999945283
fold_bn,aten::linear,1,0.004682000000000699
fold_bn,aten::t,1,0.0031220000000175786
fold_bn,aten::transpose,1,0.002830000000001746
fold_bn,aten::as_strided,2,0.0035389999999897556
fold_bn,aten::addmm,1,0.4816719999999914
fold_bn,aten::expand,1,0.003459999999991851
fold_bn,aten::resolve_conj,2,0.0008920000000071013
channels_last,aten::conv2d,53,0.05570899999995208
channels_last,aten::convolution,53,0.06822600000004013
channels_last,aten::_convolution,53,0.1715150000000108
channels_last,aten::mkldnn_convolution,20,44.26641399999998
channels_last,aten::empty,371,0.3079460000000177
channels_last,aten::resize_,53,0.9123719999999749
channels_last,aten::batch_norm,53,0.06317899999994961
channels_last,aten::_batch_norm_impl_index,53,0.12611099999998668
channels_last,aten::native_batch_norm,53,4.6852049999999705
channels_last,aten::empty_like,53,0.03296600000002172
channels_last,aten::relu_,49,0.07093499999996403
channels_last,aten::clamp_min_,49,1.6101089999999985
channels_last,aten::max_pool2d,1,0.003934000000000651
channels_last,aten::max_pool2d_with_indices,1,0.6021259999999997
channels_last,aten::_nnpack_available,33,0.004543000000012398
channels_last,aten::thnn_conv2d,33,0.035147999999988314
channels_last,aten::_slow_conv2d_forward,33,33.97603600000001
channels_last,aten::as_strided,68,0.06828199999999288
channels_last,aten::detach,33,0.017178999999999178
channels_last,aten::add_,16,1.9595010000000148
channels_last,aten::adaptive_avg_pool2d,1,0.004794999999998254
channels_last,aten::mean,1,0.006941000000020722
channels_last,aten::sum,1,0.019920999999987542
channels_last,aten::fill_,1,0.003875
channels_last,aten::div_,1,0.014246999999988475
channels_last,aten::to,1,0.0021090000000112924
channels_last,aten::_to_copy,1,0.0066109999999898715
channels_last,aten::empty_strided,1,0.003019000000000233
channels_last,aten::copy_,2,0.0076269999999931315
channels_last,aten::as_strided_,1,0.004582000000009429
channels_last,aten::flatten,1,0.0026379999999917346
channels_last,aten::view,1,0.0022710000000079164
channels_last,aten::linear,1,0.004576000000000932
channels_last,aten::t,1,0.003081000000005588
channels_last,aten::transpose,1,0.001753999999986263
channels_last,aten::addmm,1,0.47832900000001244
channels_last,aten::expand,1,0.0039650000000110595
channels_last,aten::resolve_conj,2,0.0007700000000040745
mkldnn_layout,aten::mkldnn_convolution,53,79.57607799999997
mkldnn_layout,aten::empty,106,0.2618579999999923
mkldnn_layout,aten::batch_norm,53,0.12530200000000333
mkldnn_layout,aten::_batch_norm_impl_index,53,0.15221300000001384
mkldnn_layout,aten::native_batch_norm,53,4.8569799999999885
mkldnn_layout,aten::relu_,49,2.5599050000000156
mkldnn_layout,aten::max_pool2d,1,0.0033769999999999525
mkldnn_layout,aten::mkldnn_max_pool2d,1,0.23155799999999999
mkldnn_layout,aten::add_,16,4.078937999999997
mkldnn_layout,aten::adaptive_avg_pool2d,1,0.003264999999999418
mkldnn_layout,aten::mkldnn_adaptive_avg_pool2d,1,0.038695999999996275
mkldnn_layout,aten::flatten,1,0.005703000000008614
mkldnn_layout,aten::_mkldnn_reshape,1,0.0041319999999977885
mkldnn_layout,aten::mkldnn_linear,1,0.5499100000000035
fold_bn+channels_last,aten::conv2d,53,0.07310799999995721
fold_bn+channels_last,aten::convolution,53,0.056744999999983746
fold_bn+channels_last,aten::_convolution,53,0.19739500000005933
fold_bn+channels_last,aten::mkldnn_convolution,20,43.885141000000004
fold_bn+channels_last,aten::empty,53,0.034408999999983564
fold_bn+channels_last,aten::resize_,53,0.18942800000000712
fold_bn+channels_last,aten::relu_,49,0.04607800000003681
fold_bn+channels_last,aten::clamp_min_,49,1.6653229999999881
fold_bn+channels_last,aten::max_pool2d,1,0.0044090000000001055
fold_bn+channels_last,aten::max_pool2d_with_indices,1,0.611221
fold_bn+channels_last,aten::_nnpack_available,33,0.004973999999975604
fold_bn+channels_last,aten::thnn_conv2d,33,0.031856000000045244
fold_bn+channels_last,aten::_slow_conv2d_forward,33,34.183957999999926
fold_bn+channels_last,aten::as_strided,68,0.05859900000001426
fold_bn+channels_last,aten::detach,33,0.01661700000001747
fold_bn+channels_last,aten::reshape,33,0.020802000000020145
fold_bn+channels_last,aten::view,34,0.037867999999994024
fold_bn+channels_last,aten::copy_,35,1.6777369999999814
fold_bn+channels_last,aten::add_,16,1.987125999999992
fold_bn+channels_last,aten::adaptive_avg_pool2d,1,0.005496999999988475
fold_bn+channels_last,aten::mean,1,0.011417999999990571
fold_bn+channels_last,aten::sum,1,0.017512999999991733
fold_bn+channels_last,aten::fill_,1,0.003995000000009895
fold_bn+channels_last,aten::div_,1,0.01314100000000326
fold_bn+channels_last,aten::to,1,0.002073999999993248
fold_bn+channels_last,aten::_to_copy,1,0.005683000000019092
fold_bn+channels_last,aten::empty_strided,1,0.003595000000001164
fold_bn+channels_last,aten::as_strided_,1,0.004938000000009197
fold_bn+channels_last,aten::flatten,1,0.0022329999999928987
fold_bn+channels_last,aten::linear,1,0.0045899999999965075
fold_bn+channels_last,aten::t,1,0.002812000000005355
fold_bn+channels_last,aten::transpose,1,0.0020029999999969733
fold_bn+channels_last,aten::addmm,1,0.483553000000029
fold_bn+channels_last,aten::expand,1,0.004244999999995344
fold_bn+channels_last,aten::resolve_conj,2,0.0004470000000001164
jit_freeze,aten::to_mkldnn,1,0.10713900000000001
jit_freeze,aten::empty,54,0.10548299999997363
jit_freeze,aten::relu_,49,2.203038999999997
jit_freeze,aten::max_pool2d,1,0.006025000000000091
jit_freeze,aten::mkldnn_max_pool2d,1,0.2084749999999999
jit_freeze,aten::add_,16,2.788537000000001
jit_freeze,aten::adaptive_avg_pool2d,1,0.005879000000000815
jit_freeze,aten::mkldnn_adaptive_avg_pool2d,1,0.03327999999999884
jit_freeze,aten::to_dense,1,0.0040050000000192085
jit_freeze,aten::_to_dense,1,0.024146000000007915
jit_freeze,aten::as_strided_,1,0.005652999999991152
jit_freeze,aten::resize_,1,0.0018129999999946449
jit_freeze,aten::flatten,1,0.0035899999999965074
jit_freeze,aten::view,1,0.002599000000001979
jit_freeze,aten::matmul,1,0.004216999999989639
jit_freeze,aten::mm,1,0.49958099999999106
jit_freeze,aten::resolve_conj,3,0.0006850000000122236
jit_freeze,aten::add,1,0.014283999999999651
inductor,Torch-Compiled Region: 0/0,1,0.07032899999999791
inductor,mkldnn::_convolution_pointwise,37,50.991028000000036
inductor,aten::empty,38,0.03213399999999046
inductor,aten::resize_,37,0.05026899999995635
inductor,mkldnn::_convolution_pointwise_,16,17.603910000000003
