layer,operation,depth,aten_op,self_us
conv1,conv7x7,1,aten::conv2d,4.9
conv1,conv7x7,2,aten::convolution,4.8
conv1,conv7x7,3,aten::_convolution,7.0
conv1,conv7x7,4,aten::mkldnn_convolution,2357.5
conv1,conv7x7,5,aten::empty,2.6
conv1,conv7x7,5,aten::empty,4.5
conv1,conv7x7,5,aten::as_strided_,3.9
conv1,conv7x7,5,aten::resize_,1.2
bn1,batchnorm,1,aten::batch_norm,8.1
bn1,batchnorm,2,aten::_batch_norm_impl_index,7.4
bn1,batchnorm,3,aten::empty,1.5
bn1,batchnorm,3,aten::native_batch_norm,317.0
bn1,batchnorm,4,aten::empty_like,2.0
bn1,batchnorm,5,aten::empty,2.7
bn1,batchnorm,4,aten::empty,0.3
bn1,batchnorm,4,aten::empty,0.3
bn1,batchnorm,4,aten::empty,0.6
bn1,batchnorm,4,aten::empty,0.3
relu,relu,1,aten::relu_,11.8
relu,relu,2,aten::clamp_min_,171.9
maxpool,maxpool,1,aten::max_pool2d,6.1
maxpool,maxpool,2,aten::max_pool2d_with_indices,10264.2
layer1.0.conv1,conv1x1,1,aten::conv2d,4.5
layer1.0.conv1,conv1x1,2,aten::convolution,5.5
layer1.0.conv1,conv1x1,3,aten::_convolution,19.5
layer1.0.conv1,conv1x1,4,aten::_nnpack_available,0.4
layer1.0.conv1,conv1x1,4,aten::thnn_conv2d,4.1
layer1.0.conv1,conv1x1,5,aten::_slow_conv2d_forward,241.1
layer1.0.conv1,conv1x1,6,aten::empty,1.1
layer1.0.conv1,conv1x1,6,aten::view,6.2
layer1.0.conv1,conv1x1,6,aten::view,0.6
layer1.0.conv1,conv1x1,6,aten::detach,1.3
layer1.0.conv1,conv1x1,6,aten::resize_,2.0
layer1.0.bn1,batchnorm,1,aten::batch_norm,3.2
layer1.0.bn1,batchnorm,2,aten::_batch_norm_impl_index,5.6
layer1.0.bn1,batchnorm,3,aten::empty,0.7
layer1.0.bn1,batchnorm,3,aten::native_batch_norm,74.2
layer1.0.bn1,batchnorm,4,aten::empty_like,1.6
layer1.0.bn1,batchnorm,5,aten::empty,1.4
layer1.0.bn1,batchnorm,4,aten::empty,0.4
layer1.0.bn1,batchnorm,4,aten::empty,0.7
layer1.0.bn1,batchnorm,4,aten::empty,0.6
layer1.0.bn1,batchnorm,4,aten::empty,0.5
layer1.0.relu1,relu,1,aten::relu_,1.8
layer1.0.relu1,relu,2,aten::clamp_min_,28.5
layer1.0.conv2,conv3x3,1,aten::conv2d,3.2
layer1.0.conv2,conv3x3,2,aten::convolution,2.9
layer1.0.conv2,conv3x3,3,aten::_convolution,5.1
layer1.0.conv2,conv3x3,4,aten::mkldnn_convolution,2003.6
layer1.0.conv2,conv3x3,5,aten::empty,0.7
layer1.0.conv2,conv3x3,5,aten::empty,3.2
layer1.0.conv2,conv3x3,5,aten::as_strided_,3.1
layer1.0.conv2,conv3x3,5,aten::resize_,0.7
layer1.0.bn2,batchnorm,1,aten::batch_norm,2.5
layer1.0.bn2,batchnorm,2,aten::_batch_norm_impl_index,4.9
layer1.0.bn2,batchnorm,3,aten::empty,0.9
layer1.0.bn2,batchnorm,3,aten::native_batch_norm,67.3
layer1.0.bn2,batchnorm,4,aten::empty_like,1.3
layer1.0.bn2,batchnorm,5,aten::empty,2.3
layer1.0.bn2,batchnorm,4,aten::empty,0.3
layer1.0.bn2,batchnorm,4,aten::empty,0.2
layer1.0.bn2,batchnorm,4,aten::empty,0.6
layer1.0.bn2,batchnorm,4,aten::empty,0.4
layer1.0.relu2,relu,1,aten::relu_,1.4
layer1.0.relu2,relu,2,aten::clamp_min_,28.7
layer1.0.conv3,conv1x1,1,aten::conv2d,2.7
layer1.0.conv3,conv1x1,2,aten::convolution,3.1
layer1.0.conv3,conv1x1,3,aten::_convolution,5.2
layer1.0.conv3,conv1x1,4,aten::_nnpack_available,0.1
layer1.0.conv3,conv1x1,4,aten::thnn_conv2d,2.8
layer1.0.conv3,conv1x1,5,aten::_slow_conv2d_forward,846.9
layer1.0.conv3,conv1x1,6,aten::empty,0.5
layer1.0.conv3,conv1x1,6,aten::view,2.6
layer1.0.conv3,conv1x1,6,aten::view,0.5
layer1.0.conv3,conv1x1,6,aten::detach,1.0
layer1.0.conv3,conv1x1,6,aten::resize_,1.6
layer1.0.bn3,batchnorm,1,aten::batch_norm,2.3
layer1.0.bn3,batchnorm,2,aten::_batch_norm_impl_index,4.8
layer1.0.bn3,batchnorm,3,aten::empty,0.8
layer1.0.bn3,batchnorm,3,aten::native_batch_norm,310.2
layer1.0.bn3,batchnorm,4,aten::empty_like,1.2
layer1.0.bn3,batchnorm,5,aten::empty,1.1
layer1.0.bn3,batchnorm,4,aten::empty,0.3
layer1.0.bn3,batchnorm,4,aten::empty,0.3
layer1.0.bn3,batchnorm,4,aten::empty,0.6
layer1.0.bn3,batchnorm,4,aten::empty,0.5
layer1.0.downsample.0,conv1x1,1,aten::conv2d,2.4
layer1.0.downsample.0,conv1x1,2,aten::convolution,2.8
layer1.0.downsample.0,conv1x1,3,aten::_convolution,4.0
layer1.0.downsample.0,conv1x1,4,aten::_nnpack_available,0.2
layer1.0.downsample.0,conv1x1,4,aten::thnn_conv2d,2.4
layer1.0.downsample.0,conv1x1,5,aten::_slow_conv2d_forward,859.1
layer1.0.downsample.0,conv1x1,6,aten::empty,0.7
layer1.0.downsample.0,conv1x1,6,aten::view,1.9
layer1.0.downsample.0,conv1x1,6,aten::view,0.3
layer1.0.downsample.0,conv1x1,6,aten::detach,0.5
layer1.0.downsample.0,conv1x1,6,aten::resize_,0.8
layer1.0.downsample.1,batchnorm,1,aten::batch_norm,1.9
layer1.0.downsample.1,batchnorm,2,aten::_batch_norm_impl_index,3.8
layer1.0.downsample.1,batchnorm,3,aten::empty,0.9
layer1.0.downsample.1,batchnorm,3,aten::native_batch_norm,315.2
layer1.0.downsample.1,batchnorm,4,aten::empty_like,1.4
layer1.0.downsample.1,batchnorm,5,aten::empty,1.1
layer1.0.downsample.1,batchnorm,4,aten::empty,0.3
layer1.0.downsample.1,batchnorm,4,aten::empty,0.3
layer1.0.downsample.1,batchnorm,4,aten::empty,0.4
layer1.0.downsample.1,batchnorm,4,aten::empty,0.5
layer1.0.add,add,1,aten::add_,309.2
layer1.0.relu3,relu,1,aten::relu_,1.3
layer1.0.relu3,relu,2,aten::clamp_min_,167.8
layer1.1.conv1,conv1x1,1,aten::conv2d,2.6
layer1.1.conv1,conv1x1,2,aten::convolution,2.8
layer1.1.conv1,conv1x1,3,aten::_convolution,4.0
layer1.1.conv1,conv1x1,4,aten::_nnpack_available,0.1
layer1.1.conv1,conv1x1,4,aten::thnn_conv2d,2.1
layer1.1.conv1,conv1x1,5,aten::_slow_conv2d_forward,796.3
layer1.1.conv1,conv1x1,6,aten::empty,0.7
layer1.1.conv1,conv1x1,6,aten::view,1.6
layer1.1.conv1,conv1x1,6,aten::view,0.3
layer1.1.conv1,conv1x1,6,aten::detach,0.5
layer1.1.conv1,conv1x1,6,aten::resize_,1.2
layer1.1.bn1,batchnorm,1,aten::batch_norm,1.8
layer1.1.bn1,batchnorm,2,aten::_batch_norm_impl_index,4.0
layer1.1.bn1,batchnorm,3,aten::empty,1.0
layer1.1.bn1,batchnorm,3,aten::native_batch_norm,81.5
layer1.1.bn1,batchnorm,4,aten::empty_like,1.3
layer1.1.bn1,batchnorm,5,aten::empty,1.0
layer1.1.bn1,batchnorm,4,aten::empty,0.3
layer1.1.bn1,batchnorm,4,aten::empty,0.3
layer1.1.bn1,batchnorm,4,aten::empty,0.4
layer1.1.bn1,batchnorm,4,aten::empty,0.5
layer1.1.relu1,relu,1,aten::relu_,1.2
layer1.1.relu1,relu,2,aten::clamp_min_,26.7
layer1.1.conv2,conv3x3,1,aten::conv2d,2.7
layer1.1.conv2,conv3x3,2,aten::convolution,2.4
layer1.1.conv2,conv3x3,3,aten::_convolution,4.3
layer1.1.conv2,conv3x3,4,aten::mkldnn_convolution,1985.6
layer1.1.conv2,conv3x3,5,aten::empty,0.8
layer1.1.conv2,conv3x3,5,aten::empty,3.2
layer1.1.conv2,conv3x3,5,aten::as_strided_,2.5
layer1.1.conv2,conv3x3,5,aten::resize_,0.6
layer1.1.bn2,batchnorm,1,aten::batch_norm,1.9
layer1.1.bn2,batchnorm,2,aten::_batch_norm_impl_index,4.2
layer1.1.bn2,batchnorm,3,aten::empty,0.9
layer1.1.bn2,batchnorm,3,aten::native_batch_norm,67.4
layer1.1.bn2,batchnorm,4,aten::empty_like,1.1
layer1.1.bn2,batchnorm,5,aten::empty,0.9
layer1.1.bn2,batchnorm,4,aten::empty,0.3
layer1.1.bn2,batchnorm,4,aten::empty,0.2
layer1.1.bn2,batchnorm,4,aten::empty,0.6
layer1.1.bn2,batchnorm,4,aten::empty,0.5
layer1.1.relu2,relu,1,aten::relu_,1.2
layer1.1.relu2,relu,2,aten::clamp_min_,28.0
layer1.1.conv3,conv1x1,1,aten::conv2d,2.4
layer1.1.conv3,conv1x1,2,aten::convolution,2.8
layer1.1.conv3,conv1x1,3,aten::_convolution,4.4
layer1.1.conv3,conv1x1,4,aten::_nnpack_available,0.1
layer1.1.conv3,conv1x1,4,aten::thnn_conv2d,2.1
layer1.1.conv3,conv1x1,5,aten::_slow_conv2d_forward,843.8
layer1.1.conv3,conv1x1,6,aten::empty,0.5
layer1.1.conv3,conv1x1,6,aten::view,2.3
layer1.1.conv3,conv1x1,6,aten::view,0.4
layer1.1.conv3,conv1x1,6,aten::detach,0.6
layer1.1.conv3,conv1x1,6,aten::resize_,1.0
layer1.1.bn3,batchnorm,1,aten::batch_norm,1.8
layer1.1.bn3,batchnorm,2,aten::_batch_norm_impl_index,4.1
layer1.1.bn3,batchnorm,3,aten::empty,0.9
layer1.1.bn3,batchnorm,3,aten::native_batch_norm,314.4
layer1.1.bn3,batchnorm,4,aten::empty_like,1.2
layer1.1.bn3,batchnorm,5,aten::empty,1.1
layer1.1.bn3,batchnorm,4,aten::empty,0.2
layer1.1.bn3,batchnorm,4,aten::empty,0.5
layer1.1.bn3,batchnorm,4,aten::empty,0.4
layer1.1.bn3,batchnorm,4,aten::empty,0.5
layer1.1.add,add,1,aten::add_,307.2
layer1.1.relu3,relu,1,aten::relu_,1.4
layer1.1.relu3,relu,2,aten::clamp_min_,168.2
layer1.2.conv1,conv1x1,1,aten::conv2d,2.3
layer1.2.conv1,conv1x1,2,aten::convolution,2.5
layer1.2.conv1,conv1x1,3,aten::_convolution,4.2
layer1.2.conv1,conv1x1,4,aten::_nnpack_available,0.2
layer1.2.conv1,conv1x1,4,aten::thnn_conv2d,2.0
layer1.2.conv1,conv1x1,5,aten::_slow_conv2d_forward,795.6
layer1.2.conv1,conv1x1,6,aten::empty,0.8
layer1.2.conv1,conv1x1,6,aten::view,1.8
layer1.2.conv1,conv1x1,6,aten::view,0.3
layer1.2.conv1,conv1x1,6,aten::detach,0.4
layer1.2.conv1,conv1x1,6,aten::resize_,1.0
layer1.2.bn1,batchnorm,1,aten::batch_norm,1.9
layer1.2.bn1,batchnorm,2,aten::_batch_norm_impl_index,3.8
layer1.2.bn1,batchnorm,3,aten::empty,0.8
layer1.2.bn1,batchnorm,3,aten::native_batch_norm,80.2
layer1.2.bn1,batchnorm,4,aten::empty_like,1.3
layer1.2.bn1,batchnorm,5,aten::empty,1.0
layer1.2.bn1,batchnorm,4,aten::empty,0.2
layer1.2.bn1,batchnorm,4,aten::empty,0.8
layer1.2.bn1,batchnorm,4,aten::empty,0.4
layer1.2.bn1,batchnorm,4,aten::empty,0.4
layer1.2.relu1,relu,1,aten::relu_,1.2
layer1.2.relu1,relu,2,aten::clamp_min_,27.0
layer1.2.conv2,conv3x3,1,aten::conv2d,2.0
layer1.2.conv2,conv3x3,2,aten::convolution,2.5
layer1.2.conv2,conv3x3,3,aten::_convolution,4.3
layer1.2.conv2,conv3x3,4,aten::mkldnn_convolution,1977.9
layer1.2.conv2,conv3x3,5,aten::empty,0.7
layer1.2.conv2,conv3x3,5,aten::empty,3.2
layer1.2.conv2,conv3x3,5,aten::as_strided_,2.1
layer1.2.conv2,conv3x3,5,aten::resize_,0.5
layer1.2.bn2,batchnorm,1,aten::batch_norm,2.1
layer1.2.bn2,batchnorm,2,aten::_batch_norm_impl_index,3.8
layer1.2.bn2,batchnorm,3,aten::empty,0.9
layer1.2.bn2,batchnorm,3,aten::native_batch_norm,65.0
layer1.2.bn2,batchnorm,4,aten::empty_like,2.0
layer1.2.bn2,batchnorm,5,aten::empty,1.8
layer1.2.bn2,batchnorm,4,aten::empty,0.3
layer1.2.bn2,batchnorm,4,aten::empty,0.2
layer1.2.bn2,batchnorm,4,aten::empty,0.5
layer1.2.bn2,batchnorm,4,aten::empty,0.6
layer1.2.relu2,relu,1,aten::relu_,1.2
layer1.2.relu2,relu,2,aten::clamp_min_,28.0
layer1.2.conv3,conv1x1,1,aten::conv2d,2.5
layer1.2.conv3,conv1x1,2,aten::convolution,2.7
layer1.2.conv3,conv1x1,3,aten::_convolution,3.9
layer1.2.conv3,conv1x1,4,aten::_nnpack_available,0.1
layer1.2.conv3,conv1x1,4,aten::thnn_conv2d,2.1
layer1.2.conv3,conv1x1,5,aten::_slow_conv2d_forward,839.9
layer1.2.conv3,conv1x1,6,aten::empty,0.5
layer1.2.conv3,conv1x1,6,aten::view,2.5
layer1.2.conv3,conv1x1,6,aten::view,0.4
layer1.2.conv3,conv1x1,6,aten::detach,0.5
layer1.2.conv3,conv1x1,6,aten::resize_,1.0
layer1.2.bn3,batchnorm,1,aten::batch_norm,1.7
layer1.2.bn3,batchnorm,2,aten::_batch_norm_impl_index,4.1
layer1.2.bn3,batchnorm,3,aten::empty,1.1
layer1.2.bn3,batchnorm,3,aten::native_batch_norm,1401.4
layer1.2.bn3,batchnorm,4,aten::empty_like,1.3
layer1.2.bn3,batchnorm,5,aten::empty,14.4
layer1.2.bn3,batchnorm,4,aten::empty,0.2
layer1.2.bn3,batchnorm,4,aten::empty,0.4
layer1.2.bn3,batchnorm,4,aten::empty,0.5
layer1.2.bn3,batchnorm,4,aten::empty,0.4
layer1.2.add,add,1,aten::add_,336.6
layer1.2.relu3,relu,1,aten::relu_,1.3
layer1.2.relu3,relu,2,aten::clamp_min_,168.9
layer2.0.conv1,conv1x1,1,aten::conv2d,2.3
layer2.0.conv1,conv1x1,2,aten::convolution,2.8
layer2.0.conv1,conv1x1,3,aten::_convolution,4.1
layer2.0.conv1,conv1x1,4,aten::_nnpack_available,0.1
layer2.0.conv1,conv1x1,4,aten::thnn_conv2d,2.2
layer2.0.conv1,conv1x1,5,aten::_slow_conv2d_forward,1658.0
layer2.0.conv1,conv1x1,6,aten::empty,0.9
layer2.0.conv1,conv1x1,6,aten::view,1.8
layer2.0.conv1,conv1x1,6,aten::view,0.4
layer2.0.conv1,conv1x1,6,aten::detach,0.5
layer2.0.conv1,conv1x1,6,aten::resize_,1.0
layer2.0.bn1,batchnorm,1,aten::batch_norm,1.8
layer2.0.bn1,batchnorm,2,aten::_batch_norm_impl_index,4.2
layer2.0.bn1,batchnorm,3,aten::empty,1.0
layer2.0.bn1,batchnorm,3,aten::native_batch_norm,156.6
layer2.0.bn1,batchnorm,4,aten::empty_like,1.7
layer2.0.bn1,batchnorm,5,aten::empty,1.0
layer2.0.bn1,batchnorm,4,aten::empty,0.2
layer2.0.bn1,batchnorm,4,aten::empty,0.3
layer2.0.bn1,batchnorm,4,aten::empty,0.4
layer2.0.bn1,batchnorm,4,aten::empty,0.3
layer2.0.relu1,relu,1,aten::relu_,1.2
layer2.0.relu1,relu,2,aten::clamp_min_,74.5
layer2.0.conv2,conv3x3,1,aten::conv2d,2.7
layer2.0.conv2,conv3x3,2,aten::convolution,2.5
layer2.0.conv2,conv3x3,3,aten::_convolution,4.3
layer2.0.conv2,conv3x3,4,aten::mkldnn_convolution,2134.5
layer2.0.conv2,conv3x3,5,aten::empty,0.7
layer2.0.conv2,conv3x3,5,aten::empty,3.1
layer2.0.conv2,conv3x3,5,aten::as_strided_,2.3
layer2.0.conv2,conv3x3,5,aten::resize_,0.5
layer2.0.bn2,batchnorm,1,aten::batch_norm,1.9
layer2.0.bn2,batchnorm,2,aten::_batch_norm_impl_index,4.0
layer2.0.bn2,batchnorm,3,aten::empty,0.8
layer2.0.bn2,batchnorm,3,aten::native_batch_norm,30.1
layer2.0.bn2,batchnorm,4,aten::empty_like,1.1
layer2.0.bn2,batchnorm,5,aten::empty,2.1
layer2.0.bn2,batchnorm,4,aten::empty,0.3
layer2.0.bn2,batchnorm,4,aten::empty,0.3
layer2.0.bn2,batchnorm,4,aten::empty,0.7
layer2.0.bn2,batchnorm,4,aten::empty,0.6
layer2.0.relu2,relu,1,aten::relu_,1.0
layer2.0.relu2,relu,2,aten::clamp_min_,13.4
layer2.0.conv3,conv1x1,1,aten::conv2d,2.5
layer2.0.conv3,conv1x1,2,aten::convolution,2.7
layer2.0.conv3,conv1x1,3,aten::_convolution,4.3
layer2.0.conv3,conv1x1,4,aten::_nnpack_available,0.2
layer2.0.conv3,conv1x1,4,aten::thnn_conv2d,2.3
layer2.0.conv3,conv1x1,5,aten::_slow_conv2d_forward,832.7
layer2.0.conv3,conv1x1,6,aten::empty,0.4
layer2.0.conv3,conv1x1,6,aten::view,1.9
layer2.0.conv3,conv1x1,6,aten::view,0.3
layer2.0.conv3,conv1x1,6,aten::detach,0.4
layer2.0.conv3,conv1x1,6,aten::resize_,0.9
layer2.0.bn3,batchnorm,1,aten::batch_norm,2.0
layer2.0.bn3,batchnorm,2,aten::_batch_norm_impl_index,4.0
layer2.0.bn3,batchnorm,3,aten::empty,0.7
layer2.0.bn3,batchnorm,3,aten::native_batch_norm,155.7
layer2.0.bn3,batchnorm,4,aten::empty_like,1.3
layer2.0.bn3,batchnorm,5,aten::empty,1.0
layer2.0.bn3,batchnorm,4,aten::empty,0.3
layer2.0.bn3,batchnorm,4,aten::empty,0.4
layer2.0.bn3,batchnorm,4,aten::empty,0.9
layer2.0.bn3,batchnorm,4,aten::empty,0.8
layer2.0.downsample.0,conv1x1,1,aten::conv2d,2.6
layer2.0.downsample.0,conv1x1,2,aten::convolution,2.3
layer2.0.downsample.0,conv1x1,3,aten::_convolution,4.0
layer2.0.downsample.0,conv1x1,4,aten::mkldnn_convolution,2303.0
layer2.0.downsample.0,conv1x1,5,aten::empty,0.7
layer2.0.downsample.0,conv1x1,5,aten::empty,3.5
layer2.0.downsample.0,conv1x1,5,aten::as_strided_,2.0
layer2.0.downsample.0,conv1x1,5,aten::resize_,0.5
layer2.0.downsample.1,batchnorm,1,aten::batch_norm,1.9
layer2.0.downsample.1,batchnorm,2,aten::_batch_norm_impl_index,4.1
layer2.0.downsample.1,batchnorm,3,aten::empty,0.8
layer2.0.downsample.1,batchnorm,3,aten::native_batch_norm,160.3
layer2.0.downsample.1,batchnorm,4,aten::empty_like,1.1
layer2.0.downsample.1,batchnorm,5,aten::empty,2.3
layer2.0.downsample.1,batchnorm,4,aten::empty,0.3
layer2.0.downsample.1,batchnorm,4,aten::empty,0.3
layer2.0.downsample.1,batchnorm,4,aten::empty,1.0
layer2.0.downsample.1,batchnorm,4,aten::empty,0.7
layer2.0.add,add,1,aten::add_,150.8
layer2.0.relu3,relu,1,aten::relu_,1.3
layer2.0.relu3,relu,2,aten::clamp_min_,79.0
layer2.1.conv1,conv1x1,1,aten::conv2d,2.8
layer2.1.conv1,conv1x1,2,aten::convolution,2.8
layer2.1.conv1,conv1x1,3,aten::_convolution,4.4
layer2.1.conv1,conv1x1,4,aten::_nnpack_available,0.1
layer2.1.conv1,conv1x1,4,aten::thnn_conv2d,2.3
layer2.1.conv1,conv1x1,5,aten::_slow_conv2d_forward,805.9
layer2.1.conv1,conv1x1,6,aten::empty,0.6
layer2.1.conv1,conv1x1,6,aten::view,2.4
layer2.1.conv1,conv1x1,6,aten::view,0.3
layer2.1.conv1,conv1x1,6,aten::detach,0.7
layer2.1.conv1,conv1x1,6,aten::resize_,0.9
layer2.1.bn1,batchnorm,1,aten::batch_norm,1.7
layer2.1.bn1,batchnorm,2,aten::_batch_norm_impl_index,3.8
layer2.1.bn1,batchnorm,3,aten::empty,0.8
layer2.1.bn1,batchnorm,3,aten::native_batch_norm,38.6
layer2.1.bn1,batchnorm,4,aten::empty_like,1.2
layer2.1.bn1,batchnorm,5,aten::empty,1.1
layer2.1.bn1,batchnorm,4,aten::empty,0.3
layer2.1.bn1,batchnorm,4,aten::empty,0.3
layer2.1.bn1,batchnorm,4,aten::empty,0.6
layer2.1.bn1,batchnorm,4,aten::empty,0.4
layer2.1.relu1,relu,1,aten::relu_,1.0
layer2.1.relu1,relu,2,aten::clamp_min_,13.3
layer2.1.conv2,conv3x3,1,aten::conv2d,2.4
layer2.1.conv2,conv3x3,2,aten::convolution,2.4
layer2.1.conv2,conv3x3,3,aten::_convolution,3.8
layer2.1.conv2,conv3x3,4,aten::mkldnn_convolution,1913.8
layer2.1.conv2,conv3x3,5,aten::empty,0.4
layer2.1.conv2,conv3x3,5,aten::empty,2.9
layer2.1.conv2,conv3x3,5,aten::as_strided_,1.8
layer2.1.conv2,conv3x3,5,aten::resize_,0.4
layer2.1.bn2,batchnorm,1,aten::batch_norm,1.8
layer2.1.bn2,batchnorm,2,aten::_batch_norm_impl_index,3.7
layer2.1.bn2,batchnorm,3,aten::empty,0.6
layer2.1.bn2,batchnorm,3,aten::native_batch_norm,30.4
layer2.1.bn2,batchnorm,4,aten::empty_like,1.0
layer2.1.bn2,batchnorm,5,aten::empty,2.1
layer2.1.bn2,batchnorm,4,aten::empty,0.2
layer2.1.bn2,batchnorm,4,aten::empty,0.2
layer2.1.bn2,batchnorm,4,aten::empty,0.5
layer2.1.bn2,batchnorm,4,aten::empty,0.5
layer2.1.relu2,relu,1,aten::relu_,1.0
layer2.1.relu2,relu,2,aten::clamp_min_,13.2
layer2.1.conv3,conv1x1,1,aten::conv2d,2.6
layer2.1.conv3,conv1x1,2,aten::convolution,2.9
layer2.1.conv3,conv1x1,3,aten::_convolution,4.0
layer2.1.conv3,conv1x1,4,aten::_nnpack_available,0.1
layer2.1.conv3,conv1x1,4,aten::thnn_conv2d,2.1
layer2.1.conv3,conv1x1,5,aten::_slow_conv2d_forward,831.3
layer2.1.conv3,conv1x1,6,aten::empty,0.4
layer2.1.conv3,conv1x1,6,aten::view,2.0
layer2.1.conv3,conv1x1,6,aten::view,0.3
layer2.1.conv3,conv1x1,6,aten::detach,0.6
layer2.1.conv3,conv1x1,6,aten::resize_,0.7
layer2.1.bn3,batchnorm,1,aten::batch_norm,1.8
layer2.1.bn3,batchnorm,2,aten::_batch_norm_impl_index,3.7
layer2.1.bn3,batchnorm,3,aten::empty,0.8
layer2.1.bn3,batchnorm,3,aten::native_batch_norm,155.6
layer2.1.bn3,batchnorm,4,aten::empty_like,1.1
layer2.1.bn3,batchnorm,5,aten::empty,1.2
layer2.1.bn3,batchnorm,4,aten::empty,0.3
layer2.1.bn3,batchnorm,4,aten::empty,0.6
layer2.1.bn3,batchnorm,4,aten::empty,0.8
layer2.1.bn3,batchnorm,4,aten::empty,0.6
layer2.1.add,add,1,aten::add_,151.4
layer2.1.relu3,relu,1,aten::relu_,1.5
layer2.1.relu3,relu,2,aten::clamp_min_,73.7
layer2.2.conv1,conv1x1,1,aten::conv2d,2.7
layer2.2.conv1,conv1x1,2,aten::convolution,2.7
layer2.2.conv1,conv1x1,3,aten::_convolution,3.6
layer2.2.conv1,conv1x1,4,aten::_nnpack_available,0.2
layer2.2.conv1,conv1x1,4,aten::thnn_conv2d,1.9
layer2.2.conv1,conv1x1,5,aten::_slow_conv2d_forward,807.9
layer2.2.conv1,conv1x1,6,aten::empty,0.7
layer2.2.conv1,conv1x1,6,aten::view,1.8
layer2.2.conv1,conv1x1,6,aten::view,0.2
layer2.2.conv1,conv1x1,6,aten::detach,0.5
layer2.2.conv1,conv1x1,6,aten::resize_,0.8
layer2.2.bn1,batchnorm,1,aten::batch_norm,1.6
layer2.2.bn1,batchnorm,2,aten::_batch_norm_impl_index,3.8
layer2.2.bn1,batchnorm,3,aten::empty,0.7
layer2.2.bn1,batchnorm,3,aten::native_batch_norm,33.8
layer2.2.bn1,batchnorm,4,aten::empty_like,1.2
layer2.2.bn1,batchnorm,5,aten::empty,1.0
layer2.2.bn1,batchnorm,4,aten::empty,0.3
layer2.2.bn1,batchnorm,4,aten::empty,0.4
layer2.2.bn1,batchnorm,4,aten::empty,0.4
layer2.2.bn1,batchnorm,4,aten::empty,0.8
layer2.2.relu1,relu,1,aten::relu_,1.4
layer2.2.relu1,relu,2,aten::clamp_min_,13.1
layer2.2.conv2,conv3x3,1,aten::conv2d,2.3
layer2.2.conv2,conv3x3,2,aten::convolution,2.3
layer2.2.conv2,conv3x3,3,aten::_convolution,3.6
layer2.2.conv2,conv3x3,4,aten::mkldnn_convolution,1916.6
layer2.2.conv2,conv3x3,5,aten::empty,0.5
layer2.2.conv2,conv3x3,5,aten::empty,3.0
layer2.2.conv2,conv3x3,5,aten::as_strided_,1.7
layer2.2.conv2,conv3x3,5,aten::resize_,0.3
layer2.2.bn2,batchnorm,1,aten::batch_norm,1.6
layer2.2.bn2,batchnorm,2,aten::_batch_norm_impl_index,3.7
layer2.2.bn2,batchnorm,3,aten::empty,0.7
layer2.2.bn2,batchnorm,3,aten::native_batch_norm,30.2
layer2.2.bn2,batchnorm,4,aten::empty_like,0.9
layer2.2.bn2,batchnorm,5,aten::empty,1.8
layer2.2.bn2,batchnorm,4,aten::empty,0.3
layer2.2.bn2,batchnorm,4,aten::empty,0.3
layer2.2.bn2,batchnorm,4,aten::empty,0.5
layer2.2.bn2,batchnorm,4,aten::empty,0.5
layer2.2.relu2,relu,1,aten::relu_,1.0
layer2.2.relu2,relu,2,aten::clamp_min_,13.0
layer2.2.conv3,conv1x1,1,aten::conv2d,2.5
layer2.2.conv3,conv1x1,2,aten::convolution,2.7
layer2.2.conv3,conv1x1,3,aten::_convolution,4.5
layer2.2.conv3,conv1x1,4,aten::_nnpack_available,0.1
layer2.2.conv3,conv1x1,4,aten::thnn_conv2d,2.4
layer2.2.conv3,conv1x1,5,aten::_slow_conv2d_forward,846.1
layer2.2.conv3,conv1x1,6,aten::empty,0.4
layer2.2.conv3,conv1x1,6,aten::view,2.0
layer2.2.conv3,conv1x1,6,aten::view,0.4
layer2.2.conv3,conv1x1,6,aten::detach,0.5
layer2.2.conv3,conv1x1,6,aten::resize_,0.8
layer2.2.bn3,batchnorm,1,aten::batch_norm,1.7
layer2.2.bn3,batchnorm,2,aten::_batch_norm_impl_index,3.5
layer2.2.bn3,batchnorm,3,aten::empty,0.9
layer2.2.bn3,batchnorm,3,aten::native_batch_norm,157.2
layer2.2.bn3,batchnorm,4,aten::empty_like,1.3
layer2.2.bn3,batchnorm,5,aten::empty,1.3
layer2.2.bn3,batchnorm,4,aten::empty,0.2
layer2.2.bn3,batchnorm,4,aten::empty,0.2
layer2.2.bn3,batchnorm,4,aten::empty,0.7
layer2.2.bn3,batchnorm,4,aten::empty,0.8
layer2.2.add,add,1,aten::add_,150.2
layer2.2.relu3,relu,1,aten::relu_,1.3
layer2.2.relu3,relu,2,aten::clamp_min_,74.1
layer2.3.conv1,conv1x1,1,aten::conv2d,2.3
layer2.3.conv1,conv1x1,2,aten::convolution,2.6
layer2.3.conv1,conv1x1,3,aten::_convolution,3.8
layer2.3.conv1,conv1x1,4,aten::_nnpack_available,0.1
layer2.3.conv1,conv1x1,4,aten::thnn_conv2d,1.9
layer2.3.conv1,conv1x1,5,aten::_slow_conv2d_forward,807.9
layer2.3.conv1,conv1x1,6,aten::empty,0.6
layer2.3.conv1,conv1x1,6,aten::view,1.6
layer2.3.conv1,conv1x1,6,aten::view,0.3
layer2.3.conv1,conv1x1,6,aten::detach,0.4
layer2.3.conv1,conv1x1,6,aten::resize_,0.9
layer2.3.bn1,batchnorm,1,aten::batch_norm,1.6
layer2.3.bn1,batchnorm,2,aten::_batch_norm_impl_index,3.5
layer2.3.bn1,batchnorm,3,aten::empty,0.7
layer2.3.bn1,batchnorm,3,aten::native_batch_norm,33.7
layer2.3.bn1,batchnorm,4,aten::empty_like,1.2
layer2.3.bn1,batchnorm,5,aten::empty,0.8
layer2.3.bn1,batchnorm,4,aten::empty,0.2
layer2.3.bn1,batchnorm,4,aten::empty,0.4
layer2.3.bn1,batchnorm,4,aten::empty,0.5
layer2.3.bn1,batchnorm,4,aten::empty,0.4
layer2.3.relu1,relu,1,aten::relu_,1.0
layer2.3.relu1,relu,2,aten::clamp_min_,13.3
layer2.3.conv2,conv3x3,1,aten::conv2d,2.3
layer2.3.conv2,conv3x3,2,aten::convolution,2.4
layer2.3.conv2,conv3x3,3,aten::_convolution,3.5
layer2.3.conv2,conv3x3,4,aten::mkldnn_convolution,1909.0
layer2.3.conv2,conv3x3,5,aten::empty,0.4
layer2.3.conv2,conv3x3,5,aten::empty,2.7
layer2.3.conv2,conv3x3,5,aten::as_strided_,1.6
layer2.3.conv2,conv3x3,5,aten::resize_,0.4
layer2.3.bn2,batchnorm,1,aten::batch_norm,1.7
layer2.3.bn2,batchnorm,2,aten::_batch_norm_impl_index,3.4
layer2.3.bn2,batchnorm,3,aten::empty,0.6
layer2.3.bn2,batchnorm,3,aten::native_batch_norm,29.6
layer2.3.bn2,batchnorm,4,aten::empty_like,0.9
layer2.3.bn2,batchnorm,5,aten::empty,1.7
layer2.3.bn2,batchnorm,4,aten::empty,0.3
layer2.3.bn2,batchnorm,4,aten::empty,0.3
layer2.3.bn2,batchnorm,4,aten::empty,0.6
layer2.3.bn2,batchnorm,4,aten::empty,0.7
layer2.3.relu2,relu,1,aten::relu_,0.9
layer2.3.relu2,relu,2,aten::clamp_min_,13.1
layer2.3.conv3,conv1x1,1,aten::conv2d,2.3
layer2.3.conv3,conv1x1,2,aten::convolution,2.5
layer2.3.conv3,conv1x1,3,aten::_convolution,3.8
layer2.3.conv3,conv1x1,4,aten::_nnpack_available,0.1
layer2.3.conv3,conv1x1,4,aten::thnn_conv2d,1.9
layer2.3.conv3,conv1x1,5,aten::_slow_conv2d_forward,830.7
layer2.3.conv3,conv1x1,6,aten::empty,0.4
layer2.3.conv3,conv1x1,6,aten::view,5.4
layer2.3.conv3,conv1x1,6,aten::view,0.3
layer2.3.conv3,conv1x1,6,aten::detach,0.4
layer2.3.conv3,conv1x1,6,aten::resize_,0.7
layer2.3.bn3,batchnorm,1,aten::batch_norm,1.6
layer2.3.bn3,batchnorm,2,aten::_batch_norm_impl_index,3.7
layer2.3.bn3,batchnorm,3,aten::empty,0.7
layer2.3.bn3,batchnorm,3,aten::native_batch_norm,158.8
layer2.3.bn3,batchnorm,4,aten::empty_like,1.0
layer2.3.bn3,batchnorm,5,aten::empty,1.5
layer2.3.bn3,batchnorm,4,aten::empty,0.3
layer2.3.bn3,batchnorm,4,aten::empty,0.6
layer2.3.bn3,batchnorm,4,aten::empty,0.7
layer2.3.bn3,batchnorm,4,aten::empty,0.6
layer2.3.add,add,1,aten::add_,150.6
layer2.3.relu3,relu,1,aten::relu_,2.3
layer2.3.relu3,relu,2,aten::clamp_min_,73.9
layer3.0.conv1,conv1x1,1,aten::conv2d,2.4
layer3.0.conv1,conv1x1,2,aten::convolution,2.7
layer3.0.conv1,conv1x1,3,aten::_convolution,3.7
layer3.0.conv1,conv1x1,4,aten::_nnpack_available,0.1
layer3.0.conv1,conv1x1,4,aten::thnn_conv2d,2.1
layer3.0.conv1,conv1x1,5,aten::_slow_conv2d_forward,1729.9
layer3.0.conv1,conv1x1,6,aten::empty,0.6
layer3.0.conv1,conv1x1,6,aten::view,1.7
layer3.0.conv1,conv1x1,6,aten::view,0.3
layer3.0.conv1,conv1x1,6,aten::detach,0.4
layer3.0.conv1,conv1x1,6,aten::resize_,0.8
layer3.0.bn1,batchnorm,1,aten::batch_norm,1.5
layer3.0.bn1,batchnorm,2,aten::_batch_norm_impl_index,3.6
layer3.0.bn1,batchnorm,3,aten::empty,0.7
layer3.0.bn1,batchnorm,3,aten::native_batch_norm,71.4
layer3.0.bn1,batchnorm,4,aten::empty_like,1.3
layer3.0.bn1,batchnorm,5,aten::empty,0.9
layer3.0.bn1,batchnorm,4,aten::empty,0.2
layer3.0.bn1,batchnorm,4,aten::empty,0.4
layer3.0.bn1,batchnorm,4,aten::empty,0.4
layer3.0.bn1,batchnorm,4,aten::empty,0.4
layer3.0.relu1,relu,1,aten::relu_,0.9
layer3.0.relu1,relu,2,aten::clamp_min_,27.4
layer3.0.conv2,conv3x3,1,aten::conv2d,2.1
layer3.0.conv2,conv3x3,2,aten::convolution,2.1
layer3.0.conv2,conv3x3,3,aten::_convolution,3.7
layer3.0.conv2,conv3x3,4,aten::mkldnn_convolution,2175.0
layer3.0.conv2,conv3x3,5,aten::empty,0.6
layer3.0.conv2,conv3x3,5,aten::empty,3.0
layer3.0.conv2,conv3x3,5,aten::as_strided_,1.8
layer3.0.conv2,conv3x3,5,aten::resize_,0.4
layer3.0.bn2,batchnorm,1,aten::batch_norm,1.7
layer3.0.bn2,batchnorm,2,aten::_batch_norm_impl_index,3.5
layer3.0.bn2,batchnorm,3,aten::empty,0.5
layer3.0.bn2,batchnorm,3,aten::native_batch_norm,19.0
layer3.0.bn2,batchnorm,4,aten::empty_like,0.9
layer3.0.bn2,batchnorm,5,aten::empty,1.9
layer3.0.bn2,batchnorm,4,aten::empty,0.3
layer3.0.bn2,batchnorm,4,aten::empty,0.2
layer3.0.bn2,batchnorm,4,aten::empty,0.4
layer3.0.bn2,batchnorm,4,aten::empty,0.5
layer3.0.relu2,relu,1,aten::relu_,1.0
layer3.0.relu2,relu,2,aten::clamp_min_,7.3
layer3.0.conv3,conv1x1,1,aten::conv2d,2.3
layer3.0.conv3,conv1x1,2,aten::convolution,2.7
layer3.0.conv3,conv1x1,3,aten::_convolution,3.9
layer3.0.conv3,conv1x1,4,aten::_nnpack_available,0.1
layer3.0.conv3,conv1x1,4,aten::thnn_conv2d,2.3
layer3.0.conv3,conv1x1,5,aten::_slow_conv2d_forward,960.0
layer3.0.conv3,conv1x1,6,aten::empty,0.3
layer3.0.conv3,conv1x1,6,aten::view,1.9
layer3.0.conv3,conv1x1,6,aten::view,0.2
layer3.0.conv3,conv1x1,6,aten::detach,0.5
layer3.0.conv3,conv1x1,6,aten::resize_,0.7
layer3.0.bn3,batchnorm,1,aten::batch_norm,1.5
layer3.0.bn3,batchnorm,2,aten::_batch_norm_impl_index,3.5
layer3.0.bn3,batchnorm,3,aten::empty,0.7
layer3.0.bn3,batchnorm,3,aten::native_batch_norm,79.5
layer3.0.bn3,batchnorm,4,aten::empty_like,1.1
layer3.0.bn3,batchnorm,5,aten::empty,1.4
layer3.0.bn3,batchnorm,4,aten::empty,0.3
layer3.0.bn3,batchnorm,4,aten::empty,0.2
layer3.0.bn3,batchnorm,4,aten::empty,0.7
layer3.0.bn3,batchnorm,4,aten::empty,0.6
layer3.0.downsample.0,conv1x1,1,aten::conv2d,2.4
layer3.0.downsample.0,conv1x1,2,aten::convolution,2.2
layer3.0.downsample.0,conv1x1,3,aten::_convolution,3.3
layer3.0.downsample.0,conv1x1,4,aten::mkldnn_convolution,2207.8
layer3.0.downsample.0,conv1x1,5,aten::empty,0.5
layer3.0.downsample.0,conv1x1,5,aten::empty,3.2
layer3.0.downsample.0,conv1x1,5,aten::as_strided_,1.9
layer3.0.downsample.0,conv1x1,5,aten::resize_,0.4
layer3.0.downsample.1,batchnorm,1,aten::batch_norm,1.6
layer3.0.downsample.1,batchnorm,2,aten::_batch_norm_impl_index,3.5
layer3.0.downsample.1,batchnorm,3,aten::empty,0.8
layer3.0.downsample.1,batchnorm,3,aten::native_batch_norm,68.5
layer3.0.downsample.1,batchnorm,4,aten::empty_like,0.9
layer3.0.downsample.1,batchnorm,5,aten::empty,2.2
layer3.0.downsample.1,batchnorm,4,aten::empty,0.2
layer3.0.downsample.1,batchnorm,4,aten::empty,0.3
layer3.0.downsample.1,batchnorm,4,aten::empty,0.8
layer3.0.downsample.1,batchnorm,4,aten::empty,0.7
layer3.0.add,add,1,aten::add_,63.9
layer3.0.relu3,relu,1,aten::relu_,1.2
layer3.0.relu3,relu,2,aten::clamp_min_,27.8
layer3.1.conv1,conv1x1,1,aten::conv2d,2.1
layer3.1.conv1,conv1x1,2,aten::convolution,2.7
layer3.1.conv1,conv1x1,3,aten::_convolution,4.0
layer3.1.conv1,conv1x1,4,aten::_nnpack_available,0.1
layer3.1.conv1,conv1x1,4,aten::thnn_conv2d,2.2
layer3.1.conv1,conv1x1,5,aten::_slow_conv2d_forward,1015.1
layer3.1.conv1,conv1x1,6,aten::empty,0.5
layer3.1.conv1,conv1x1,6,aten::view,2.1
layer3.1.conv1,conv1x1,6,aten::view,0.3
layer3.1.conv1,conv1x1,6,aten::detach,0.6
layer3.1.conv1,conv1x1,6,aten::resize_,0.8
layer3.1.bn1,batchnorm,1,aten::batch_norm,1.4
layer3.1.bn1,batchnorm,2,aten::_batch_norm_impl_index,3.6
layer3.1.bn1,batchnorm,3,aten::empty,0.6
layer3.1.bn1,batchnorm,3,aten::native_batch_norm,20.3
layer3.1.bn1,batchnorm,4,aten::empty_like,1.1
layer3.1.bn1,batchnorm,5,aten::empty,1.0
layer3.1.bn1,batchnorm,4,aten::empty,0.2
layer3.1.bn1,batchnorm,4,aten::empty,0.3
layer3.1.bn1,batchnorm,4,aten::empty,0.4
layer3.1.bn1,batchnorm,4,aten::empty,0.4
layer3.1.relu1,relu,1,aten::relu_,1.0
layer3.1.relu1,relu,2,aten::clamp_min_,7.0
layer3.1.conv2,conv3x3,1,aten::conv2d,2.3
layer3.1.conv2,conv3x3,2,aten::convolution,2.0
layer3.1.conv2,conv3x3,3,aten::_convolution,3.8
layer3.1.conv2,conv3x3,4,aten::mkldnn_convolution,2030.7
layer3.1.conv2,conv3x3,5,aten::empty,0.4
layer3.1.conv2,conv3x3,5,aten::empty,2.8
layer3.1.conv2,conv3x3,5,aten::as_strided_,1.7
layer3.1.conv2,conv3x3,5,aten::resize_,0.4
layer3.1.bn2,batchnorm,1,aten::batch_norm,1.7
layer3.1.bn2,batchnorm,2,aten::_batch_norm_impl_index,3.5
layer3.1.bn2,batchnorm,3,aten::empty,0.6
layer3.1.bn2,batchnorm,3,aten::native_batch_norm,18.8
layer3.1.bn2,batchnorm,4,aten::empty_like,1.7
layer3.1.bn2,batchnorm,5,aten::empty,1.4
layer3.1.bn2,batchnorm,4,aten::empty,0.3
layer3.1.bn2,batchnorm,4,aten::empty,0.2
layer3.1.bn2,batchnorm,4,aten::empty,0.6
layer3.1.bn2,batchnorm,4,aten::empty,0.6
layer3.1.relu2,relu,1,aten::relu_,1.0
layer3.1.relu2,relu,2,aten::clamp_min_,7.2
layer3.1.conv3,conv1x1,1,aten::conv2d,2.1
layer3.1.conv3,conv1x1,2,aten::convolution,3.8
layer3.1.conv3,conv1x1,3,aten::_convolution,3.6
layer3.1.conv3,conv1x1,4,aten::_nnpack_available,0.1
layer3.1.conv3,conv1x1,4,aten::thnn_conv2d,2.4
layer3.1.conv3,conv1x1,5,aten::_slow_conv2d_forward,956.2
layer3.1.conv3,conv1x1,6,aten::empty,0.4
layer3.1.conv3,conv1x1,6,aten::view,2.0
layer3.1.conv3,conv1x1,6,aten::view,0.3
layer3.1.conv3,conv1x1,6,aten::detach,0.5
layer3.1.conv3,conv1x1,6,aten::resize_,0.7
layer3.1.bn3,batchnorm,1,aten::batch_norm,1.6
layer3.1.bn3,batchnorm,2,aten::_batch_norm_impl_index,3.7
layer3.1.bn3,batchnorm,3,aten::empty,0.8
layer3.1.bn3,batchnorm,3,aten::native_batch_norm,76.7
layer3.1.bn3,batchnorm,4,aten::empty_like,1.0
layer3.1.bn3,batchnorm,5,aten::empty,1.2
layer3.1.bn3,batchnorm,4,aten::empty,0.2
layer3.1.bn3,batchnorm,4,aten::empty,0.4
layer3.1.bn3,batchnorm,4,aten::empty,0.7
layer3.1.bn3,batchnorm,4,aten::empty,0.8
layer3.1.add,add,1,aten::add_,62.1
layer3.1.relu3,relu,1,aten::relu_,1.3
layer3.1.relu3,relu,2,aten::clamp_min_,27.2
layer3.2.conv1,conv1x1,1,aten::conv2d,4.2
layer3.2.conv1,conv1x1,2,aten::convolution,2.9
layer3.2.conv1,conv1x1,3,aten::_convolution,3.7
layer3.2.conv1,conv1x1,4,aten::_nnpack_available,0.1
layer3.2.conv1,conv1x1,4,aten::thnn_conv2d,2.1
layer3.2.conv1,conv1x1,5,aten::_slow_conv2d_forward,1001.1
layer3.2.conv1,conv1x1,6,aten::empty,0.6
layer3.2.conv1,conv1x1,6,aten::view,1.4
layer3.2.conv1,conv1x1,6,aten::view,0.2
layer3.2.conv1,conv1x1,6,aten::detach,0.5
layer3.2.conv1,conv1x1,6,aten::resize_,0.7
layer3.2.bn1,batchnorm,1,aten::batch_norm,1.4
layer3.2.bn1,batchnorm,2,aten::_batch_norm_impl_index,3.7
layer3.2.bn1,batchnorm,3,aten::empty,0.8
layer3.2.bn1,batchnorm,3,aten::native_batch_norm,20.0
layer3.2.bn1,batchnorm,4,aten::empty_like,1.0
layer3.2.bn1,batchnorm,5,aten::empty,0.8
layer3.2.bn1,batchnorm,4,aten::empty,0.3
layer3.2.bn1,batchnorm,4,aten::empty,0.5
layer3.2.bn1,batchnorm,4,aten::empty,0.4
layer3.2.bn1,batchnorm,4,aten::empty,0.6
layer3.2.relu1,relu,1,aten::relu_,0.8
layer3.2.relu1,relu,2,aten::clamp_min_,10.2
layer3.2.conv2,conv3x3,1,aten::conv2d,2.0
layer3.2.conv2,conv3x3,2,aten::convolution,2.1
layer3.2.conv2,conv3x3,3,aten::_convolution,3.6
layer3.2.conv2,conv3x3,4,aten::mkldnn_convolution,2029.3
layer3.2.conv2,conv3x3,5,aten::empty,0.4
layer3.2.conv2,conv3x3,5,aten::empty,3.1
layer3.2.conv2,conv3x3,5,aten::as_strided_,1.8
layer3.2.conv2,conv3x3,5,aten::resize_,0.3
layer3.2.bn2,batchnorm,1,aten::batch_norm,1.6
layer3.2.bn2,batchnorm,2,aten::_batch_norm_impl_index,3.5
layer3.2.bn2,batchnorm,3,aten::empty,0.5
layer3.2.bn2,batchnorm,3,aten::native_batch_norm,18.9
layer3.2.bn2,batchnorm,4,aten::empty_like,1.0
layer3.2.bn2,batchnorm,5,aten::empty,1.9
layer3.2.bn2,batchnorm,4,aten::empty,0.2
layer3.2.bn2,batchnorm,4,aten::empty,0.2
layer3.2.bn2,batchnorm,4,aten::empty,0.5
layer3.2.bn2,batchnorm,4,aten::empty,0.5
layer3.2.relu2,relu,1,aten::relu_,1.0
layer3.2.relu2,relu,2,aten::clamp_min_,7.1
layer3.2.conv3,conv1x1,1,aten::conv2d,2.3
layer3.2.conv3,conv1x1,2,aten::convolution,2.5
layer3.2.conv3,conv1x1,3,aten::_convolution,7.0
layer3.2.conv3,conv1x1,4,aten::_nnpack_available,0.2
layer3.2.conv3,conv1x1,4,aten::thnn_conv2d,2.4
layer3.2.conv3,conv1x1,5,aten::_slow_conv2d_forward,955.4
layer3.2.conv3,conv1x1,6,aten::empty,0.4
layer3.2.conv3,conv1x1,6,aten::view,2.0
layer3.2.conv3,conv1x1,6,aten::view,0.3
layer3.2.conv3,conv1x1,6,aten::detach,0.5
layer3.2.conv3,conv1x1,6,aten::resize_,0.8
layer3.2.bn3,batchnorm,1,aten::batch_norm,1.6
layer3.2.bn3,batchnorm,2,aten::_batch_norm_impl_index,4.5
layer3.2.bn3,batchnorm,3,aten::empty,0.7
layer3.2.bn3,batchnorm,3,aten::native_batch_norm,76.9
layer3.2.bn3,batchnorm,4,aten::empty_like,1.0
layer3.2.bn3,batchnorm,5,aten::empty,0.8
layer3.2.bn3,batchnorm,4,aten::empty,0.3
layer3.2.bn3,batchnorm,4,aten::empty,0.3
layer3.2.bn3,batchnorm,4,aten::empty,0.5
layer3.2.bn3,batchnorm,4,aten::empty,0.9
layer3.2.add,add,1,aten::add_,63.4
layer3.2.relu3,relu,1,aten::relu_,1.0
layer3.2.relu3,relu,2,aten::clamp_min_,26.4
layer3.3.conv1,conv1x1,1,aten::conv2d,2.4
layer3.3.conv1,conv1x1,2,aten::convolution,2.1
layer3.3.conv1,conv1x1,3,aten::_convolution,3.8
layer3.3.conv1,conv1x1,4,aten::_nnpack_available,0.2
layer3.3.conv1,conv1x1,4,aten::thnn_conv2d,1.7
layer3.3.conv1,conv1x1,5,aten::_slow_conv2d_forward,990.3
layer3.3.conv1,conv1x1,6,aten::empty,0.5
layer3.3.conv1,conv1x1,6,aten::view,1.7
layer3.3.conv1,conv1x1,6,aten::view,0.3
layer3.3.conv1,conv1x1,6,aten::detach,0.5
layer3.3.conv1,conv1x1,6,aten::resize_,0.7
layer3.3.bn1,batchnorm,1,aten::batch_norm,1.6
layer3.3.bn1,batchnorm,2,aten::_batch_norm_impl_index,3.6
layer3.3.bn1,batchnorm,3,aten::empty,0.7
layer3.3.bn1,batchnorm,3,aten::native_batch_norm,20.7
layer3.3.bn1,batchnorm,4,aten::empty_like,1.4
layer3.3.bn1,batchnorm,5,aten::empty,0.9
layer3.3.bn1,batchnorm,4,aten::empty,0.2
layer3.3.bn1,batchnorm,4,aten::empty,0.3
layer3.3.bn1,batchnorm,4,aten::empty,0.4
layer3.3.bn1,batchnorm,4,aten::empty,0.4
layer3.3.relu1,relu,1,aten::relu_,1.1
layer3.3.relu1,relu,2,aten::clamp_min_,7.0
layer3.3.conv2,conv3x3,1,aten::conv2d,1.9
layer3.3.conv2,conv3x3,2,aten::convolution,2.1
layer3.3.conv2,conv3x3,3,aten::_convolution,3.6
layer3.3.conv2,conv3x3,4,aten::mkldnn_convolution,2023.3
layer3.3.conv2,conv3x3,5,aten::empty,0.5
layer3.3.conv2,conv3x3,5,aten::empty,2.9
layer3.3.conv2,conv3x3,5,aten::as_strided_,1.8
layer3.3.conv2,conv3x3,5,aten::resize_,0.4
layer3.3.bn2,batchnorm,1,aten::batch_norm,1.8
layer3.3.bn2,batchnorm,2,aten::_batch_norm_impl_index,3.5
layer3.3.bn2,batchnorm,3,aten::empty,0.6
layer3.3.bn2,batchnorm,3,aten::native_batch_norm,18.7
layer3.3.bn2,batchnorm,4,aten::empty_like,0.9
layer3.3.bn2,batchnorm,5,aten::empty,1.7
layer3.3.bn2,batchnorm,4,aten::empty,0.3
layer3.3.bn2,batchnorm,4,aten::empty,0.2
layer3.3.bn2,batchnorm,4,aten::empty,0.5
layer3.3.bn2,batchnorm,4,aten::empty,0.5
layer3.3.relu2,relu,1,aten::relu_,0.9
layer3.3.relu2,relu,2,aten::clamp_min_,7.2
layer3.3.conv3,conv1x1,1,aten::conv2d,3.2
layer3.3.conv3,conv1x1,2,aten::convolution,2.5
layer3.3.conv3,conv1x1,3,aten::_convolution,3.7
layer3.3.conv3,conv1x1,4,aten::_nnpack_available,0.1
layer3.3.conv3,conv1x1,4,aten::thnn_conv2d,2.0
layer3.3.conv3,conv1x1,5,aten::_slow_conv2d_forward,959.6
layer3.3.conv3,conv1x1,6,aten::empty,0.4
layer3.3.conv3,conv1x1,6,aten::view,1.8
layer3.3.conv3,conv1x1,6,aten::view,0.3
layer3.3.conv3,conv1x1,6,aten::detach,0.4
layer3.3.conv3,conv1x1,6,aten::resize_,0.6
layer3.3.bn3,batchnorm,1,aten::batch_norm,1.7
layer3.3.bn3,batchnorm,2,aten::_batch_norm_impl_index,3.3
layer3.3.bn3,batchnorm,3,aten::empty,0.7
layer3.3.bn3,batchnorm,3,aten::native_batch_norm,80.7
layer3.3.bn3,batchnorm,4,aten::empty_like,1.0
layer3.3.bn3,batchnorm,5,aten::empty,1.1
layer3.3.bn3,batchnorm,4,aten::empty,0.3
layer3.3.bn3,batchnorm,4,aten::empty,0.3
layer3.3.bn3,batchnorm,4,aten::empty,0.7
layer3.3.bn3,batchnorm,4,aten::empty,1.0
layer3.3.add,add,1,aten::add_,60.3
layer3.3.relu3,relu,1,aten::relu_,0.9
layer3.3.relu3,relu,2,aten::clamp_min_,29.1
layer3.4.conv1,conv1x1,1,aten::conv2d,2.0
layer3.4.conv1,conv1x1,2,aten::convolution,2.6
layer3.4.conv1,conv1x1,3,aten::_convolution,3.8
layer3.4.conv1,conv1x1,4,aten::_nnpack_available,0.2
layer3.4.conv1,conv1x1,4,aten::thnn_conv2d,1.9
layer3.4.conv1,conv1x1,5,aten::_slow_conv2d_forward,1000.0
layer3.4.conv1,conv1x1,6,aten::empty,0.6
layer3.4.conv1,conv1x1,6,aten::view,1.5
layer3.4.conv1,conv1x1,6,aten::view,0.3
layer3.4.conv1,conv1x1,6,aten::detach,0.5
layer3.4.conv1,conv1x1,6,aten::resize_,0.9
layer3.4.bn1,batchnorm,1,aten::batch_norm,1.5
layer3.4.bn1,batchnorm,2,aten::_batch_norm_impl_index,3.3
layer3.4.bn1,batchnorm,3,aten::empty,0.7
layer3.4.bn1,batchnorm,3,aten::native_batch_norm,19.8
layer3.4.bn1,batchnorm,4,aten::empty_like,1.2
layer3.4.bn1,batchnorm,5,aten::empty,0.9
layer3.4.bn1,batchnorm,4,aten::empty,0.2
layer3.4.bn1,batchnorm,4,aten::empty,0.6
layer3.4.bn1,batchnorm,4,aten::empty,0.4
layer3.4.bn1,batchnorm,4,aten::empty,0.4
layer3.4.relu1,relu,1,aten::relu_,1.0
layer3.4.relu1,relu,2,aten::clamp_min_,7.0
layer3.4.conv2,conv3x3,1,aten::conv2d,1.9
layer3.4.conv2,conv3x3,2,aten::convolution,2.3
layer3.4.conv2,conv3x3,3,aten::_convolution,3.4
layer3.4.conv2,conv3x3,4,aten::mkldnn_convolution,2028.4
layer3.4.conv2,conv3x3,5,aten::empty,0.5
layer3.4.conv2,conv3x3,5,aten::empty,2.9
layer3.4.conv2,conv3x3,5,aten::as_strided_,1.8
layer3.4.conv2,conv3x3,5,aten::resize_,0.4
layer3.4.bn2,batchnorm,1,aten::batch_norm,1.6
layer3.4.bn2,batchnorm,2,aten::_batch_norm_impl_index,3.4
layer3.4.bn2,batchnorm,3,aten::empty,0.6
layer3.4.bn2,batchnorm,3,aten::native_batch_norm,18.6
layer3.4.bn2,batchnorm,4,aten::empty_like,1.6
layer3.4.bn2,batchnorm,5,aten::empty,1.2
layer3.4.bn2,batchnorm,4,aten::empty,0.3
layer3.4.bn2,batchnorm,4,aten::empty,0.2
layer3.4.bn2,batchnorm,4,aten::empty,0.6
layer3.4.bn2,batchnorm,4,aten::empty,0.3
layer3.4.relu2,relu,1,aten::relu_,0.9
layer3.4.relu2,relu,2,aten::clamp_min_,7.2
layer3.4.conv3,conv1x1,1,aten::conv2d,2.3
layer3.4.conv3,conv1x1,2,aten::convolution,2.2
layer3.4.conv3,conv1x1,3,aten::_convolution,3.8
layer3.4.conv3,conv1x1,4,aten::_nnpack_available,0.2
layer3.4.conv3,conv1x1,4,aten::thnn_conv2d,2.2
layer3.4.conv3,conv1x1,5,aten::_slow_conv2d_forward,955.8
layer3.4.conv3,conv1x1,6,aten::empty,0.4
layer3.4.conv3,conv1x1,6,aten::view,1.9
layer3.4.conv3,conv1x1,6,aten::view,0.3
layer3.4.conv3,conv1x1,6,aten::detach,0.3
layer3.4.conv3,conv1x1,6,aten::resize_,1.0
layer3.4.bn3,batchnorm,1,aten::batch_norm,1.5
layer3.4.bn3,batchnorm,2,aten::_batch_norm_impl_index,3.5
layer3.4.bn3,batchnorm,3,aten::empty,0.8
layer3.4.bn3,batchnorm,3,aten::native_batch_norm,77.5
layer3.4.bn3,batchnorm,4,aten::empty_like,1.2
layer3.4.bn3,batchnorm,5,aten::empty,1.1
layer3.4.bn3,batchnorm,4,aten::empty,0.2
layer3.4.bn3,batchnorm,4,aten::empty,0.3
layer3.4.bn3,batchnorm,4,aten::empty,0.6
layer3.4.bn3,batchnorm,4,aten::empty,0.9
layer3.4.add,add,1,aten::add_,64.2
layer3.4.relu3,relu,1,aten::relu_,1.1
layer3.4.relu3,relu,2,aten::clamp_min_,27.4
layer3.5.conv1,conv1x1,1,aten::conv2d,2.3
layer3.5.conv1,conv1x1,2,aten::convolution,2.1
layer3.5.conv1,conv1x1,3,aten::_convolution,3.6
layer3.5.conv1,conv1x1,4,aten::_nnpack_available,0.1
layer3.5.conv1,conv1x1,4,aten::thnn_conv2d,2.0
layer3.5.conv1,conv1x1,5,aten::_slow_conv2d_forward,1009.8
layer3.5.conv1,conv1x1,6,aten::empty,0.6
layer3.5.conv1,conv1x1,6,aten::view,1.5
layer3.5.conv1,conv1x1,6,aten::view,0.3
layer3.5.conv1,conv1x1,6,aten::detach,0.4
layer3.5.conv1,conv1x1,6,aten::resize_,0.9
layer3.5.bn1,batchnorm,1,aten::batch_norm,1.5
layer3.5.bn1,batchnorm,2,aten::_batch_norm_impl_index,3.5
layer3.5.bn1,batchnorm,3,aten::empty,0.8
layer3.5.bn1,batchnorm,3,aten::native_batch_norm,21.2
layer3.5.bn1,batchnorm,4,aten::empty_like,1.3
layer3.5.bn1,batchnorm,5,aten::empty,0.9
layer3.5.bn1,batchnorm,4,aten::empty,0.5
layer3.5.bn1,batchnorm,4,aten::empty,0.6
layer3.5.bn1,batchnorm,4,aten::empty,0.4
layer3.5.bn1,batchnorm,4,aten::empty,0.5
layer3.5.relu1,relu,1,aten::relu_,0.8
layer3.5.relu1,relu,2,aten::clamp_min_,7.1
layer3.5.conv2,conv3x3,1,aten::conv2d,1.9
layer3.5.conv2,conv3x3,2,aten::convolution,2.7
layer3.5.conv2,conv3x3,3,aten::_convolution,3.6
layer3.5.conv2,conv3x3,4,aten::mkldnn_convolution,2031.4
layer3.5.conv2,conv3x3,5,aten::empty,0.5
layer3.5.conv2,conv3x3,5,aten::empty,3.2
layer3.5.conv2,conv3x3,5,aten::as_strided_,1.7
layer3.5.conv2,conv3x3,5,aten::resize_,0.4
layer3.5.bn2,batchnorm,1,aten::batch_norm,1.7
layer3.5.bn2,batchnorm,2,aten::_batch_norm_impl_index,3.5
layer3.5.bn2,batchnorm,3,aten::empty,0.6
layer3.5.bn2,batchnorm,3,aten::native_batch_norm,19.1
layer3.5.bn2,batchnorm,4,aten::empty_like,1.2
layer3.5.bn2,batchnorm,5,aten::empty,1.9
layer3.5.bn2,batchnorm,4,aten::empty,0.2
layer3.5.bn2,batchnorm,4,aten::empty,0.2
layer3.5.bn2,batchnorm,4,aten::empty,0.6
layer3.5.bn2,batchnorm,4,aten::empty,0.5
layer3.5.relu2,relu,1,aten::relu_,0.9
layer3.5.relu2,relu,2,aten::clamp_min_,7.3
layer3.5.conv3,conv1x1,1,aten::conv2d,2.3
layer3.5.conv3,conv1x1,2,aten::convolution,2.2
layer3.5.conv3,conv1x1,3,aten::_convolution,3.8
layer3.5.conv3,conv1x1,4,aten::_nnpack_available,0.1
layer3.5.conv3,conv1x1,4,aten::thnn_conv2d,2.2
layer3.5.conv3,conv1x1,5,aten::_slow_conv2d_forward,958.0
layer3.5.conv3,conv1x1,6,aten::empty,0.3
layer3.5.conv3,conv1x1,6,aten::view,2.0
layer3.5.conv3,conv1x1,6,aten::view,0.3
layer3.5.conv3,conv1x1,6,aten::detach,0.4
layer3.5.conv3,conv1x1,6,aten::resize_,0.7
layer3.5.bn3,batchnorm,1,aten::batch_norm,1.6
layer3.5.bn3,batchnorm,2,aten::_batch_norm_impl_index,3.8
layer3.5.bn3,batchnorm,3,aten::empty,0.7
layer3.5.bn3,batchnorm,3,aten::native_batch_norm,84.9
layer3.5.bn3,batchnorm,4,aten::empty_like,1.0
layer3.5.bn3,batchnorm,5,aten::empty,1.4
layer3.5.bn3,batchnorm,4,aten::empty,0.3
layer3.5.bn3,batchnorm,4,aten::empty,0.3
layer3.5.bn3,batchnorm,4,aten::empty,0.6
layer3.5.bn3,batchnorm,4,aten::empty,0.6
layer3.5.add,add,1,aten::add_,62.2
layer3.5.relu3,relu,1,aten::relu_,1.0
layer3.5.relu3,relu,2,aten::clamp_min_,27.0
layer4.0.conv1,conv1x1,1,aten::conv2d,1.9
layer4.0.conv1,conv1x1,2,aten::convolution,2.6
layer4.0.conv1,conv1x1,3,aten::_convolution,4.0
layer4.0.conv1,conv1x1,4,aten::_nnpack_available,0.1
layer4.0.conv1,conv1x1,4,aten::thnn_conv2d,2.0
layer4.0.conv1,conv1x1,5,aten::_slow_conv2d_forward,1961.6
layer4.0.conv1,conv1x1,6,aten::empty,0.6
layer4.0.conv1,conv1x1,6,aten::view,1.3
layer4.0.conv1,conv1x1,6,aten::view,0.2
layer4.0.conv1,conv1x1,6,aten::detach,0.4
layer4.0.conv1,conv1x1,6,aten::resize_,0.8
layer4.0.bn1,batchnorm,1,aten::batch_norm,1.6
layer4.0.bn1,batchnorm,2,aten::_batch_norm_impl_index,3.7
layer4.0.bn1,batchnorm,3,aten::empty,0.9
layer4.0.bn1,batchnorm,3,aten::native_batch_norm,39.5
layer4.0.bn1,batchnorm,4,aten::empty_like,1.3
layer4.0.bn1,batchnorm,5,aten::empty,1.0
layer4.0.bn1,batchnorm,4,aten::empty,0.2
layer4.0.bn1,batchnorm,4,aten::empty,0.3
layer4.0.bn1,batchnorm,4,aten::empty,0.8
layer4.0.bn1,batchnorm,4,aten::empty,0.9
layer4.0.relu1,relu,1,aten::relu_,0.9
layer4.0.relu1,relu,2,aten::clamp_min_,13.4
layer4.0.conv2,conv3x3,1,aten::conv2d,2.5
layer4.0.conv2,conv3x3,2,aten::convolution,2.3
layer4.0.conv2,conv3x3,3,aten::_convolution,3.3
layer4.0.conv2,conv3x3,4,aten::mkldnn_convolution,3416.2
layer4.0.conv2,conv3x3,5,aten::empty,0.5
layer4.0.conv2,conv3x3,5,aten::empty,3.5
layer4.0.conv2,conv3x3,5,aten::as_strided_,1.9
layer4.0.conv2,conv3x3,5,aten::resize_,0.4
layer4.0.bn2,batchnorm,1,aten::batch_norm,1.8
layer4.0.bn2,batchnorm,2,aten::_batch_norm_impl_index,3.8
layer4.0.bn2,batchnorm,3,aten::empty,0.7
layer4.0.bn2,batchnorm,3,aten::native_batch_norm,16.4
layer4.0.bn2,batchnorm,4,aten::empty_like,1.0
layer4.0.bn2,batchnorm,5,aten::empty,1.8
layer4.0.bn2,batchnorm,4,aten::empty,0.3
layer4.0.bn2,batchnorm,4,aten::empty,0.2
layer4.0.bn2,batchnorm,4,aten::empty,0.8
layer4.0.bn2,batchnorm,4,aten::empty,0.6
layer4.0.relu2,relu,1,aten::relu_,1.0
layer4.0.relu2,relu,2,aten::clamp_min_,4.5
layer4.0.conv3,conv1x1,1,aten::conv2d,2.4
layer4.0.conv3,conv1x1,2,aten::convolution,2.7
layer4.0.conv3,conv1x1,3,aten::_convolution,4.4
layer4.0.conv3,conv1x1,4,aten::_nnpack_available,0.1
layer4.0.conv3,conv1x1,4,aten::thnn_conv2d,2.5
layer4.0.conv3,conv1x1,5,aten::_slow_conv2d_forward,1279.2
layer4.0.conv3,conv1x1,6,aten::empty,0.5
layer4.0.conv3,conv1x1,6,aten::view,2.1
layer4.0.conv3,conv1x1,6,aten::view,0.5
layer4.0.conv3,conv1x1,6,aten::detach,0.6
layer4.0.conv3,conv1x1,6,aten::resize_,1.1
layer4.0.bn3,batchnorm,1,aten::batch_norm,1.9
layer4.0.bn3,batchnorm,2,aten::_batch_norm_impl_index,4.0
layer4.0.bn3,batchnorm,3,aten::empty,0.8
layer4.0.bn3,batchnorm,3,aten::native_batch_norm,47.1
layer4.0.bn3,batchnorm,4,aten::empty_like,1.4
layer4.0.bn3,batchnorm,5,aten::empty,1.2
layer4.0.bn3,batchnorm,4,aten::empty,0.6
layer4.0.bn3,batchnorm,4,aten::empty,0.3
layer4.0.bn3,batchnorm,4,aten::empty,0.8
layer4.0.bn3,batchnorm,4,aten::empty,0.9
layer4.0.downsample.0,conv1x1,1,aten::conv2d,2.5
layer4.0.downsample.0,conv1x1,2,aten::convolution,2.3
layer4.0.downsample.0,conv1x1,3,aten::_convolution,4.0
layer4.0.downsample.0,conv1x1,4,aten::mkldnn_convolution,2905.4
layer4.0.downsample.0,conv1x1,5,aten::empty,0.4
layer4.0.downsample.0,conv1x1,5,aten::empty,3.6
layer4.0.downsample.0,conv1x1,5,aten::as_strided_,2.0
layer4.0.downsample.0,conv1x1,5,aten::resize_,0.4
layer4.0.downsample.1,batchnorm,1,aten::batch_norm,1.8
layer4.0.downsample.1,batchnorm,2,aten::_batch_norm_impl_index,7.3
layer4.0.downsample.1,batchnorm,3,aten::empty,0.7
layer4.0.downsample.1,batchnorm,3,aten::native_batch_norm,48.1
layer4.0.downsample.1,batchnorm,4,aten::empty_like,1.1
layer4.0.downsample.1,batchnorm,5,aten::empty,0.9
layer4.0.downsample.1,batchnorm,4,aten::empty,0.2
layer4.0.downsample.1,batchnorm,4,aten::empty,0.3
layer4.0.downsample.1,batchnorm,4,aten::empty,0.7
layer4.0.downsample.1,batchnorm,4,aten::empty,0.7
layer4.0.add,add,1,aten::add_,29.5
layer4.0.relu3,relu,1,aten::relu_,1.0
layer4.0.relu3,relu,2,aten::clamp_min_,13.2
layer4.1.conv1,conv1x1,1,aten::conv2d,3.2
layer4.1.conv1,conv1x1,2,aten::convolution,2.8
layer4.1.conv1,conv1x1,3,aten::_convolution,4.8
layer4.1.conv1,conv1x1,4,aten::_nnpack_available,0.2
layer4.1.conv1,conv1x1,4,aten::thnn_conv2d,2.8
layer4.1.conv1,conv1x1,5,aten::_slow_conv2d_forward,1218.9
layer4.1.conv1,conv1x1,6,aten::empty,0.5
layer4.1.conv1,conv1x1,6,aten::view,2.3
layer4.1.conv1,conv1x1,6,aten::view,0.4
layer4.1.conv1,conv1x1,6,aten::detach,0.8
layer4.1.conv1,conv1x1,6,aten::resize_,1.0
layer4.1.bn1,batchnorm,1,aten::batch_norm,1.7
layer4.1.bn1,batchnorm,2,aten::_batch_norm_impl_index,4.2
layer4.1.bn1,batchnorm,3,aten::empty,0.8
layer4.1.bn1,batchnorm,3,aten::native_batch_norm,17.0
layer4.1.bn1,batchnorm,4,aten::empty_like,1.7
layer4.1.bn1,batchnorm,5,aten::empty,0.9
layer4.1.bn1,batchnorm,4,aten::empty,0.3
layer4.1.bn1,batchnorm,4,aten::empty,0.4
layer4.1.bn1,batchnorm,4,aten::empty,0.8
layer4.1.bn1,batchnorm,4,aten::empty,0.7
layer4.1.relu1,relu,1,aten::relu_,0.9
layer4.1.relu1,relu,2,aten::clamp_min_,4.3
layer4.1.conv2,conv3x3,1,aten::conv2d,2.5
layer4.1.conv2,conv3x3,2,aten::convolution,2.1
layer4.1.conv2,conv3x3,3,aten::_convolution,3.8
layer4.1.conv2,conv3x3,4,aten::mkldnn_convolution,3161.8
layer4.1.conv2,conv3x3,5,aten::empty,0.4
layer4.1.conv2,conv3x3,5,aten::empty,3.3
layer4.1.conv2,conv3x3,5,aten::as_strided_,1.9
layer4.1.conv2,conv3x3,5,aten::resize_,0.4
layer4.1.bn2,batchnorm,1,aten::batch_norm,1.7
layer4.1.bn2,batchnorm,2,aten::_batch_norm_impl_index,3.7
layer4.1.bn2,batchnorm,3,aten::empty,0.7
layer4.1.bn2,batchnorm,3,aten::native_batch_norm,15.8
layer4.1.bn2,batchnorm,4,aten::empty_like,1.9
layer4.1.bn2,batchnorm,5,aten::empty,1.4
layer4.1.bn2,batchnorm,4,aten::empty,0.3
layer4.1.bn2,batchnorm,4,aten::empty,0.2
layer4.1.bn2,batchnorm,4,aten::empty,0.9
layer4.1.bn2,batchnorm,4,aten::empty,0.7
layer4.1.relu2,relu,1,aten::relu_,0.9
layer4.1.relu2,relu,2,aten::clamp_min_,4.4
layer4.1.conv3,conv1x1,1,aten::conv2d,2.3
layer4.1.conv3,conv1x1,2,aten::convolution,2.4
layer4.1.conv3,conv1x1,3,aten::_convolution,4.3
layer4.1.conv3,conv1x1,4,aten::_nnpack_available,0.1
layer4.1.conv3,conv1x1,4,aten::thnn_conv2d,2.4
layer4.1.conv3,conv1x1,5,aten::_slow_conv2d_forward,1260.9
layer4.1.conv3,conv1x1,6,aten::empty,0.3
layer4.1.conv3,conv1x1,6,aten::view,2.0
layer4.1.conv3,conv1x1,6,aten::view,0.4
layer4.1.conv3,conv1x1,6,aten::detach,0.6
layer4.1.conv3,conv1x1,6,aten::resize_,0.8
layer4.1.bn3,batchnorm,1,aten::batch_norm,1.7
layer4.1.bn3,batchnorm,2,aten::_batch_norm_impl_index,3.7
layer4.1.bn3,batchnorm,3,aten::empty,0.8
layer4.1.bn3,batchnorm,3,aten::native_batch_norm,48.2
layer4.1.bn3,batchnorm,4,aten::empty_like,1.1
layer4.1.bn3,batchnorm,5,aten::empty,1.1
layer4.1.bn3,batchnorm,4,aten::empty,0.3
layer4.1.bn3,batchnorm,4,aten::empty,0.3
layer4.1.bn3,batchnorm,4,aten::empty,1.0
layer4.1.bn3,batchnorm,4,aten::empty,0.6
layer4.1.add,add,1,aten::add_,29.1
layer4.1.relu3,relu,1,aten::relu_,0.9
layer4.1.relu3,relu,2,aten::clamp_min_,13.0
layer4.2.conv1,conv1x1,1,aten::conv2d,2.3
layer4.2.conv1,conv1x1,2,aten::convolution,2.3
layer4.2.conv1,conv1x1,3,aten::_convolution,3.8
layer4.2.conv1,conv1x1,4,aten::_nnpack_available,0.2
layer4.2.conv1,conv1x1,4,aten::thnn_conv2d,2.6
layer4.2.conv1,conv1x1,5,aten::_slow_conv2d_forward,1209.9
layer4.2.conv1,conv1x1,6,aten::empty,0.5
layer4.2.conv1,conv1x1,6,aten::view,1.7
layer4.2.conv1,conv1x1,6,aten::view,0.3
layer4.2.conv1,conv1x1,6,aten::detach,0.4
layer4.2.conv1,conv1x1,6,aten::resize_,0.9
layer4.2.bn1,batchnorm,1,aten::batch_norm,1.8
layer4.2.bn1,batchnorm,2,aten::_batch_norm_impl_index,3.7
layer4.2.bn1,batchnorm,3,aten::empty,0.8
layer4.2.bn1,batchnorm,3,aten::native_batch_norm,16.7
layer4.2.bn1,batchnorm,4,aten::empty_like,1.3
layer4.2.bn1,batchnorm,5,aten::empty,0.9
layer4.2.bn1,batchnorm,4,aten::empty,0.2
layer4.2.bn1,batchnorm,4,aten::empty,0.7
layer4.2.bn1,batchnorm,4,aten::empty,0.9
layer4.2.bn1,batchnorm,4,aten::empty,0.6
layer4.2.relu1,relu,1,aten::relu_,1.1
layer4.2.relu1,relu,2,aten::clamp_min_,4.3
layer4.2.conv2,conv3x3,1,aten::conv2d,24.6
layer4.2.conv2,conv3x3,2,aten::convolution,2.6
layer4.2.conv2,conv3x3,3,aten::_convolution,3.6
layer4.2.conv2,conv3x3,4,aten::mkldnn_convolution,3153.9
layer4.2.conv2,conv3x3,5,aten::empty,0.5
layer4.2.conv2,conv3x3,5,aten::empty,3.3
layer4.2.conv2,conv3x3,5,aten::as_strided_,1.7
layer4.2.conv2,conv3x3,5,aten::resize_,0.4
layer4.2.bn2,batchnorm,1,aten::batch_norm,1.7
layer4.2.bn2,batchnorm,2,aten::_batch_norm_impl_index,3.5
layer4.2.bn2,batchnorm,3,aten::empty,0.6
layer4.2.bn2,batchnorm,3,aten::native_batch_norm,16.1
layer4.2.bn2,batchnorm,4,aten::empty_like,1.0
layer4.2.bn2,batchnorm,5,aten::empty,2.3
layer4.2.bn2,batchnorm,4,aten::empty,0.3
layer4.2.bn2,batchnorm,4,aten::empty,0.2
layer4.2.bn2,batchnorm,4,aten::empty,0.6
layer4.2.bn2,batchnorm,4,aten::empty,0.6
layer4.2.relu2,relu,1,aten::relu_,1.0
layer4.2.relu2,relu,2,aten::clamp_min_,4.4
layer4.2.conv3,conv1x1,1,aten::conv2d,2.2
layer4.2.conv3,conv1x1,2,aten::convolution,2.5
layer4.2.conv3,conv1x1,3,aten::_convolution,3.9
layer4.2.conv3,conv1x1,4,aten::_nnpack_available,0.1
layer4.2.conv3,conv1x1,4,aten::thnn_conv2d,2.5
layer4.2.conv3,conv1x1,5,aten::_slow_conv2d_forward,1252.8
layer4.2.conv3,conv1x1,6,aten::empty,0.4
layer4.2.conv3,conv1x1,6,aten::view,1.9
layer4.2.conv3,conv1x1,6,aten::view,0.3
layer4.2.conv3,conv1x1,6,aten::detach,0.5
layer4.2.conv3,conv1x1,6,aten::resize_,0.8
layer4.2.bn3,batchnorm,1,aten::batch_norm,1.7
layer4.2.bn3,batchnorm,2,aten::_batch_norm_impl_index,3.7
layer4.2.bn3,batchnorm,3,aten::empty,0.8
layer4.2.bn3,batchnorm,3,aten::native_batch_norm,46.4
layer4.2.bn3,batchnorm,4,aten::empty_like,1.3
layer4.2.bn3,batchnorm,5,aten::empty,1.1
layer4.2.bn3,batchnorm,4,aten::empty,0.3
layer4.2.bn3,batchnorm,4,aten::empty,0.3
layer4.2.bn3,batchnorm,4,aten::empty,0.7
layer4.2.bn3,batchnorm,4,aten::empty,0.9
layer4.2.add,add,1,aten::add_,28.1
layer4.2.relu3,relu,1,aten::relu_,0.9
layer4.2.relu3,relu,2,aten::clamp_min_,13.0
avgpool,avgpool,1,aten::adaptive_avg_pool2d,12.6
avgpool,avgpool,2,aten::mean,13.2
avgpool,avgpool,3,aten::sum,31.4
avgpool,avgpool,4,aten::fill_,3.5
avgpool,avgpool,3,aten::div_,18.6
avgpool,avgpool,4,aten::to,2.7
avgpool,avgpool,5,aten::_to_copy,5.9
avgpool,avgpool,6,aten::empty_strided,3.4
avgpool,avgpool,6,aten::copy_,4.3
flatten,flatten,1,aten::flatten,3.5
flatten,flatten,2,aten::view,0.9
fc,linear,1,aten::linear,5.4
fc,linear,2,aten::t,3.8
fc,linear,3,aten::transpose,3.9
fc,linear,4,aten::as_strided,2.3
fc,linear,2,aten::addmm,480.9
fc,linear,3,aten::expand,4.6
fc,linear,4,aten::as_strided,0.6
fc,linear,3,aten::copy_,8.3
fc,linear,3,aten::resolve_conj,0.3
fc,linear,3,aten::resolve_conj,0.2
