layer,operation,source,kind_or_function,implementation_or_args,problem,ms
conv1,conv7x7,onednn,reorder,jit:uni,64x3x7x7,0.00805664
conv1,conv7x7,onednn,convolution,jit:avx512_core,mb1_ic3oc64_ih224oh112kh7sh2dh0ph3_iw224ow112kw7sw2dw0pw3,1.76807
conv1,conv7x7,onednn,reorder,jit:blk,1x64x112x112,0.307861
layer1.0.conv1,conv1x1,mkl,SGEMM,"N,N,3136,64,64,0x7ffc0c4f90b0,0x1ee69a80,3136,0x1fded740,64,0x7ffc0c4f90d0,0x1fa385c0,3136",,0.24045
layer1.0.conv2,conv3x3,onednn,reorder,jit:blk,1x64x56x56,0.059082
layer1.0.conv2,conv3x3,onednn,reorder,jit:uni,64x64x3x3,0.0219727
layer1.0.conv2,conv3x3,onednn,convolution,jit:avx512_core,mb1_ic64oc64_ih56oh56kh3sh1dh0ph1_iw56ow56kw3sw1dw0pw1,1.74414
layer1.0.conv2,conv3x3,onednn,reorder,jit:blk,1x64x56x56,0.0639648
layer1.0.conv3,conv1x1,mkl,SGEMM,"N,N,3136,256,64,0x7ffc0c4f90b0,0x1fbc0640,3136,0x1fe174c0,64,0x7ffc0c4f90d0,0x1ef2dac0,3136",,0.8358500000000001
layer1.0.downsample.0,conv1x1,mkl,SGEMM,"N,N,3136,256,64,0x7ffc0c4f8980,0x1ee69a80,3136,0x1fddbc80,64,0x7ffc0c4f89a0,0x1fa385c0,3136",,0.84494
layer1.1.conv1,conv1x1,mkl,SGEMM,"N,N,3136,64,256,0x7ffc0c4f90b0,0x20f6c800,3136,0x1fe28f80,256,0x7ffc0c4f90d0,0x1fa385c0,3136",,0.79022
layer1.1.conv2,conv3x3,onednn,reorder,jit:blk,1x64x56x56,0.0578613
layer1.1.conv2,conv3x3,onednn,reorder,jit:uni,64x64x3x3,0.0209961
layer1.1.conv2,conv3x3,onednn,convolution,jit:avx512_core,mb1_ic64oc64_ih56oh56kh3sh1dh0ph1_iw56ow56kw3sw1dw0pw1,1.73901
layer1.1.conv2,conv3x3,onednn,reorder,jit:blk,1x64x56x56,0.0668945
layer1.1.conv3,conv1x1,mkl,SGEMM,"N,N,3136,256,64,0x7ffc0c4f90b0,0x1fbc0640,3136,0x1fe5ed00,64,0x7ffc0c4f90d0,0x1ef2dac0,3136",,0.86172
layer1.2.conv1,conv1x1,mkl,SGEMM,"N,N,3136,64,256,0x7ffc0c4f90b0,0x2127c840,3136,0x1fe707c0,256,0x7ffc0c4f90d0,0x20f6c800,3136",,0.7829400000000001
layer1.2.conv2,conv3x3,onednn,reorder,jit:blk,1x64x56x56,0.059082
layer1.2.conv2,conv3x3,onednn,reorder,jit:uni,64x64x3x3,0.0219727
layer1.2.conv2,conv3x3,onednn,convolution,jit:avx512_core,mb1_ic64oc64_ih56oh56kh3sh1dh0ph1_iw56ow56kw3sw1dw0pw1,1.74097
layer1.2.conv2,conv3x3,onednn,reorder,jit:blk,1x64x56x56,0.0480957
layer1.2.conv3,conv1x1,mkl,SGEMM,"N,N,3136,256,64,0x7ffc0c4f90b0,0x1fa385c0,3136,0x1fea6540,64,0x7ffc0c4f90d0,0x1ef2dac0,3136",,0.8320299999999999
layer2.0.conv1,conv1x1,mkl,SGEMM,"N,N,3136,128,256,0x7ffc0c4f90b0,0x2158c880,3136,0x1ff3aac0,256,0x7ffc0c4f90d0,0x1fa385c0,3136",,1.59
layer2.0.conv2,conv3x3,onednn,reorder,jit:blk,1x128x56x56,0.139893
layer2.0.conv2,conv3x3,onednn,reorder,jit:uni,128x128x3x3,0.0749512
layer2.0.conv2,conv3x3,onednn,convolution,jit:avx512_core,mb1_ic128oc128_ih56oh28kh3sh2dh0ph1_iw56ow28kw3sw2dw0pw1,1.78198
layer2.0.conv2,conv3x3,onednn,reorder,jit:blk,1x128x28x28,0.0361328
layer2.0.conv3,conv1x1,mkl,SGEMM,"N,N,784,512,128,0x7ffc0c4f90b0,0x1fa9a600,784,0x1ffed040,128,0x7ffc0c4f90d0,0x1fafc640,784",,0.83277
layer2.0.downsample.0,conv1x1,onednn,reorder,jit:blk,1x256x56x56,0.302979
layer2.0.downsample.0,conv1x1,onednn,reorder,jit:blk,512x256x1x1,0.0620117
layer2.0.downsample.0,conv1x1,onednn,convolution,jit_1x1:avx512_core,mb1_ic256oc512_ih56oh28kh1sh2dh0ph0_iw56ow28kw1sw2dw0pw0,1.68799
layer2.0.downsample.0,conv1x1,onednn,reorder,jit:blk,1x512x28x28,0.147949
layer2.1.conv1,conv1x1,mkl,SGEMM,"N,N,784,128,512,0x7ffc0c4f90b0,0x1ef2dac0,784,0x2002fb00,512,0x7ffc0c4f90d0,0x1fa385c0,784",,0.81027
layer2.1.conv2,conv3x3,onednn,reorder,jit:blk,1x128x28x28,0.027832
layer2.1.conv2,conv3x3,onednn,reorder,jit:uni,128x128x3x3,0.0749512
layer2.1.conv2,conv3x3,onednn,convolution,jit:avx512_core,mb1_ic128oc128_ih28oh28kh3sh1dh0ph1_iw28ow28kw3sw1dw0pw1,1.72388
layer2.1.conv2,conv3x3,onednn,reorder,jit:blk,1x128x28x28,0.0241699
layer2.1.conv3,conv1x1,mkl,SGEMM,"N,N,784,512,128,0x7ffc0c4f90b0,0x1fbc06c0,784,0x20102080,128,0x7ffc0c4f90d0,0x1fa385c0,784",,0.8324600000000001
layer2.2.conv1,conv1x1,mkl,SGEMM,"N,N,784,128,512,0x7ffc0c4f90b0,0x1f0b5b00,784,0x20144b40,512,0x7ffc0c4f90d0,0x1ef2dac0,784",,0.79591
layer2.2.conv2,conv3x3,onednn,reorder,jit:blk,1x128x28x28,0.027832
layer2.2.conv2,conv3x3,onednn,reorder,jit:uni,128x128x3x3,0.0739746
layer2.2.conv2,conv3x3,onednn,convolution,jit:avx512_core,mb1_ic128oc128_ih28oh28kh3sh1dh0ph1_iw28ow28kw3sw1dw0pw1,1.73193
layer2.2.conv2,conv3x3,onednn,reorder,jit:blk,1x128x28x28,0.0239258
layer2.2.conv3,conv1x1,mkl,SGEMM,"N,N,784,512,128,0x7ffc0c4f90b0,0x1eff1b40,784,0x202170c0,128,0x7ffc0c4f90d0,0x1f23db40,784",,0.82457
layer2.3.conv1,conv1x1,mkl,SGEMM,"N,N,784,128,512,0x7ffc0c4f90b0,0x1fa385c0,784,0x20259b80,512,0x7ffc0c4f90d0,0x1fbc0600,784",,0.80053
layer2.3.conv2,conv3x3,onednn,reorder,jit:blk,1x128x28x28,0.0280762
layer2.3.conv2,conv3x3,onednn,reorder,jit:uni,128x128x3x3,0.0761719
layer2.3.conv2,conv3x3,onednn,convolution,jit:avx512_core,mb1_ic128oc128_ih28oh28kh3sh1dh0ph1_iw28ow28kw3sw1dw0pw1,1.72314
layer2.3.conv2,conv3x3,onednn,reorder,jit:blk,1x128x28x28,0.0219727
layer2.3.conv3,conv1x1,mkl,SGEMM,"N,N,784,512,128,0x7ffc0c4f90b0,0x1ef2dac0,784,0x2032c100,128,0x7ffc0c4f90d0,0x1fbc0600,784",,0.8291799999999999
layer3.0.conv1,conv1x1,mkl,SGEMM,"N,N,784,256,512,0x7ffc0c4f90b0,0x1ef8fb00,784,0x20373640,512,0x7ffc0c4f90d0,0x1f117b40,784",,1.76
layer3.0.conv2,conv3x3,onednn,reorder,jit:blk,1x256x28x28,0.0568848
layer3.0.conv2,conv3x3,onednn,reorder,jit:uni,256x256x3x3,0.286865
layer3.0.conv2,conv3x3,onednn,convolution,jit:avx512_core,mb1_ic256oc256_ih28oh14kh3sh2dh0ph1_iw28ow14kw3sw2dw0pw1,1.73804
layer3.0.conv2,conv3x3,onednn,reorder,jit:blk,1x256x14x14,0.0249023
layer3.0.conv3,conv1x1,mkl,SGEMM,"N,N,196,1024,256,0x7ffc0c4f90b0,0x1ede3700,196,0x203f6b80,256,0x7ffc0c4f90d0,0x1f117b40,196",,0.95787
layer3.0.downsample.0,conv1x1,onednn,reorder,jit:blk,1x512x28x28,0.151123
layer3.0.downsample.0,conv1x1,onednn,reorder,jit:blk,1024x512x1x1,0.221924
layer3.0.downsample.0,conv1x1,onednn,convolution,jit_1x1:avx512_core,mb1_ic512oc1024_ih28oh14kh1sh2dh0ph0_iw28ow14kw1sw2dw0pw0,1.65088
layer3.0.downsample.0,conv1x1,onednn,reorder,jit:blk,1x1024x14x14,0.0900879
layer3.1.conv1,conv1x1,mkl,SGEMM,"N,N,196,256,1024,0x7ffc0c4f90b0,0x1f1dbb80,196,0x204fb640,1024,0x7ffc0c4f90d0,0x1ede3700,196",,1.01
layer3.1.conv2,conv3x3,onednn,reorder,jit:blk,1x256x14x14,0.0109863
layer3.1.conv2,conv3x3,onednn,reorder,jit:uni,256x256x3x3,0.286865
layer3.1.conv2,conv3x3,onednn,convolution,jit:avx512_core,mb1_ic256oc256_ih14oh14kh3sh1dh0ph1_iw14ow14kw3sw1dw0pw1,1.67017
layer3.1.conv2,conv3x3,onednn,reorder,jit:blk,1x256x14x14,0.0151367
layer3.1.conv3,conv1x1,mkl,SGEMM,"N,N,196,1024,256,0x7ffc0c4f90b0,0x1ef2dac0,196,0x205feb80,256,0x7ffc0c4f90d0,0x1f29fbc0,196",,0.95467
layer3.2.conv1,conv1x1,mkl,SGEMM,"N,N,196,256,1024,0x7ffc0c4f90b0,0x1f363c00,196,0x20703640,1024,0x7ffc0c4f90d0,0x1ede3700,196",,0.99468
layer3.2.conv2,conv3x3,onednn,reorder,jit:blk,1x256x14x14,0.0100098
layer3.2.conv2,conv3x3,onednn,reorder,jit:uni,256x256x3x3,0.290039
layer3.2.conv2,conv3x3,onednn,convolution,jit:avx512_core,mb1_ic256oc256_ih14oh14kh3sh1dh0ph1_iw14ow14kw3sw1dw0pw1,1.62793
layer3.2.conv2,conv3x3,onednn,reorder,jit:blk,1x256x14x14,0.0151367
layer3.2.conv3,conv1x1,mkl,SGEMM,"N,N,196,1024,256,0x7ffc0c4f90b0,0x1ed47980,196,0x20806b80,256,0x7ffc0c4f90d0,0x1f117b40,196",,0.9524900000000001
layer3.3.conv1,conv1x1,mkl,SGEMM,"N,N,196,256,1024,0x7ffc0c4f90b0,0x1f1dbb80,196,0x2090b640,1024,0x7ffc0c4f90d0,0x1ede3700,196",,1.01
layer3.3.conv2,conv3x3,onednn,reorder,jit:blk,1x256x14x14,0.0100098
layer3.3.conv2,conv3x3,onednn,reorder,jit:uni,256x256x3x3,0.282959
layer3.3.conv2,conv3x3,onednn,convolution,jit:avx512_core,mb1_ic256oc256_ih14oh14kh3sh1dh0ph1_iw14ow14kw3sw1dw0pw1,1.63086
layer3.3.conv2,conv3x3,onednn,reorder,jit:blk,1x256x14x14,0.0148926
layer3.3.conv3,conv1x1,mkl,SGEMM,"N,N,196,1024,256,0x7ffc0c4f90b0,0x1ed47980,196,0x20a0ec80,256,0x7ffc0c4f90d0,0x1f29fbc0,196",,0.95062
layer3.4.conv1,conv1x1,mkl,SGEMM,"N,N,196,256,1024,0x7ffc0c4f90b0,0x1f363c00,196,0x20b13800,1024,0x7ffc0c4f90d0,0x1ede3700,196",,0.99664
layer3.4.conv2,conv3x3,onednn,reorder,jit:blk,1x256x14x14,0.0100098
layer3.4.conv2,conv3x3,onednn,reorder,jit:uni,256x256x3x3,0.286133
layer3.4.conv2,conv3x3,onednn,convolution,jit:avx512_core,mb1_ic256oc256_ih14oh14kh3sh1dh0ph1_iw14ow14kw3sw1dw0pw1,1.63086
layer3.4.conv2,conv3x3,onednn,reorder,jit:blk,1x256x14x14,0.0148926
layer3.4.conv3,conv1x1,mkl,SGEMM,"N,N,196,1024,256,0x7ffc0c4f90b0,0x1ed47980,196,0x20c16e80,256,0x7ffc0c4f90d0,0x1f117b40,196",,0.94992
layer3.5.conv1,conv1x1,mkl,SGEMM,"N,N,196,256,1024,0x7ffc0c4f90b0,0x1f1dbb80,196,0x20d1ba00,1024,0x7ffc0c4f90d0,0x1ede3700,196",,0.9838300000000001
layer3.5.conv2,conv3x3,onednn,reorder,jit:blk,1x256x14x14,0.0109863
layer3.5.conv2,conv3x3,onednn,reorder,jit:uni,256x256x3x3,0.290039
layer3.5.conv2,conv3x3,onednn,convolution,jit:avx512_core,mb1_ic256oc256_ih14oh14kh3sh1dh0ph1_iw14ow14kw3sw1dw0pw1,1.63013
layer3.5.conv2,conv3x3,onednn,reorder,jit:blk,1x256x14x14,0.0151367
layer3.5.conv3,conv1x1,mkl,SGEMM,"N,N,196,1024,256,0x7ffc0c4f90b0,0x1ed47980,196,0x20e1f080,256,0x7ffc0c4f90d0,0x1f29fbc0,196",,0.9515
layer4.0.conv1,conv1x1,mkl,SGEMM,"N,N,196,512,1024,0x7ffc0c4f90b0,0x1f363c00,196,0x7e3538949040,1024,0x7ffc0c4f90d0,0x1fa385c0,196",,1.97
layer4.0.conv2,conv3x3,onednn,reorder,jit:blk,1x512x14x14,0.0290527
layer4.0.conv2,conv3x3,onednn,reorder,jit:uni,512x512x3x3,1.13892
layer4.0.conv2,conv3x3,onednn,convolution,jit:avx512_core,mb1_ic512oc512_ih14oh7kh3sh2dh0ph1_iw14ow7kw3sw2dw0pw1,2.37402
layer4.0.conv2,conv3x3,onednn,reorder,jit:blk,1x512x7x7,0.0129395
layer4.0.conv3,conv1x1,mkl,SGEMM,"N,N,49,2048,512,0x7ffc0c4f90b0,0x1edacec0,49,0x7e3537c47040,512,0x7ffc0c4f90d0,0x1fa385c0,49",,1.29
layer4.0.downsample.0,conv1x1,onednn,reorder,jit:blk,1x1024x14x14,0.0749512
layer4.0.downsample.0,conv1x1,onednn,reorder,jit:blk,2048x1024x1x1,0.944824
layer4.0.downsample.0,conv1x1,onednn,convolution,jit_1x1:avx512_core,mb1_ic1024oc2048_ih14oh7kh1sh2dh0ph0_iw14ow7kw1sw2dw0pw0,1.85107
layer4.0.downsample.0,conv1x1,onednn,reorder,jit:blk,1x2048x7x7,0.0449219
layer4.1.conv1,conv1x1,mkl,SGEMM,"N,N,49,512,2048,0x7ffc0c4f90b0,0x1fa9a600,49,0x7e3537846040,2048,0x7ffc0c4f90d0,0x1edacec0,49",,1.23
layer4.1.conv2,conv3x3,onednn,reorder,jit:blk,1x512x7x7,0.00610352
layer4.1.conv2,conv3x3,onednn,reorder,jit:uni,512x512x3x3,1.11206
layer4.1.conv2,conv3x3,onednn,convolution,jit:avx512_core,mb1_ic512oc512_ih7oh7kh3sh1dh0ph1_iw7ow7kw3sw1dw0pw1,1.96021
layer4.1.conv2,conv3x3,onednn,reorder,jit:blk,1x512x7x7,0.00878906
layer4.1.conv3,conv1x1,mkl,SGEMM,"N,N,49,2048,512,0x7ffc0c4f90b0,0x1edfbf40,49,0x7e3536b44040,512,0x7ffc0c4f90d0,0x1fafc640,49",,1.31
layer4.2.conv1,conv1x1,mkl,SGEMM,"N,N,49,512,2048,0x7ffc0c4f90b0,0x1fb5e680,49,0x7e3536743040,2048,0x7ffc0c4f90d0,0x1edacec0,49",,1.23
layer4.2.conv2,conv3x3,onednn,reorder,jit:blk,1x512x7x7,0.00683594
layer4.2.conv2,conv3x3,onednn,reorder,jit:uni,512x512x3x3,1.09106
layer4.2.conv2,conv3x3,onednn,convolution,jit:avx512_core,mb1_ic512oc512_ih7oh7kh3sh1dh0ph1_iw7ow7kw3sw1dw0pw1,1.96484
layer4.2.conv2,conv3x3,onednn,reorder,jit:blk,1x512x7x7,0.0109863
layer4.2.conv3,conv1x1,mkl,SGEMM,"N,N,49,2048,512,0x7ffc0c4f90b0,0x1ee14780,49,0x7e3535a41040,512,0x7ffc0c4f90d0,0x1fa385c0,49",,1.28
fc,linear,mkl,SGEMM,"T,N,1000,1,2048,0x7ffc0c4fb2f0,0x7e3535270040,2048,0x1edcaac0,2048,0x7ffc0c4fb310,0x1eddfd80,1000",,0.4744
