callable,metric,fixed_intercept,per_element,points
F.max_pool2d chlast,cycles_per_call,5220.229270044458,1.4545808405510903,5
F.max_pool2d chlast,instructions_per_call,16096.167946419495,5.770403258906368,5
add_ inplace,cycles_per_call,2067.555732055352,0.29374108545965566,7
add_ inplace,instructions_per_call,6906.012067223937,0.6887711124220017,7
conv1x1 64->64,cycles_per_call,17321.776963839213,2.07309984750987,6
conv1x1 64->64,instructions_per_call,52794.8251904561,7.192011837640002,6
conv3x3 64->64,cycles_per_call,81367.6533433252,20.89984053627439,6
conv3x3 64->64,instructions_per_call,464059.84008942894,42.15373678687794,6
nn.BatchNorm2d(64),cycles_per_call,20483.4714106215,0.4490497648892609,5
nn.BatchNorm2d(64),instructions_per_call,66999.17799475441,1.5138733256505754,5
"nn.MaxPool2d(3,2,1)",cycles_per_call,-22731.305968720302,27.403318285774525,5
"nn.MaxPool2d(3,2,1)",instructions_per_call,35101.93557393119,53.18993579106911,5
nn.ReLU module,cycles_per_call,6172.9835791915675,0.3053661932985894,7
nn.ReLU module,instructions_per_call,20142.26990518362,0.5065201526382859,7
torch.add,cycles_per_call,2977.25307774879,0.3689544327998163,7
torch.add,instructions_per_call,9168.380472897077,0.6941841593021402,7
torch.relu,cycles_per_call,2636.6422788804207,0.30316442001174293,7
torch.relu,instructions_per_call,8328.603442892745,0.5064747048022578,7
