iter,layer,ns
0,layer1.0,5344422
0,layer1.1,4684202
0,layer1.2,4676163
0,layer1,14739652
0,layer2.0,7803263
0,layer2.1,4127843
0,layer2.2,4118314
0,layer2.3,4124598
0,layer2,20210687
0,layer3.0,7593517
0,layer3.1,4303791
0,layer3.2,4295649
0,layer3.3,4307298
0,layer3.4,4338846
0,layer3.5,4288096
0,layer3,29177368
0,layer4.0,9993358
0,layer4.1,5957572
0,layer4.2,5934490
0,layer4,21910885
1,layer1.0,5349323
1,layer1.1,4681331
1,layer1.2,4657380
1,layer1,14725296
1,layer2.0,7756174
1,layer2.1,4117608
1,layer2.2,4107126
1,layer2.3,4113992
1,layer2,20132134
1,layer3.0,7549589
1,layer3.1,4299673
1,layer3.2,4289851
1,layer3.3,4299063
1,layer3.4,4324787
1,layer3.5,4307614
1,layer3,29118411
1,layer4.0,9819425
1,layer4.1,5848254
1,layer4.2,5825089
1,layer4,21517979
2,layer1.0,5333974
2,layer1.1,4669344
2,layer1.2,4646862
2,layer1,14685299
2,layer2.0,7761685
2,layer2.1,4111445
2,layer2.2,4108982
2,layer2.3,4111646
2,layer2,20130094
2,layer3.0,7594858
2,layer3.1,4297247
2,layer3.2,4292156
2,layer3.3,4294907
2,layer3.4,4290666
2,layer3.5,4297502
2,layer3,29114072
2,layer4.0,9799303
2,layer4.1,5815623
2,layer4.2,5861669
2,layer4,21502171
3,layer1.0,5338809
3,layer1.1,4674194
3,layer1.2,4664074
3,layer1,14710049
3,layer2.0,7762287
3,layer2.1,4110599
3,layer2.2,4104510
3,layer2.3,4107368
3,layer2,20122446
3,layer3.0,7575095
3,layer3.1,4300822
3,layer3.2,4294581
3,layer3.3,4284752
3,layer3.4,4299803
3,layer3.5,4300972
3,layer3,29105856
3,layer4.0,9782500
3,layer4.1,5813188
3,layer4.2,5833506
3,layer4,21455592
4,layer1.0,5339415
4,layer1.1,4686885
4,layer1.2,4653272
4,layer1,14714324
4,layer2.0,7767492
4,layer2.1,4111228
4,layer2.2,4098797
4,layer2.3,4112604
4,layer2,20125718
4,layer3.0,7553598
4,layer3.1,4297237
4,layer3.2,4311694
4,layer3.3,4287864
4,layer3.4,4296873
4,layer3.5,4284431
4,layer3,29082276
4,layer4.0,9802092
4,layer4.1,5829080
4,layer4.2,5811786
4,layer4,21470263
5,layer1.0,5320929
5,layer1.1,4674716
5,layer1.2,4644315
5,layer1,14672971
5,layer2.0,7756587
5,layer2.1,4115032
5,layer2.2,4103042
5,layer2.3,4104586
5,layer2,20114360
5,layer3.0,7574508
5,layer3.1,4289697
5,layer3.2,4293410
5,layer3.3,4285492
5,layer3.4,4312278
5,layer3.5,4286480
5,layer3,29090950
5,layer4.0,9799067
5,layer4.1,5866750
5,layer4.2,5812395
5,layer4,21503177
6,layer1.0,5360083
6,layer1.1,4688419
6,layer1.2,4661485
6,layer1,14743983
6,layer2.0,7779854
6,layer2.1,4132781
6,layer2.2,4111483
6,layer2.3,4116837
6,layer2,20179504
6,layer3.0,7604765
6,layer3.1,4304267
6,layer3.2,4296200
6,layer3.3,4288129
6,layer3.4,4305812
6,layer3.5,4297477
6,layer3,29145613
6,layer4.0,9823465
6,layer4.1,5877639
6,layer4.2,5845750
6,layer4,21571759
7,layer1.0,5336862
7,layer1.1,4669577
7,layer1.2,4653770
7,layer1,14693655
7,layer2.0,7743847
7,layer2.1,4114198
7,layer2.2,4113021
7,layer2.3,4105306
7,layer2,20112294
7,layer3.0,7568629
7,layer3.1,4311191
7,layer3.2,4301666
7,layer3.3,4308168
7,layer3.4,4307852
7,layer3.5,4291800
7,layer3,29141595
7,layer4.0,9858261
7,layer4.1,5883329
7,layer4.2,5854362
7,layer4,21622209
8,layer1.0,5318489
8,layer1.1,4672719
8,layer1.2,4655057
8,layer1,14681633
8,layer2.0,7761190
8,layer2.1,4115461
8,layer2.2,4108668
8,layer2.3,4109711
8,layer2,20131812
8,layer3.0,7551257
8,layer3.1,4293900
8,layer3.2,4306888
8,layer3.3,4287646
8,layer3.4,4308431
8,layer3.5,4283018
8,layer3,29080308
8,layer4.0,9792510
8,layer4.1,5839530
8,layer4.2,5808062
8,layer4,21465228
9,layer1.0,5351749
9,layer1.1,4666665
9,layer1.2,4658475
9,layer1,14713974
9,layer2.0,7760487
9,layer2.1,4106589
9,layer2.2,4106355
9,layer2.3,4109888
9,layer2,20117356
9,layer3.0,7542608
9,layer3.1,4297552
9,layer3.2,4286321
9,layer3.3,4311470
9,layer3.4,4300858
9,layer3.5,4288327
9,layer3,29074495
9,layer4.0,9801462
9,layer4.1,5839790
9,layer4.2,5811204
9,layer4,21477741
10,layer1.0,5325881
10,layer1.1,4671690
10,layer1.2,4659907
10,layer1,14692087
10,layer2.0,7753790
10,layer2.1,4109460
10,layer2.2,4109810
10,layer2.3,4107207
10,layer2,20116643
10,layer3.0,7573842
10,layer3.1,4300483
10,layer3.2,4287760
10,layer3.3,4278479
10,layer3.4,4293812
10,layer3.5,4279666
10,layer3,29062179
10,layer4.0,9780733
10,layer4.1,5863318
10,layer4.2,5830771
10,layer4,21500926
11,layer1.0,5367277
11,layer1.1,4680692
11,layer1.2,4676308
11,layer1,14760651
11,layer2.0,7788989
11,layer2.1,4142102
11,layer2.2,4115617
11,layer2.3,4121403
11,layer2,20205643
11,layer3.0,7601178
11,layer3.1,4321576
11,layer3.2,4301236
11,layer3.3,4329715
11,layer3.4,4326901
11,layer3.5,4299384
11,layer3,29234114
11,layer4.0,9885404
11,layer4.1,5911567
11,layer4.2,5872191
11,layer4,21695561
12,layer1.0,5340931
12,layer1.1,4677249
12,layer1.2,4661299
12,layer1,14713044
12,layer2.0,7781046
12,layer2.1,4123729
12,layer2.2,4107867
12,layer2.3,4114928
12,layer2,20165570
12,layer3.0,7609225
12,layer3.1,4302978
12,layer3.2,4313971
12,layer3.3,4293314
12,layer3.4,4306035
12,layer3.5,4295635
12,layer3,29169513
12,layer4.0,9872936
12,layer4.1,5909859
12,layer4.2,5894178
12,layer4,21703030
13,layer1.0,5335592
13,layer1.1,4680278
13,layer1.2,4651191
13,layer1,14702154
13,layer2.0,7766292
13,layer2.1,4111421
13,layer2.2,4114912
13,layer2.3,4120501
13,layer2,20149714
13,layer3.0,7548695
13,layer3.1,4333205
13,layer3.2,4293840
13,layer3.3,4293373
13,layer3.4,4318213
13,layer3.5,4305939
13,layer3,29143201
13,layer4.0,9865365
13,layer4.1,5881929
13,layer4.2,5877520
13,layer4,21651288
14,layer1.0,5348461
14,layer1.1,4673983
14,layer1.2,4659900
14,layer1,14717354
14,layer2.0,7752913
14,layer2.1,4118013
14,layer2.2,4108498
14,layer2.3,4110764
14,layer2,20125009
14,layer3.0,7525129
14,layer3.1,4302361
14,layer3.2,4294697
14,layer3.3,4283603
14,layer3.4,4311099
14,layer3.5,4315505
14,layer3,29080562
14,layer4.0,9810338
14,layer4.1,5835092
14,layer4.2,5831304
14,layer4,21501693
15,layer1.0,5308764
15,layer1.1,4672358
15,layer1.2,4655679
15,layer1,14670285
15,layer2.0,7753962
15,layer2.1,4114471
15,layer2.2,4107483
15,layer2.3,4113948
15,layer2,20126224
15,layer3.0,7551998
15,layer3.1,4296116
15,layer3.2,4288426
15,layer3.3,4284925
15,layer3.4,4335400
15,layer3.5,4291154
15,layer3,29098459
15,layer4.0,9805572
15,layer4.1,5841610
15,layer4.2,5839213
15,layer4,21510954
16,layer1.0,5337575
16,layer1.1,4672403
16,layer1.2,4705138
16,layer1,14749875
16,layer2.0,7792693
16,layer2.1,4121270
16,layer2.2,4113811
16,layer2.3,4124041
16,layer2,20187706
16,layer3.0,7603752
16,layer3.1,4317523
16,layer3.2,4309250
16,layer3.3,4296997
16,layer3.4,4327289
16,layer3.5,4300881
16,layer3,29205033
16,layer4.0,10108692
16,layer4.1,6043024
16,layer4.2,5987791
16,layer4,22166001
17,layer1.0,5338154
17,layer1.1,4683411
17,layer1.2,4661178
17,layer1,14716373
17,layer2.0,7766486
17,layer2.1,4138124
17,layer2.2,4106111
17,layer2.3,4111861
17,layer2,20160567
17,layer3.0,7599368
17,layer3.1,4311307
17,layer3.2,4292942
17,layer3.3,4305390
17,layer3.4,4322773
17,layer3.5,4305462
17,layer3,29191108
17,layer4.0,9897908
17,layer4.1,5904912
17,layer4.2,5890845
17,layer4,21720287
18,layer1.0,5332486
18,layer1.1,4671924
18,layer1.2,4645690
18,layer1,14683035
18,layer2.0,7760807
18,layer2.1,4118105
18,layer2.2,4110974
18,layer2.3,4123739
18,layer2,20149896
18,layer3.0,7545264
18,layer3.1,4303128
18,layer3.2,4292528
18,layer3.3,4293201
18,layer3.4,4318003
18,layer3.5,4293240
18,layer3,29097974
18,layer4.0,9818448
18,layer4.1,5827171
18,layer4.2,5818769
18,layer4,21489465
19,layer1.0,5319556
19,layer1.1,4670596
19,layer1.2,4653687
19,layer1,14676533
19,layer2.0,7750792
19,layer2.1,4117505
19,layer2.2,4104724
19,layer2.3,4124168
19,layer2,20134625
19,layer3.0,7566782
19,layer3.1,4308703
19,layer3.2,4297562
19,layer3.3,4283593
19,layer3.4,4288566
19,layer3.5,4292666
19,layer3,29087548
19,layer4.0,9806871
19,layer4.1,5828263
19,layer4.2,5826071
19,layer4,21486453
20,layer1.0,5315809
20,layer1.1,4705644
20,layer1.2,4649072
20,layer1,14706466
20,layer2.0,7756506
20,layer2.1,4116997
20,layer2.2,4100332
20,layer2.3,4111302
20,layer2,20122753
20,layer3.0,7549905
20,layer3.1,4291325
20,layer3.2,4280846
20,layer3.3,4284107
20,layer3.4,4299588
20,layer3.5,4289486
20,layer3,29046168
20,layer4.0,9850554
20,layer4.1,5882899
20,layer4.2,5878419
20,layer4,21636647
21,layer1.0,5364479
21,layer1.1,4691583
21,layer1.2,4663858
21,layer1,14754866
21,layer2.0,7790040
21,layer2.1,4142076
21,layer2.2,4118039
21,layer2.3,4117336
21,layer2,20204804
21,layer3.0,7583641
21,layer3.1,4315043
21,layer3.2,4299217
21,layer3.3,4299184
21,layer3.4,4343192
21,layer3.5,4292989
21,layer3,29185053
21,layer4.0,9860188
21,layer4.1,5891721
21,layer4.2,5874230
21,layer4,21652704
22,layer1.0,5321044
22,layer1.1,4677979
22,layer1.2,4655031
22,layer1,14690239
22,layer2.0,7751168
22,layer2.1,4118553
22,layer2.2,4111770
22,layer2.3,4115080
22,layer2,20144184
22,layer3.0,7562559
22,layer3.1,4304690
22,layer3.2,4307492
22,layer3.3,4287805
22,layer3.4,4329136
22,layer3.5,4288106
22,layer3,29130880
22,layer4.0,9803581
22,layer4.1,5837327
22,layer4.2,5833196
22,layer4,21506641
23,layer1.0,5352560
23,layer1.1,4671589
23,layer1.2,4655965
23,layer1,14714764
23,layer2.0,7754693
23,layer2.1,4114776
23,layer2.2,4106152
23,layer2.3,4114169
23,layer2,20126010
23,layer3.0,7555207
23,layer3.1,4307667
23,layer3.2,4294702
23,layer3.3,4285521
23,layer3.4,4332958
23,layer3.5,4292403
23,layer3,29119053
23,layer4.0,9803695
23,layer4.1,5806262
23,layer4.2,5803355
23,layer4,21448061
24,layer1.0,5322215
24,layer1.1,4675164
24,layer1.2,4656235
24,layer1,14687362
24,layer2.0,7756797
24,layer2.1,4114264
24,layer2.2,4106021
24,layer2.3,4110810
24,layer2,20123972
24,layer3.0,7567686
24,layer3.1,4299959
24,layer3.2,4295912
24,layer3.3,4303824
24,layer3.4,4307227
24,layer3.5,4284308
24,layer3,29108258
24,layer4.0,9845925
24,layer4.1,5813919
24,layer4.2,5804421
24,layer4,21490725
25,layer1.0,5317205
25,layer1.1,4673859
25,layer1.2,4650750
25,layer1,14675042
25,layer2.0,7750779
25,layer2.1,4119074
25,layer2.2,4103005
25,layer2.3,4106207
25,layer2,20113625
25,layer3.0,7557022
25,layer3.1,4291417
25,layer3.2,4299730
25,layer3.3,4278812
25,layer3.4,4322712
25,layer3.5,4293408
25,layer3,29106201
25,layer4.0,9777740
25,layer4.1,5838042
25,layer4.2,5800042
25,layer4,21441672
26,layer1.0,5330953
26,layer1.1,4674790
26,layer1.2,4654830
26,layer1,14695228
26,layer2.0,7772734
26,layer2.1,4117280
26,layer2.2,4106235
26,layer2.3,4115013
26,layer2,20148364
26,layer3.0,7594227
26,layer3.1,4362694
26,layer3.2,4302388
26,layer3.3,4314189
26,layer3.4,4310204
26,layer3.5,4291006
26,layer3,29224790
26,layer4.0,9819779
26,layer4.1,5860342
26,layer4.2,5848113
26,layer4,21553842
27,layer1.0,5327366
27,layer1.1,4673152
27,layer1.2,4650187
27,layer1,14684693
27,layer2.0,7768901
27,layer2.1,4114033
27,layer2.2,4105083
27,layer2.3,4107171
27,layer2,20131346
27,layer3.0,7564509
27,layer3.1,4300895
27,layer3.2,4301352
27,layer3.3,4290831
27,layer3.4,4325349
27,layer3.5,4297895
27,layer3,29130469
27,layer4.0,9837631
27,layer4.1,5844654
27,layer4.2,5844953
27,layer4,21553726
28,layer1.0,5320338
28,layer1.1,4672368
28,layer1.2,4652921
28,layer1,14681832
28,layer2.0,7759032
28,layer2.1,4110901
28,layer2.2,4108438
28,layer2.3,4117281
28,layer2,20131575
28,layer3.0,7591482
28,layer3.1,4306186
28,layer3.2,4288196
28,layer3.3,4305221
28,layer3.4,4300309
28,layer3.5,4293402
28,layer3,29135197
28,layer4.0,9895887
28,layer4.1,5874738
28,layer4.2,5861592
28,layer4,21657984
29,layer1.0,5366418
29,layer1.1,4670454
29,layer1.2,4678319
29,layer1,14750216
29,layer2.0,7763409
29,layer2.1,4114570
29,layer2.2,4108714
29,layer2.3,4118230
29,layer2,20140315
29,layer3.0,7530634
29,layer3.1,4304036
29,layer3.2,4284774
29,layer3.3,4299121
29,layer3.4,4307597
29,layer3.5,4288257
29,layer3,29064185
29,layer4.0,9801779
29,layer4.1,5822055
29,layer4.2,5813588
29,layer4,21463594
