rep,layer,calls,ns,multiplexed,cycles,instructions,ref_cycles,branches,branch_misses,cache_references,cache_misses
0,conv1,1,2254605,False,4694489,8704718,4757676,100486,1720,180649,23910
1,conv1,1,2221257,False,4641182,8707974,4683756,101167,1189,179686,16305
2,conv1,1,2224050,False,4613262,8704713,4688124,100424,947,179749,14530
3,conv1,1,2223475,False,4645601,8703797,4686696,100263,560,179158,37360
4,conv1,1,2210164,False,4606004,8707438,4657548,101045,677,178847,23457
5,conv1,1,2199937,False,4594128,8703431,4636464,100277,611,179008,18425
6,conv1,1,2199317,False,4583311,8702749,4634364,100128,489,179128,17045
0,bn1,1,360670,False,778705,1305690,778512,120144,539,106478,8765
1,bn1,1,358292,False,769816,1310895,770028,120980,318,107040,8731
2,bn1,1,352826,False,757283,1306379,757428,120252,248,106023,9781
3,bn1,1,348466,False,747613,1305710,747516,120152,146,105856,9435
4,bn1,1,359063,False,769214,1305741,769356,120150,121,105809,16839
5,bn1,1,359837,False,770802,1311728,771120,121081,121,106410,16029
6,bn1,1,358741,False,768274,1311759,768348,121079,113,106779,15872
0,relu,1,191101,False,417518,453196,416556,60024,158,54030,2246
1,relu,1,188994,False,411047,453229,410340,60024,82,54004,2283
2,relu,1,188438,False,410795,453196,410004,60024,37,53865,2245
3,relu,1,190928,False,415217,459263,414540,60956,34,54830,2299
4,relu,1,186422,False,405435,453196,404796,60024,32,53733,2334
5,relu,1,189481,False,411652,459617,410760,61008,35,54642,2343
6,relu,1,188551,False,410569,453334,409920,60051,43,53894,2414
0,maxpool,1,10179886,False,21347806,42909222,21401100,7872428,370458,93837,19523
1,maxpool,1,10120240,False,21220184,42904107,21273168,7871650,368687,93937,18028
2,maxpool,1,10316454,False,21642854,42907829,21687288,7872193,383522,93391,32357
3,maxpool,1,10332541,False,21664439,42924233,21718536,7874888,384031,94243,30346
4,maxpool,1,10392213,False,21790175,42914291,21844116,7873221,388281,93680,28030
5,maxpool,1,10147541,False,21276896,42905391,21330036,7871815,371699,93387,26489
6,maxpool,1,10170034,False,21323163,42904280,21376068,7871661,372067,93604,25521
0,layer1.0.conv1,1,268293,False,538831,1532943,580440,23997,365,30645,8032
1,layer1.0.conv1,1,254041,False,519672,1531977,548436,23779,175,30616,7534
2,layer1.0.conv1,1,258153,False,510395,1532769,555156,23955,99,30428,7313
3,layer1.0.conv1,1,258803,False,509981,1533023,556080,23966,85,30343,7288
4,layer1.0.conv1,1,255309,False,503215,1530746,549276,23565,71,30282,7061
5,layer1.0.conv1,1,255118,False,501900,1531805,547764,23784,50,30327,7033
6,layer1.0.conv1,1,265267,False,520192,1546695,569016,26387,57,31422,7091
0,layer1.0.bn1,1,133281,False,297146,402851,296184,44949,450,29686,9751
1,layer1.0.bn1,1,127337,False,281723,402875,280812,44961,257,29707,9254
2,layer1.0.bn1,1,125223,False,277289,402908,276192,44961,179,29694,8952
3,layer1.0.bn1,1,120805,False,268256,402875,267288,44961,130,29577,8742
4,layer1.0.bn1,1,125402,False,276650,408882,275604,45885,112,30496,8615
5,layer1.0.bn1,1,119335,False,263675,402875,262584,44961,114,29465,8433
6,layer1.0.bn1,1,117594,False,260157,402908,259140,44961,110,29378,8413
0,layer1.0.relu1,1,69721,False,161435,159596,159936,23570,197,15897,3718
1,layer1.0.relu1,1,64639,False,149117,153374,148092,22605,96,15272,3563
2,layer1.0.relu1,1,63560,False,146231,153341,144984,22605,58,15259,3574
3,layer1.0.relu1,1,63154,False,145625,153374,144396,22605,36,15133,3504
4,layer1.0.relu1,1,61872,False,143245,153341,142044,22605,29,15204,3532
5,layer1.0.relu1,1,61289,False,140844,153374,139440,22605,26,15141,3389
6,layer1.0.relu1,1,61162,False,141005,153341,139692,22605,26,15170,3402
0,layer1.0.conv2,1,2083353,False,4345276,8290409,4400508,96022,1490,70039,23654
1,layer1.0.conv2,1,2113550,False,4320909,8293005,4389252,96783,1128,72515,19865
2,layer1.0.conv2,1,2070202,False,4303065,8286364,4363548,95461,1005,69532,19828
3,layer1.0.conv2,1,2061959,False,4279988,8286533,4344648,95520,758,69104,18059
4,layer1.0.conv2,1,2037113,False,4249848,8284080,4293156,95107,707,68824,15823
5,layer1.0.conv2,1,2030805,False,4239649,8285949,4279212,95401,590,68492,14555
6,layer1.0.conv2,1,2047451,False,4249645,8290616,4313316,96187,698,68837,13795
0,layer1.0.bn2,1,133355,False,297243,402843,296016,44951,451,29775,11976
1,layer1.0.bn2,1,124903,False,276015,402939,274932,44965,267,29688,11326
2,layer1.0.bn2,1,120588,False,266891,402900,265860,44963,183,29549,11066
3,layer1.0.bn2,1,121984,False,270084,402939,268968,44965,133,29473,10996
4,layer1.0.bn2,1,122983,False,272139,403003,271236,44986,127,29440,10977
5,layer1.0.bn2,1,119672,False,265069,402939,264012,44965,111,29420,10968
6,layer1.0.bn2,1,122767,False,271018,409155,269892,45928,121,30289,10799
0,layer1.0.relu2,1,68660,False,159062,153391,157920,22609,155,15257,6053
1,layer1.0.relu2,1,67637,False,155851,153350,154476,22605,108,15308,5970
2,layer1.0.relu2,1,66633,False,152828,153529,151452,22636,61,15224,5955
3,layer1.0.relu2,1,66084,False,152000,153354,150528,22607,36,15210,5921
4,layer1.0.relu2,1,65459,False,150829,153391,149436,22609,36,15187,5869
5,layer1.0.relu2,1,65943,False,151260,153401,149772,22611,37,15168,5803
6,layer1.0.relu2,1,64839,False,148676,153398,147336,22611,27,15132,5749
0,layer1.0.conv3,1,981234,False,2010338,5297455,2078832,68356,406,72317,35599
1,layer1.0.conv3,1,957955,False,1993673,5298826,2027088,68621,315,71921,33805
2,layer1.0.conv3,1,947819,False,1966173,5298221,2005332,68529,206,71788,31346
3,layer1.0.conv3,1,944658,False,1958795,5298788,1998276,68640,213,71917,30340
4,layer1.0.conv3,1,944117,False,1960268,5297889,1997856,68510,202,71887,30504
5,layer1.0.conv3,1,958746,False,1972816,5298701,2028432,68627,214,71944,32170
6,layer1.0.conv3,1,985743,False,2003554,5306065,2064972,69908,262,72853,35975
0,layer1.0.bn3,1,394297,False,847011,1322074,846972,122768,612,107036,52332
1,layer1.0.bn3,1,386543,False,828669,1316223,828744,121878,421,106299,50049
2,layer1.0.bn3,1,375273,False,803387,1316223,803376,121878,326,105968,47458
3,layer1.0.bn3,1,382843,False,819406,1322668,819588,122873,308,106690,48818
4,layer1.0.bn3,1,377876,False,809841,1316223,809928,121878,290,105755,47212
5,layer1.0.bn3,1,379684,False,813194,1322257,813288,122810,293,106646,45694
6,layer1.0.bn3,1,374479,False,801667,1316223,801612,121878,287,105817,44671
0,layer1.0.downsample.0,1,940450,False,1928577,5297382,1991724,68341,404,72250,18814
1,layer1.0.downsample.0,1,930685,False,1911881,5298362,1969128,68553,290,72102,17003
2,layer1.0.downsample.0,1,920464,False,1904197,5298566,1947960,68576,227,71970,16185
3,layer1.0.downsample.0,1,922787,False,1901307,5298620,1953168,68613,191,71937,16035
4,layer1.0.downsample.0,1,928136,False,1895945,5298869,1963584,68659,218,71892,15658
5,layer1.0.downsample.0,1,928538,False,1907774,5299029,1965684,68671,190,71821,17974
6,layer1.0.downsample.0,1,929734,False,1898302,5298620,1967700,68613,198,71841,16656
0,layer1.0.downsample.1,1,379871,False,816674,1322068,816732,122758,550,107321,40304
1,layer1.0.downsample.1,1,369195,False,791677,1315750,791616,121782,430,106121,37619
2,layer1.0.downsample.1,1,366550,False,785960,1321650,785988,122695,344,106862,35946
3,layer1.0.downsample.1,1,363131,False,778980,1315689,778932,121768,299,105837,35569
4,layer1.0.downsample.1,1,368260,False,789565,1322058,789600,122748,310,106402,35415
5,layer1.0.downsample.1,1,360439,False,772657,1315689,772548,121768,284,105720,33476
6,layer1.0.downsample.1,1,364731,False,782042,1321944,782124,122733,300,106503,32675
0,layer1.0.add,1,344990,False,742841,605049,742896,60392,142,104433,34958
1,layer1.0.add,1,350369,False,753030,611425,753060,61375,114,105543,34912
2,layer1.0.add,1,342165,False,735524,605053,735252,60394,47,104387,34285
3,layer1.0.add,1,343877,False,738214,611104,738192,61299,51,105335,32723
4,layer1.0.add,1,339562,False,729737,603853,729540,60180,43,104225,32069
5,layer1.0.add,1,342224,False,735872,609764,735588,61097,42,105207,31347
6,layer1.0.add,1,353630,False,760530,603857,760536,60182,26,104162,44349
0,layer1.0.relu3,1,201503,False,442312,460411,441672,61166,144,55017,9970
1,layer1.0.relu3,1,195612,False,428473,454386,427560,60235,69,54099,9539
2,layer1.0.relu3,1,195912,False,426946,460411,426216,61166,43,54785,8829
3,layer1.0.relu3,1,195690,False,425495,458583,424956,60996,44,54436,8391
4,layer1.0.relu3,1,190115,False,414678,454386,413784,60235,23,53779,8050
5,layer1.0.relu3,1,191151,False,416275,454386,415380,60235,27,53657,7956
6,layer1.0.relu3,1,191605,False,416625,454524,415632,60262,35,53805,8147
0,layer1.1.conv1,1,871607,False,1797083,5665001,1848504,37392,397,71906,26329
1,layer1.1.conv1,1,869673,False,1779651,5665727,1841868,37564,257,71555,24743
2,layer1.1.conv1,1,858574,False,1778049,5665779,1819608,37573,173,71326,24324
3,layer1.1.conv1,1,852586,False,1769084,5665946,1805412,37595,146,71201,23129
4,layer1.1.conv1,1,851156,False,1763773,5665650,1802472,37551,136,71188,22548
5,layer1.1.conv1,1,854124,False,1768212,5665666,1809864,37554,128,71231,21921
6,layer1.1.conv1,1,862567,False,1765429,5665962,1826160,37598,125,71214,21855
0,layer1.1.bn1,1,131267,False,292944,409073,291816,45931,353,30585,7975
1,layer1.1.bn1,1,122599,False,273171,402915,271992,44965,224,29716,7281
2,layer1.1.bn1,1,117605,False,261330,402915,260148,44965,150,29677,7159
3,layer1.1.bn1,1,116456,False,258989,402915,257796,44965,113,29493,6893
4,layer1.1.bn1,1,122611,False,271670,408949,270480,45897,103,30340,6923
5,layer1.1.bn1,1,116030,False,258179,402915,256956,44965,92,29463,7092
6,layer1.1.bn1,1,115198,False,256046,402915,254856,44965,94,29462,6822
0,layer1.1.relu1,1,66017,False,154936,153365,153384,22601,136,15228,3990
1,layer1.1.relu1,1,68793,False,159745,153369,158508,22603,107,15387,4680
2,layer1.1.relu1,1,64708,False,150508,153365,149100,22601,55,15218,4562
3,layer1.1.relu1,1,64698,False,149717,153369,148344,22603,31,15161,4523
4,layer1.1.relu1,1,64822,False,149967,153365,148596,22601,33,15165,4420
5,layer1.1.relu1,1,67588,False,164766,159360,154140,22603,23,15144,4393
6,layer1.1.relu1,1,65459,False,151406,153365,150024,22601,29,15151,4708
0,layer1.1.conv2,1,2098928,False,4376348,8286216,4427640,95614,1452,69722,30242
1,layer1.1.conv2,1,2077943,False,4321830,8289308,4380348,96221,1026,69261,24766
2,layer1.1.conv2,1,2066931,False,4282577,8290742,4356324,96532,804,68743,22270
3,layer1.1.conv2,1,2055079,False,4273154,8289253,4333392,96173,680,68821,20171
4,layer1.1.conv2,1,2053164,False,4258229,8289742,4327092,96281,562,68439,19085
5,layer1.1.conv2,1,2052673,False,4250344,8291169,4326336,96543,652,68427,17947
6,layer1.1.conv2,1,2057570,False,4257571,8289836,4336920,96206,548,68767,18013
0,layer1.1.bn2,1,133940,False,299626,402113,298452,44787,441,29669,10698
1,layer1.1.bn2,1,125574,False,278613,401941,277704,44745,300,29470,9877
2,layer1.1.bn2,1,130370,False,289130,407989,288036,45676,206,30027,11383
3,layer1.1.bn2,1,122636,False,271278,401941,270228,44745,136,29341,10621
4,layer1.1.bn2,1,121184,False,269669,401920,268548,44741,119,29393,10358
5,layer1.1.bn2,1,120867,False,268009,401924,267036,44743,100,29482,10099
6,layer1.1.bn2,1,119277,False,265775,401920,264600,44741,115,29498,9964
0,layer1.1.relu2,1,68710,False,159357,153394,158172,22609,122,15273,5355
1,layer1.1.relu2,1,70772,False,162796,153390,161364,22607,64,15257,6078
2,layer1.1.relu2,1,67668,False,156187,153445,154896,22615,59,15234,5778
3,layer1.1.relu2,1,67710,False,155843,153503,154392,22595,53,15182,5621
4,layer1.1.relu2,1,66887,False,154236,152215,152964,22399,46,15269,5700
5,layer1.1.relu2,1,66871,False,154072,152211,152628,22397,36,15201,5648
6,layer1.1.relu2,1,66277,False,152446,152215,151116,22399,23,15106,5564
0,layer1.1.conv3,1,992533,False,2061624,5313077,2103024,70966,395,72723,40277
1,layer1.1.conv3,1,978437,False,2014759,5298498,2071356,68534,225,71961,38015
2,layer1.1.conv3,1,978013,False,1998361,5299919,2069676,68815,280,72222,35398
3,layer1.1.conv3,1,975316,False,2023001,5299536,2064804,68754,209,71998,40627
4,layer1.1.conv3,1,973987,False,2013220,5298914,2061528,68594,210,71874,38129
5,layer1.1.conv3,1,960694,False,1994719,5299548,2033304,68754,203,71918,36151
6,layer1.1.conv3,1,973875,False,1989910,5299831,2060940,68813,199,71835,35691
0,layer1.1.bn3,1,389938,False,837385,1315209,837312,121662,506,106324,53514
1,layer1.1.bn3,1,389058,False,833746,1321617,834036,122642,426,106969,51801
2,layer1.1.bn3,1,382550,False,818776,1315148,819084,121648,338,106045,49776
3,layer1.1.bn3,1,380199,False,813227,1321107,813204,122569,311,106383,47813
4,layer1.1.bn3,1,377735,False,807781,1315148,807996,121648,300,105859,46524
5,layer1.1.bn3,1,390756,False,836774,1321399,836892,122611,290,106403,50740
6,layer1.1.bn3,1,385186,False,824112,1315148,824376,121648,295,105863,49670
0,layer1.1.add,1,351591,False,757306,611338,757008,61361,150,105549,36311
1,layer1.1.add,1,347172,False,745233,605083,745248,60396,96,104581,34934
2,layer1.1.add,1,348480,False,746950,611557,747012,61405,80,105560,33855
3,layer1.1.add,1,347175,False,743946,605083,743568,60397,44,104345,34903
4,layer1.1.add,1,351170,False,752410,611058,752388,61320,39,105237,35971
5,layer1.1.add,1,345165,False,739719,605083,739872,60396,28,104160,34448
6,layer1.1.add,1,347361,False,745003,611555,744744,61391,33,105263,33640
0,layer1.1.relu3,1,204539,False,447041,459229,446292,60953,131,54952,11475
1,layer1.1.relu3,1,196429,False,427136,453250,426468,60027,69,54034,10144
2,layer1.1.relu3,1,194431,False,423517,453254,422688,60029,39,53913,9473
3,layer1.1.relu3,1,198895,False,432364,458234,431592,60806,37,54748,9430
4,layer1.1.relu3,1,192536,False,419084,453254,418404,60029,29,53791,9450
5,layer1.1.relu3,1,199519,False,433891,453250,433188,60027,33,53825,13101
6,layer1.1.relu3,1,202153,False,439135,459642,438480,61013,31,54656,12712
0,layer1.2.conv1,1,877916,False,1825595,5664784,1861272,37363,462,71994,37043
1,layer1.2.conv1,1,883033,False,1800542,5666034,1869924,37613,301,71582,35337
2,layer1.2.conv1,1,878987,False,1794104,5665799,1861188,37580,252,71425,34111
3,layer1.2.conv1,1,873227,False,1784532,5664845,1848672,37377,177,71315,32998
4,layer1.2.conv1,1,864926,False,1785001,5666282,1831032,37654,148,71280,32244
5,layer1.2.conv1,1,862251,False,1782303,5665736,1826496,37567,149,71309,31266
6,layer1.2.conv1,1,860743,False,1783023,5664895,1823220,37384,165,71316,30984
0,layer1.2.bn1,1,129166,False,287766,402617,286692,44898,358,29811,8738
1,layer1.2.bn1,1,122613,False,271353,402617,270396,44898,201,29771,8154
2,layer1.2.bn1,1,119233,False,264666,402617,263508,44898,132,29556,7908
3,layer1.2.bn1,1,122560,False,271295,408904,270144,45879,121,30077,7623
4,layer1.2.bn1,1,117378,False,259887,402617,258720,44898,104,29452,7522
5,layer1.2.bn1,1,117032,False,259840,402617,258720,44898,92,29465,7462
6,layer1.2.bn1,1,116760,False,258497,402617,257292,44898,89,29395,7493
0,layer1.2.relu1,1,68667,False,158787,152215,157416,22399,138,15261,4557
1,layer1.2.relu1,1,66719,False,153272,152211,151788,22397,92,15285,4410
2,layer1.2.relu1,1,64120,False,147188,152215,145824,22399,39,15134,4312
3,layer1.2.relu1,1,63700,False,146692,152211,145236,22397,29,15106,4272
4,layer1.2.relu1,1,63309,False,146010,152215,144564,22399,31,15150,4264
5,layer1.2.relu1,1,70633,False,162276,159303,161028,23496,39,15774,5653
6,layer1.2.relu1,1,66526,False,153727,152353,152376,22426,35,15162,5320
0,layer1.2.conv2,1,2090648,False,4371248,8291868,4410504,96467,1568,70306,27387
1,layer1.2.conv2,1,2072005,False,4323022,8285490,4369092,95346,1069,68996,22903
2,layer1.2.conv2,1,2068938,False,4285175,8287311,4360272,95709,855,68672,20162
3,layer1.2.conv2,1,2066378,False,4305069,8285035,4355904,95314,822,68779,23790
4,layer1.2.conv2,1,2063729,False,4294022,8288524,4350612,96052,960,68792,20216
5,layer1.2.conv2,1,2063227,False,4276964,8284059,4349100,95014,888,68321,18475
6,layer1.2.conv2,1,2058644,False,4267689,8288032,4338348,95828,808,69339,17477
0,layer1.2.bn2,1,142583,False,318355,402571,317268,44888,389,29836,14214
1,layer1.2.bn2,1,134017,False,296049,402289,295092,44825,231,29682,12839
2,layer1.2.bn2,1,124973,False,277551,402289,276360,44825,157,29585,12495
3,layer1.2.bn2,1,123930,False,274392,402381,273336,44809,117,29433,12092
4,layer1.2.bn2,1,122243,False,270822,401093,269724,44613,101,29352,11858
5,layer1.2.bn2,1,122040,False,271380,401093,270396,44613,107,29357,11707
6,layer1.2.bn2,1,121429,False,269285,401093,268212,44613,92,29322,11471
0,layer1.2.relu2,1,69615,False,161388,153369,160356,22603,153,15224,6412
1,layer1.2.relu2,1,70413,False,162528,153365,161196,22601,97,15371,6332
2,layer1.2.relu2,1,69302,False,159209,153369,157752,22603,51,15294,6348
3,layer1.2.relu2,1,66070,False,152343,153365,151116,22601,33,15216,6241
4,layer1.2.relu2,1,70323,False,161098,153369,159600,22603,29,15245,6981
5,layer1.2.relu2,1,67940,False,155974,153365,154728,22601,26,15138,6707
6,layer1.2.relu2,1,67512,False,155686,153369,154560,22603,27,15197,6696
0,layer1.2.conv3,1,986705,False,2037954,5298638,2089500,68561,423,72400,38140
1,layer1.2.conv3,1,972945,False,2024556,5299658,2059344,68776,314,72216,36834
2,layer1.2.conv3,1,971279,False,1988775,5299872,2055060,68800,229,71964,33872
3,layer1.2.conv3,1,969420,False,1985047,5300019,2051700,68832,235,72013,32483
4,layer1.2.conv3,1,951809,False,1973408,5298638,2014068,68561,194,71867,31320
5,layer1.2.conv3,1,959255,False,1972555,5299754,2029440,68774,204,71882,30691
6,layer1.2.conv3,1,954545,False,1975178,5307452,2019780,70228,183,72121,30140
0,layer1.2.bn3,1,396489,False,852507,1320915,852600,122554,597,107399,53629
1,layer1.2.bn3,1,387908,False,833930,1314605,833952,121574,453,106191,53097
2,layer1.2.bn3,1,396832,False,850139,1320674,850080,122519,366,106861,56117
3,layer1.2.bn3,1,389213,False,833325,1314501,833532,121553,335,105870,54157
4,layer1.2.bn3,1,392920,False,841654,1320657,841848,122513,310,106410,54172
5,layer1.2.bn3,1,387845,False,830523,1314501,830760,121553,299,105764,52199
6,layer1.2.bn3,1,384539,False,824220,1314627,824460,121583,300,105803,51316
0,layer1.2.add,1,344053,False,742697,611066,742476,61322,155,105654,25415
1,layer1.2.add,1,340204,False,731013,605032,730968,60390,84,104480,24431
2,layer1.2.add,1,341951,False,736131,610484,735924,61235,43,105262,24421
3,layer1.2.add,1,335854,False,721627,605032,721728,60390,26,104137,23683
4,layer1.2.add,1,339191,False,729435,611007,729288,61314,30,105228,23602
5,layer1.2.add,1,338673,False,727589,605032,727272,60390,23,104208,27722
6,layer1.2.add,1,341020,False,732482,611212,732060,61343,29,105201,26184
0,layer1.2.relu3,1,199269,False,435625,454425,434868,60235,139,54074,11155
1,layer1.2.relu3,1,195698,False,426476,454425,425628,60235,81,54006,9979
2,layer1.2.relu3,1,194950,False,424184,454563,423360,60262,54,53997,9361
3,layer1.2.relu3,1,194739,False,423797,454425,422940,60235,28,53853,9928
4,layer1.2.relu3,1,193346,False,421029,454425,420168,60235,24,53756,9632
5,layer1.2.relu3,1,197275,False,428656,460384,427896,61156,29,54725,9070
6,layer1.2.relu3,1,192485,False,418953,454425,417984,60236,28,53760,8877
0,layer2.0.conv1,1,1656917,False,3420380,11246661,3496416,58506,347,136002,7191
1,layer2.0.conv1,1,1646721,False,3403961,11245020,3472812,58166,267,135960,5236
2,layer2.0.conv1,1,1633331,False,3388335,11240381,3444588,57506,218,135267,6156
3,layer2.0.conv1,1,1638648,False,3393952,11240186,3456012,57489,258,135399,7347
4,layer2.0.conv1,1,1648208,False,3411628,11246198,3475416,58340,328,135994,9737
5,layer2.0.conv1,1,1646620,False,3405175,11246539,3472560,58444,304,135921,7305
6,layer2.0.conv1,1,1633044,False,3404173,11246312,3443664,58417,306,135917,6518
0,layer2.0.bn1,1,211085,False,461931,705112,461244,70161,411,55744,21986
1,layer2.0.bn1,1,208385,False,452742,704984,451836,70131,278,55526,20493
2,layer2.0.bn1,1,207546,False,451180,711002,450324,71060,209,56353,18559
3,layer2.0.bn1,1,199922,False,434726,704984,433776,70131,181,55304,17203
4,layer2.0.bn1,1,217911,False,473010,711009,472248,71062,174,56331,22741
5,layer2.0.bn1,1,206836,False,449698,704984,449064,70131,164,55218,20723
6,layer2.0.bn1,1,203495,False,442662,704984,441840,70131,155,55244,18953
0,layer2.0.relu1,1,108443,False,244452,253742,243432,35151,140,28050,2601
1,layer2.0.relu1,1,106930,False,238850,253738,237636,35149,108,28194,3473
2,layer2.0.relu1,1,105218,False,234882,253742,233772,35151,71,28254,3360
3,layer2.0.relu1,1,103613,False,231371,253742,230412,35151,43,28105,3141
4,layer2.0.relu1,1,103045,False,229224,253742,228060,35151,29,27967,3098
5,layer2.0.relu1,1,102092,False,227835,253738,226464,35149,33,28018,3093
6,layer2.0.relu1,1,103038,False,230211,253749,228984,35153,24,28020,3700
0,layer2.0.conv2,1,2245362,False,4652191,8592938,4734912,105572,1587,167647,21610
1,layer2.0.conv2,1,2217219,False,4603150,8585824,4673508,104399,1044,166409,17972
2,layer2.0.conv2,1,2191570,False,4564796,8585858,4618320,104382,912,166528,16533
3,layer2.0.conv2,1,2194376,False,4558152,8585217,4624704,104167,884,165743,15715
4,layer2.0.conv2,1,2183499,False,4557818,8585184,4602108,104367,901,165922,15691
5,layer2.0.conv2,1,2175502,False,4544072,8579531,4585308,103133,799,165376,15618
6,layer2.0.conv2,1,2185357,False,4549075,8584363,4604712,104159,806,166206,15323
0,layer2.0.bn2,1,89928,False,205477,255339,203952,32878,331,16810,4557
1,layer2.0.bn2,1,82840,False,187543,254955,186060,32790,168,16623,4218
2,layer2.0.bn2,1,82193,False,186053,254959,184464,32792,107,16626,4128
3,layer2.0.bn2,1,80224,False,181289,254955,180096,32790,54,16547,4132
4,layer2.0.bn2,1,79868,False,180431,254959,179256,32792,34,16458,4089
5,layer2.0.bn2,1,81623,False,184406,254955,183036,32790,46,16551,4426
6,layer2.0.bn2,1,78232,False,177176,254959,175812,32792,32,16375,4312
0,layer2.0.relu2,1,44707,False,108798,103201,107436,16335,156,8835,1997
1,layer2.0.relu2,1,42858,False,102991,103197,101556,16333,105,8870,1880
2,layer2.0.relu2,1,40744,False,97720,103201,96096,16335,52,8736,1901
3,layer2.0.relu2,1,41261,False,99872,103197,98448,16333,37,8804,1954
4,layer2.0.relu2,1,41452,False,100208,103201,98532,16335,29,8805,2011
5,layer2.0.relu2,1,40654,False,98403,103197,97020,16333,28,8715,1976
6,layer2.0.relu2,1,42518,False,102345,103339,100884,16362,32,8716,2004
0,layer2.0.conv3,1,914609,False,1901797,5319622,1938636,62580,318,53581,32201
1,layer2.0.conv3,1,908440,False,1876922,5320084,1922508,62650,162,53225,29066
2,layer2.0.conv3,1,909214,False,1869353,5320749,1924188,62747,117,53010,27836
3,layer2.0.conv3,1,910736,False,1870426,5318961,1926288,62435,109,52917,26578
4,layer2.0.conv3,1,904777,False,1860181,5319442,1913100,62528,104,52916,25420
5,layer2.0.conv3,1,910435,False,1861439,5318882,1926204,62390,99,52799,24458
6,layer2.0.conv3,1,902813,False,1854148,5319426,1908900,62525,87,52873,23772
0,layer2.0.bn3,1,219751,False,480711,727759,479808,73917,285,55966,27151
1,layer2.0.bn3,1,211740,False,460200,727968,459564,73967,176,56012,24242
2,layer2.0.bn3,1,215187,False,468326,727972,467796,73969,98,55837,25069
3,layer2.0.bn3,1,210419,False,457139,727968,456456,73967,55,55623,23014
4,layer2.0.bn3,1,209965,False,455307,733990,454608,74898,55,56565,21284
5,layer2.0.bn3,1,204233,False,443309,727968,442512,73967,44,55422,20278
6,layer2.0.bn3,1,205173,False,446174,727972,445452,73969,33,55670,19561
0,layer2.0.downsample.0,1,2399087,False,5006206,11230117,5062008,157701,1547,246442,68671
1,layer2.0.downsample.0,1,2368956,False,4941706,11236057,4993884,158565,1082,246940,53207
2,layer2.0.downsample.0,1,2351843,False,4912728,11237159,4955496,159265,1033,246060,49419
3,layer2.0.downsample.0,1,2346301,False,4894974,11234790,4944240,158751,921,246179,46132
4,layer2.0.downsample.0,1,2358257,False,4891387,11239338,4968264,159282,883,247428,45667
5,layer2.0.downsample.0,1,2349268,False,4871090,11230889,4948524,157951,783,245588,44774
6,layer2.0.downsample.0,1,2381748,False,4937515,11228536,5018160,157477,898,246468,59242
0,layer2.0.downsample.1,1,226805,False,495225,733791,494424,74860,382,57206,17310
1,layer2.0.downsample.1,1,212386,False,460815,727866,459984,73955,222,55956,14890
2,layer2.0.downsample.1,1,207310,False,450003,727870,449484,73957,137,55785,13544
3,layer2.0.downsample.1,1,204147,False,443867,727866,443100,73955,76,55674,12507
4,layer2.0.downsample.1,1,202113,False,439145,727870,438396,73957,54,55619,12022
5,layer2.0.downsample.1,1,202878,False,440133,733884,439320,74884,42,56128,11347
6,layer2.0.downsample.1,1,197912,False,430355,727887,429744,73959,45,55529,10889
0,layer2.0.add,1,177219,False,390225,329175,389256,35318,137,54149,8293
1,layer2.0.add,1,174605,False,381899,329179,381024,35320,90,53941,7384
2,layer2.0.add,1,172987,False,377622,329179,376908,35320,44,53881,7787
3,layer2.0.add,1,174382,False,381507,329230,380520,35326,56,54007,7571
4,layer2.0.add,1,177278,False,387244,335210,386484,36249,48,54585,7071
5,layer2.0.add,1,172347,False,376611,329179,375732,35320,30,53829,6908
6,layer2.0.add,1,171948,False,375256,329179,374304,35320,25,53827,6829
0,layer2.0.relu3,1,119204,False,265210,253776,264012,35161,156,28205,14682
1,layer2.0.relu3,1,115062,False,255103,253776,253848,35161,63,28132,13869
2,layer2.0.relu3,1,113828,False,252104,253776,250824,35161,36,28107,13494
3,layer2.0.relu3,1,119538,False,264392,260482,263256,36191,39,28809,14229
4,layer2.0.relu3,1,112516,False,249598,253776,248472,35161,20,28015,13812
5,layer2.0.relu3,1,113111,False,250918,253776,249900,35161,21,28075,13336
6,layer2.0.relu3,1,112979,False,249963,253776,248808,35161,21,28078,13155
0,layer2.1.conv1,1,885864,False,1809201,5720800,1875384,37762,363,48734,15658
1,layer2.1.conv1,1,879188,False,1785128,5721930,1860348,37978,231,48484,13218
2,layer2.1.conv1,1,862599,False,1788717,5720877,1826244,37775,182,48493,13188
3,layer2.1.conv1,1,859780,False,1778552,5721976,1818768,37984,159,48370,11752
4,layer2.1.conv1,1,867169,False,1777649,5722931,1834560,38167,150,48049,11341
5,layer2.1.conv1,1,871587,False,1771924,5720807,1843380,37764,149,48166,10526
6,layer2.1.conv1,1,858717,False,1765598,5721536,1816248,37919,145,48014,9592
0,layer2.1.bn1,1,89936,False,204998,255785,203616,32979,323,16905,3733
1,layer2.1.bn1,1,84364,False,191268,255937,189924,33014,204,16726,3268
2,layer2.1.bn1,1,80753,False,183196,255937,181944,33014,112,16641,3253
3,layer2.1.bn1,1,79415,False,179180,256029,177828,32998,63,16436,3146
4,layer2.1.bn1,1,79400,False,179578,254840,178164,32823,61,16583,3161
5,layer2.1.bn1,1,77995,False,175998,254741,174720,32802,43,16477,3124
6,layer2.1.bn1,1,77246,False,174637,254741,173376,32802,37,16545,3136
0,layer2.1.relu1,1,43470,False,105841,103249,104496,16339,134,8757,1696
1,layer2.1.relu1,1,41323,False,100603,103236,98952,16339,61,8822,1679
2,layer2.1.relu1,1,41250,False,99983,103232,98700,16337,33,8696,1605
3,layer2.1.relu1,1,39853,False,96683,103236,95256,16339,27,8697,1591
4,layer2.1.relu1,1,41295,False,99334,103232,97776,16337,27,8721,1583
5,layer2.1.relu1,1,39883,False,96083,103236,94500,16339,31,8722,1649
6,layer2.1.relu1,1,40719,False,98006,103232,96684,16337,24,8698,1658
0,layer2.1.conv2,1,2029497,False,4234497,8174396,4279548,96808,1644,57030,21751
1,layer2.1.conv2,1,2014748,False,4185738,8171467,4245612,96093,1211,56404,18712
2,layer2.1.conv2,1,1999917,False,4163779,8170072,4215876,95901,1029,56136,17506
3,layer2.1.conv2,1,2006460,False,4154549,8170352,4228056,95923,1064,55979,17021
4,layer2.1.conv2,1,1995100,False,4162276,8175451,4202940,96961,1017,56306,16592
5,layer2.1.conv2,1,2006680,False,4148119,8173647,4229316,96655,997,56404,15749
6,layer2.1.conv2,1,1987556,False,4134223,8167991,4188324,95356,852,56463,15202
0,layer2.1.bn2,1,89622,False,204416,253875,203196,32603,320,16843,5382
1,layer2.1.bn2,1,88011,False,198205,259773,196980,33510,189,17358,4874
2,layer2.1.bn2,1,82620,False,186649,253814,185556,32589,122,16626,4859
3,layer2.1.bn2,1,83273,False,187326,253818,186060,32591,114,16800,4936
4,layer2.1.bn2,1,91534,False,205657,260734,204204,33663,76,17199,6133
5,layer2.1.bn2,1,84990,False,191119,253814,189840,32589,53,16601,6122
6,layer2.1.bn2,1,83924,False,189485,253814,187908,32589,43,16576,5842
0,layer2.1.relu2,1,45796,False,110726,103235,109032,16342,150,8921,2415
1,layer2.1.relu2,1,45942,False,109733,103231,108192,16340,103,8907,2413
2,layer2.1.relu2,1,43886,False,105319,103235,103656,16342,40,8844,2355
3,layer2.1.relu2,1,43562,False,104788,103231,103236,16340,29,8726,2243
4,layer2.1.relu2,1,44354,False,106453,103235,105000,16342,30,8767,2236
5,layer2.1.relu2,1,43934,False,105638,103231,104160,16340,25,8705,2203
6,layer2.1.relu2,1,42538,False,102153,103235,100716,16342,28,8765,2236
0,layer2.1.conv3,1,931241,False,1898768,5318679,1972236,62386,290,53436,34332
1,layer2.1.conv3,1,927484,False,1893791,5321254,1963164,62829,202,53442,33008
2,layer2.1.conv3,1,915726,False,1875885,5320857,1936284,62768,143,53042,31006
3,layer2.1.conv3,1,908455,False,1872067,5320515,1921416,62717,121,53141,28477
4,layer2.1.conv3,1,914492,False,1861423,5320515,1934604,62717,111,52913,27020
5,layer2.1.conv3,1,904181,False,1865687,5319985,1912932,62580,116,52891,26110
6,layer2.1.conv3,1,915868,False,1886109,5333745,1937292,64905,135,53459,25869
0,layer2.1.bn3,1,221557,False,484543,726319,483924,73646,340,56068,26629
1,layer2.1.bn3,1,216508,False,471231,726476,470568,73686,211,56190,24472
2,layer2.1.bn3,1,210764,False,466235,732795,465360,74657,107,55923,22914
3,layer2.1.bn3,1,218117,False,473355,726476,472500,73686,64,55697,25460
4,layer2.1.bn3,1,214871,False,466034,726480,465024,73688,46,55686,23645
5,layer2.1.bn3,1,208960,False,453893,726476,453180,73686,30,55514,21773
6,layer2.1.bn3,1,207824,False,451189,726480,450240,73688,33,55551,21395
0,layer2.1.add,1,181516,False,398412,329081,397488,35307,140,53959,13492
1,layer2.1.add,1,187272,False,409107,335165,408324,36290,112,54992,13896
2,layer2.1.add,1,178902,False,391828,329077,390768,35305,46,53805,13016
3,layer2.1.add,1,177299,False,388171,329077,387408,35305,35,53768,11911
4,layer2.1.add,1,189571,False,415515,329081,414792,35307,35,53766,20481
5,layer2.1.add,1,184795,False,405048,329077,404460,35305,33,53696,18361
6,layer2.1.add,1,187148,False,409591,335111,408996,36237,42,54791,16604
0,layer2.1.relu3,1,123219,False,274339,253755,273252,35154,134,28239,15802
1,layer2.1.relu3,1,119565,False,265922,253759,264684,35156,79,28220,14833
2,layer2.1.relu3,1,115114,False,255999,253759,255024,35156,49,28086,14328
3,layer2.1.relu3,1,116556,False,259139,253759,257964,35156,43,28205,14271
4,layer2.1.relu3,1,120544,False,267652,259789,266532,36086,30,29008,14099
5,layer2.1.relu3,1,116341,False,258699,253759,257712,35156,24,28049,13964
6,layer2.1.relu3,1,113494,False,252635,253759,251580,35156,26,28088,13777
0,layer2.2.conv1,1,872035,False,1808543,5722532,1848252,38064,302,48077,16716
1,layer2.2.conv1,1,862265,False,1796411,5722869,1834728,37266,242,47719,14792
2,layer2.2.conv1,1,862509,False,1790183,5722090,1826244,37999,200,48004,14052
3,layer2.2.conv1,1,868477,False,1783446,5723447,1837500,38231,173,48041,13214
4,layer2.2.conv1,1,874718,False,1783885,5721051,1851780,37894,184,48007,12121
5,layer2.2.conv1,1,856683,False,1776609,5721972,1813812,38016,184,47976,11540
6,layer2.2.conv1,1,876444,False,1776603,5721898,1854720,37996,155,48046,11169
0,layer2.2.bn1,1,91214,False,207878,255712,206640,32959,332,16821,6496
1,layer2.2.bn1,1,84651,False,191591,255590,190260,32931,170,16821,6182
2,layer2.2.bn1,1,82154,False,185785,255590,184464,32931,90,16715,5916
3,layer2.2.bn1,1,84055,False,189922,261959,188580,33910,61,17267,5788
4,layer2.2.bn1,1,81120,False,184110,255590,182700,32931,47,16587,5741
5,layer2.2.bn1,1,79317,False,179347,255590,177912,32931,34,16464,5633
6,layer2.2.bn1,1,78191,False,177336,255590,176064,32931,26,16433,5608
0,layer2.2.relu1,1,46959,False,113461,103248,111972,16342,126,8874,4100
1,layer2.2.relu1,1,46191,False,120762,109433,119532,17292,148,9024,4161
2,layer2.2.relu1,1,46862,False,112763,103244,111468,16340,55,8946,4533
3,layer2.2.relu1,1,45461,False,109060,103248,107520,16342,37,8735,4304
4,layer2.2.relu1,1,45077,False,108352,103248,106932,16343,36,8793,4184
5,layer2.2.relu1,1,44476,False,106933,103244,105420,16340,27,8737,4164
6,layer2.2.relu1,1,43816,False,104607,103244,103236,16340,34,8670,4102
0,layer2.2.conv2,1,2043990,False,4256711,8175659,4311384,96949,1538,58460,26190
1,layer2.2.conv2,1,2017928,False,4199873,8170396,4253424,95841,1156,57498,22161
2,layer2.2.conv2,1,2002232,False,4178388,8167101,4219068,95111,998,57314,19890
3,layer2.2.conv2,1,2013514,False,4185981,8170407,4244604,95885,1077,57777,19813
4,layer2.2.conv2,1,2004304,False,4169146,8170339,4224108,95997,957,57459,18976
5,layer2.2.conv2,1,1992159,False,4156901,8168118,4198656,95464,726,57047,17839
6,layer2.2.conv2,1,1996762,False,4151027,8171093,4207644,96104,738,57017,17275
0,layer2.2.bn2,1,90368,False,206324,255286,205212,32861,326,16794,6825
1,layer2.2.bn2,1,86490,False,195592,255270,194292,32857,188,16706,6569
2,layer2.2.bn2,1,83134,False,187549,255274,186312,32859,112,16557,6424
3,layer2.2.bn2,1,80853,False,183053,255274,182112,32859,64,16494,6341
4,layer2.2.bn2,1,82448,False,186594,255274,185388,32859,57,16531,6263
5,layer2.2.bn2,1,83588,False,189388,255270,188076,32857,38,16490,7010
6,layer2.2.bn2,1,82248,False,186288,255274,185052,32859,34,16504,6692
0,layer2.2.relu2,1,47390,False,114383,103226,112812,16339,135,8828,4701
1,layer2.2.relu2,1,46221,False,109997,103222,108696,16337,83,8839,4539
2,layer2.2.relu2,1,46214,False,110291,103226,109032,16339,35,8867,4511
3,layer2.2.relu2,1,46898,False,111932,103222,110460,16337,29,8770,4646
4,layer2.2.relu2,1,45377,False,108470,103226,107016,16339,28,8698,4634
5,layer2.2.relu2,1,47131,False,112711,103222,111132,16337,28,8677,4660
6,layer2.2.relu2,1,45899,False,110160,103226,108696,16339,23,8754,4658
0,layer2.2.conv3,1,917435,False,1888697,5312396,1945272,61383,373,52892,33733
1,layer2.2.conv3,1,926274,False,1886234,5320127,1962660,62628,279,53229,30462
2,layer2.2.conv3,1,924341,False,1886812,5319497,1956360,62543,213,53202,30173
3,layer2.2.conv3,1,922155,False,1875877,5320112,1950984,62656,139,53038,28065
4,layer2.2.conv3,1,908218,False,1870692,5318430,1921668,62315,123,52983,26414
5,layer2.2.conv3,1,899966,False,1869633,5319391,1904616,62522,116,53027,25335
6,layer2.2.conv3,1,915322,False,1863637,5317761,1937124,62218,122,52968,24429
0,layer2.2.bn3,1,223765,False,488867,733662,488208,74833,346,56832,26454
1,layer2.2.bn3,1,215639,False,469716,727835,468888,73941,191,56009,24716
2,layer2.2.bn3,1,210986,False,457544,727620,456792,73893,105,55781,23416
3,layer2.2.bn3,1,210963,False,457330,733794,456540,74862,73,56534,22112
4,layer2.2.bn3,1,205937,False,447204,727839,446544,73943,43,55640,20742
5,layer2.2.bn3,1,204626,False,444388,727835,443772,73941,35,55615,19897
6,layer2.2.bn3,1,203291,False,440845,727839,440160,73943,33,55597,19142
0,layer2.2.add,1,181463,False,398427,329144,397572,35314,111,54022,13063
1,layer2.2.add,1,178231,False,390307,329140,389508,35312,75,53903,12014
2,layer2.2.add,1,176448,False,385949,329144,385056,35314,46,53984,10948
3,layer2.2.add,1,174242,False,381705,329144,380940,35314,25,53799,10526
4,layer2.2.add,1,180172,False,393245,335249,392364,36256,33,54738,10739
5,layer2.2.add,1,175081,False,383211,329140,382368,35312,30,53785,10350
6,layer2.2.add,1,176785,False,386005,329144,385224,35314,33,53830,10205
0,layer2.2.relu3,1,118897,False,265764,253729,264600,35149,115,28040,14233
1,layer2.2.relu3,1,116274,False,258882,253729,257628,35149,78,28312,13419
2,layer2.2.relu3,1,113500,False,252253,253729,250992,35149,38,28152,12891
3,layer2.2.relu3,1,114073,False,253269,253821,252168,35133,48,28195,12621
4,layer2.2.relu3,1,116369,False,258527,258492,257292,35858,51,28985,12403
5,layer2.2.relu3,1,113996,False,252538,252533,251496,34937,35,28010,12605
6,layer2.2.relu3,1,116889,False,259898,252671,258720,34964,44,28172,13916
0,layer2.3.conv1,1,877681,False,1800010,5716105,1859676,37075,297,47615,17118
1,layer2.3.conv1,1,857671,False,1780962,5716928,1815828,37251,239,47581,14524
2,layer2.3.conv1,1,868506,False,1770477,5716101,1837752,37073,176,47382,13389
3,layer2.3.conv1,1,866171,False,1797898,5727996,1842624,39084,187,47948,13431
4,layer2.3.conv1,1,875231,False,1787753,5724152,1851696,38395,186,48290,12951
5,layer2.3.conv1,1,861695,False,1786885,5723740,1832544,38353,186,48372,13161
6,layer2.3.conv1,1,877410,False,1784107,5723753,1856148,38333,169,48186,12382
0,layer2.3.bn1,1,91085,False,207703,255353,206304,32877,324,16679,7373
1,layer2.3.bn1,1,86295,False,195253,255270,193956,32857,165,16846,7145
2,layer2.3.bn1,1,82018,False,185367,255270,184128,32857,66,16450,6923
3,layer2.3.bn1,1,83194,False,187707,255270,186312,32857,49,16497,6913
4,layer2.3.bn1,1,79141,False,179816,255270,178500,32857,32,16470,6724
5,layer2.3.bn1,1,79298,False,179142,255270,177744,32857,29,16419,6622
6,layer2.3.bn1,1,81996,False,184833,255270,183456,32857,31,16478,6603
0,layer2.3.relu1,1,47589,False,114297,102026,112896,16125,144,8862,4930
1,layer2.3.relu1,1,49336,False,116992,108410,115416,17107,100,9585,4837
2,layer2.3.relu1,1,43295,False,103540,102022,102144,16123,65,8862,4749
3,layer2.3.relu1,1,42833,False,102895,102026,101304,16125,37,8694,4675
4,layer2.3.relu1,1,43921,False,105063,102026,103656,16125,31,8774,4645
5,layer2.3.relu1,1,44337,False,106131,102022,104496,16123,30,8736,4657
6,layer2.3.relu1,1,46064,False,109650,102022,108192,16123,33,8762,4883
0,layer2.3.conv2,1,2050361,False,4243173,8169922,4323648,95758,1464,58171,24200
1,layer2.3.conv2,1,2022392,False,4210540,8173512,4264176,96676,1189,57636,22397
2,layer2.3.conv2,1,2021649,False,4204896,8175183,4261740,96882,1195,58016,21597
3,layer2.3.conv2,1,2027715,False,4207588,8174158,4274172,96619,1057,57521,21726
4,layer2.3.conv2,1,2004378,False,4172173,8172504,4224612,96368,957,57165,19706
5,layer2.3.conv2,1,2011187,False,4159362,8173110,4237884,96484,802,57360,18124
6,layer2.3.conv2,1,2009561,False,4167749,8173763,4235028,96520,745,57054,17937
0,layer2.3.bn2,1,88641,False,202830,255536,201516,32920,312,16780,7721
1,layer2.3.bn2,1,87490,False,197990,254997,196560,32798,171,16815,7476
2,layer2.3.bn2,1,83337,False,188373,254993,187152,32796,102,16660,7210
3,layer2.3.bn2,1,82451,False,194713,261151,193536,33750,62,17113,7004
4,layer2.3.bn2,1,80583,False,182267,254997,181104,32798,43,16452,6963
5,layer2.3.bn2,1,80332,False,181617,254997,180348,32798,38,16415,6921
6,layer2.3.bn2,1,84188,False,189829,260909,188664,33712,56,17003,6865
0,layer2.3.relu2,1,48452,False,116093,102018,114660,16123,120,8796,5355
1,layer2.3.relu2,1,45750,False,109889,102018,108528,16123,79,8757,5250
2,layer2.3.relu2,1,49185,False,116470,107918,115080,17036,44,9425,5108
3,layer2.3.relu2,1,44670,False,107118,102022,105672,16125,36,8750,5140
4,layer2.3.relu2,1,46066,False,109819,102018,108444,16123,27,8699,5172
5,layer2.3.relu2,1,44875,False,107056,102018,105588,16123,27,8737,5143
6,layer2.3.relu2,1,43804,False,104913,102018,103488,16123,23,8682,5059
0,layer2.3.conv3,1,914429,False,1899107,5320747,1937628,62768,298,53710,32584
1,layer2.3.conv3,1,906017,False,1884440,5320287,1918476,62710,191,53443,29574
2,layer2.3.conv3,1,916457,False,1872883,5320728,1938300,62764,147,53225,26918
3,layer2.3.conv3,1,899831,False,1868568,5321421,1904448,62889,114,53137,25067
4,layer2.3.conv3,1,913504,False,1860140,5320230,1932756,62626,104,53134,25360
5,layer2.3.conv3,1,905772,False,1864180,5321258,1916292,62828,104,53153,24194
6,layer2.3.conv3,1,900629,False,1855461,5319886,1905708,62584,88,53029,23362
0,layer2.3.bn3,1,218611,False,478057,727604,477456,73877,279,55998,26712
1,layer2.3.bn3,1,215028,False,467392,727734,466872,73911,182,55905,24732
2,layer2.3.bn3,1,243131,False,525888,746541,525504,76951,163,57184,28808
3,layer2.3.bn3,1,225703,False,490260,727717,489300,73909,57,55588,28995
4,layer2.3.bn3,1,224759,False,487025,734357,486528,74927,47,56639,27490
5,layer2.3.bn3,1,216661,False,470000,727717,469224,73909,37,55569,25506
6,layer2.3.bn3,1,214515,False,465651,727717,465192,73909,33,55582,23781
0,layer2.3.add,1,181406,False,398085,329085,397236,35306,133,54136,12341
1,layer2.3.add,1,178833,False,390522,329081,389592,35304,89,54187,11623
2,layer2.3.add,1,179392,False,391100,329085,390180,35306,46,53890,12443
3,layer2.3.add,1,180468,False,393370,334259,392364,36080,63,54725,11471
4,layer2.3.add,1,176495,False,385364,327889,384636,35094,38,53845,10945
5,layer2.3.add,1,176872,False,386573,327885,385812,35092,35,53814,11985
6,layer2.3.add,1,179686,False,392838,333475,392112,35979,35,54434,11598
0,layer2.3.relu3,1,120341,False,269228,253725,268128,35149,110,28247,14812
1,layer2.3.relu3,1,118449,False,262480,253729,261492,35151,77,28231,14196
2,layer2.3.relu3,1,115124,False,255520,253725,254268,35149,54,28176,13699
3,layer2.3.relu3,1,113189,False,251273,253729,250320,35151,30,28070,13404
4,layer2.3.relu3,1,113977,False,253022,253725,251832,35149,26,28113,13361
5,layer2.3.relu3,1,111991,False,248446,253729,247464,35151,31,28019,13112
6,layer2.3.relu3,1,114012,False,252730,253725,251748,35149,23,28159,13041
0,layer3.0.conv1,1,1818548,False,3793131,10482734,3836028,104082,314,72349,24145
1,layer3.0.conv1,1,1802404,False,3726082,10470336,3800580,102091,222,72173,19954
2,layer3.0.conv1,1,1812617,False,3767059,10470751,3820068,102156,155,72152,17361
3,layer3.0.conv1,1,1806754,False,3740518,10471344,3808560,102260,114,71840,15731
4,layer3.0.conv1,1,1791953,False,3733244,10470852,3777900,102211,109,71921,14867
5,layer3.0.conv1,1,1801533,False,3717991,10471043,3797808,102224,110,71850,16229
6,layer3.0.conv1,1,1825334,False,3768066,10470508,3847872,102060,108,71952,15671
0,layer3.0.bn1,1,134227,False,298998,412022,297864,46395,325,29860,12569
1,layer3.0.bn1,1,127608,False,282670,411965,281484,46383,181,29787,12163
2,layer3.0.bn1,1,124285,False,274881,411961,273840,46381,111,29716,11662
3,layer3.0.bn1,1,118860,False,263874,411965,263004,46383,50,29466,11208
4,layer3.0.bn1,1,120549,False,266322,411961,265440,46381,45,29612,11059
5,layer3.0.bn1,1,119462,False,264056,411965,263004,46383,37,29454,11024
6,layer3.0.bn1,1,118514,False,262369,411961,261324,46381,34,29472,10866
0,layer3.0.relu1,1,69176,False,160250,153390,158844,22607,123,15372,6409
1,layer3.0.relu1,1,71913,False,163656,158740,162204,23439,92,15976,6144
2,layer3.0.relu1,1,66278,False,152598,153390,151200,22607,37,15220,6149
3,layer3.0.relu1,1,66556,False,153221,153386,151620,22605,32,15152,6143
4,layer3.0.relu1,1,67627,False,155455,153390,154224,22607,30,15134,6080
5,layer3.0.relu1,1,65229,False,150031,153390,148680,22607,26,15154,6061
6,layer3.0.relu1,1,65964,False,152210,153528,150864,22634,30,15165,6015
0,layer3.0.conv2,1,2336115,False,4846337,9234550,4925676,120476,1696,175410,38916
1,layer3.0.conv2,1,2299158,False,4791721,9225604,4844196,118958,1346,174184,34392
2,layer3.0.conv2,1,2331419,False,4839023,9234011,4912824,120231,968,174808,43300
3,layer3.0.conv2,1,2321385,False,4820379,9225245,4891320,118777,1076,174668,40129
4,layer3.0.conv2,1,2291178,False,4780505,9227820,4827816,119314,714,174071,35905
5,layer3.0.conv2,1,2290905,False,4781541,9235849,4826892,120647,938,174825,34681
6,layer3.0.conv2,1,2282612,False,4757017,9227624,4810176,119279,914,173916,32529
0,layer3.0.bn2,1,73131,False,169656,188609,168420,27921,314,10338,3685
1,layer3.0.bn2,1,65004,False,150304,188584,148932,27914,163,10236,3436
2,layer3.0.bn2,1,65496,False,151342,188588,149856,27916,102,10207,3577
3,layer3.0.bn2,1,63868,False,147472,188588,145908,27916,65,10173,3488
4,layer3.0.bn2,1,62908,False,144989,188588,143556,27916,44,10105,3408
5,layer3.0.bn2,1,62145,False,143144,188584,141540,27914,42,10160,3370
6,layer3.0.bn2,1,63341,False,146160,188588,144816,27916,74,10214,3386
0,layer3.0.relu2,1,39170,False,98499,78131,96852,13202,146,5706,2423
1,layer3.0.relu2,1,38871,False,95471,84156,93912,14132,83,6153,2035
2,layer3.0.relu2,1,34528,False,85712,78131,84252,13201,35,5520,2018
3,layer3.0.relu2,1,34721,False,86507,78223,85008,13185,43,5638,1982
4,layer3.0.relu2,1,37763,False,92762,83164,91224,13949,50,6034,1941
5,layer3.0.relu2,1,33394,False,83533,76935,82152,12989,21,5479,1932
6,layer3.0.relu2,1,34256,False,85213,76935,83748,12989,21,5464,1987
0,layer3.0.conv3,1,1032855,False,2144386,5952137,2185512,71933,265,51716,28761
1,layer3.0.conv3,1,1021398,False,2124663,5952552,2159472,71999,152,51756,26103
2,layer3.0.conv3,1,1016409,False,2112125,5950944,2148888,71672,117,51501,25000
3,layer3.0.conv3,1,1020555,False,2108081,5951972,2157960,71891,100,51483,23912
4,layer3.0.conv3,1,1017476,False,2096518,5951185,2150568,71710,85,51246,22515
5,layer3.0.conv3,1,1017387,False,2098163,5952023,2151072,71901,95,51368,22264
6,layer3.0.conv3,1,1030116,False,2101766,5952320,2178036,71949,107,51708,21773
0,layer3.0.bn3,1,134852,False,299877,461838,298704,54325,315,30190,7238
1,layer3.0.bn3,1,127044,False,281459,461798,280224,54317,173,30169,6752
2,layer3.0.bn3,1,128694,False,284367,467773,283500,55241,116,31022,6463
3,layer3.0.bn3,1,119859,False,264999,461798,263928,54317,49,29869,6171
4,layer3.0.bn3,1,120879,False,268090,461798,266952,54317,42,29862,6648
5,layer3.0.bn3,1,121072,False,267092,461798,266028,54317,39,29869,6389
6,layer3.0.bn3,1,118493,False,262309,461798,261156,54317,31,29888,6350
0,layer3.0.downsample.0,1,2310348,False,4816855,10983927,4872084,138587,1450,223504,41901
1,layer3.0.downsample.0,1,2297289,False,4764660,10986382,4841424,138965,1100,223706,35193
2,layer3.0.downsample.0,1,2319629,False,4827311,10985974,4889472,138903,958,223241,60557
3,layer3.0.downsample.0,1,2323424,False,4816901,10995969,4896780,140592,950,223665,56071
4,layer3.0.downsample.0,1,2286712,False,4772102,10986553,4818744,138993,910,223456,49321
5,layer3.0.downsample.0,1,2272953,False,4746723,10984685,4790772,138565,827,222918,42324
6,layer3.0.downsample.0,1,2272604,False,4737247,10988536,4788672,139225,793,223334,39184
0,layer3.0.downsample.1,1,141219,False,313994,468592,312900,55401,349,31022,9470
1,layer3.0.downsample.1,1,131398,False,291403,462259,290052,54419,184,30084,9598
2,layer3.0.downsample.1,1,129769,False,287060,462397,286104,54446,130,30140,9258
3,layer3.0.downsample.1,1,127097,False,281247,462259,280056,54419,67,29980,8784
4,layer3.0.downsample.1,1,126850,False,280926,462259,279888,54419,44,29909,8560
5,layer3.0.downsample.1,1,124053,False,273765,462259,272580,54419,36,29827,8342
6,layer3.0.downsample.1,1,125327,False,277011,462259,275940,54419,45,29936,8179
0,layer3.0.add,1,102936,False,232643,191097,231588,22763,149,28270,8069
1,layer3.0.add,1,100035,False,224604,191097,223608,22763,78,28175,7840
2,layer3.0.add,1,103249,False,230958,197209,229908,23707,55,28976,7335
3,layer3.0.add,1,98583,False,221145,191097,219912,22763,32,28067,6991
4,layer3.0.add,1,97469,False,218513,191097,217476,22763,30,28114,6892
5,layer3.0.add,1,98061,False,219864,191097,218568,22763,25,27964,6692
6,layer3.0.add,1,96980,False,217890,191097,216384,22763,28,28052,6695
0,layer3.0.relu3,1,72609,False,167686,152190,166404,22396,143,15205,9618
1,layer3.0.relu3,1,74455,False,169986,158332,168420,23347,82,15952,9157
2,layer3.0.relu3,1,69822,False,160969,152190,159600,22396,38,15279,8984
3,layer3.0.relu3,1,68513,False,157145,152194,155820,22398,28,15246,8814
4,layer3.0.relu3,1,68460,False,156940,152190,155484,22396,33,15176,8772
5,layer3.0.relu3,1,68280,False,156458,152194,154980,22398,29,15183,8744
6,layer3.0.relu3,1,68173,False,156094,152190,154476,22396,23,15134,8628
0,layer3.1.conv1,1,1075410,False,2244998,5970331,2283540,72430,363,59675,20686
1,layer3.1.conv1,1,1087846,False,2227325,5965071,2298744,71682,208,59722,15456
2,layer3.1.conv1,1,1062649,False,2204353,5967053,2245572,71956,140,60521,13672
3,layer3.1.conv1,1,1082389,False,2224370,5965243,2287740,71726,97,60170,14839
4,layer3.1.conv1,1,1088627,False,2261741,5973488,2309244,73010,121,59993,18180
5,layer3.1.conv1,1,1087325,False,2222724,5964215,2298156,71490,88,60318,13248
6,layer3.1.conv1,1,1079313,False,2208501,5965239,2280936,71707,88,60178,11467
0,layer3.1.bn1,1,72403,False,167566,189281,165984,28084,359,10351,5105
1,layer3.1.bn1,1,68930,False,158569,189172,157332,28058,187,10331,4895
2,layer3.1.bn1,1,67205,False,154623,189111,153132,28044,111,10277,4826
3,layer3.1.bn1,1,66610,False,153451,195221,152124,28957,59,10667,4765
4,layer3.1.bn1,1,63730,False,146530,188014,145152,27853,51,10037,4600
5,layer3.1.bn1,1,62808,False,144644,187915,143136,27832,44,10071,4606
6,layer3.1.bn1,1,62120,False,143479,187915,142212,27832,30,10031,4612
0,layer3.1.relu1,1,35290,False,88608,78135,87276,13200,128,5571,3170
1,layer3.1.relu1,1,33518,False,83609,78139,82152,13202,80,5608,3105
2,layer3.1.relu1,1,33244,False,83455,78135,82068,13200,43,5498,3059
3,layer3.1.relu1,1,31396,False,79133,78139,77700,13202,25,5463,3057
4,layer3.1.relu1,1,32927,False,82398,78135,80808,13200,36,5455,2956
5,layer3.1.relu1,1,32347,False,80928,78139,79296,13202,30,5465,2967
6,layer3.1.relu1,1,31818,False,79972,78135,78456,13200,25,5391,2930
0,layer3.1.conv2,1,2140887,False,4473262,8761212,4514076,114702,1569,140638,22185
1,layer3.1.conv2,1,2143887,False,4447428,8771055,4519536,116530,1167,140214,21499
2,layer3.1.conv2,1,2144290,False,4470596,8765428,4521216,115528,1176,139755,28630
3,layer3.1.conv2,1,2119279,False,4429354,8763022,4467876,115075,1132,140000,24242
4,layer3.1.conv2,1,2119935,False,4401496,8761923,4468044,114918,1065,139635,21852
5,layer3.1.conv2,1,2110547,False,4392200,8762755,4448136,114912,863,139330,22139
6,layer3.1.conv2,1,2116835,False,4419711,8763683,4461744,114808,801,140271,24459
0,layer3.1.bn2,1,72972,False,175582,194370,174216,28848,318,11083,3527
1,layer3.1.bn2,1,69128,False,158306,188214,156828,27888,155,10241,3105
2,layer3.1.bn2,1,63321,False,146112,188218,144648,27890,77,10088,2910
3,layer3.1.bn2,1,64811,False,149704,188218,148344,27891,65,10158,3042
4,layer3.1.bn2,1,61892,False,142729,188214,141288,27888,40,10064,2890
5,layer3.1.bn2,1,63374,False,145516,188214,144228,27888,34,10020,2870
6,layer3.1.bn2,1,62919,False,145312,188218,143808,27890,41,10002,2927
0,layer3.1.relu2,1,36393,False,91022,78121,89628,13201,138,5556,1972
1,layer3.1.relu2,1,34225,False,84722,78117,82908,13199,86,5508,1890
2,layer3.1.relu2,1,31897,False,80337,78121,78876,13201,43,5405,1954
3,layer3.1.relu2,1,32892,False,82440,78117,80808,13199,24,5419,1940
4,layer3.1.relu2,1,32970,False,82399,78121,80976,13201,20,5398,1885
5,layer3.1.relu2,1,32543,False,82589,78117,81060,13199,31,5472,1954
6,layer3.1.relu2,1,32753,False,82569,78121,81060,13201,28,5408,1853
0,layer3.1.conv3,1,1042498,False,2139126,5950861,2207436,71652,341,52324,29814
1,layer3.1.conv3,1,1032986,False,2118501,5952309,2185008,71939,208,52113,26301
2,layer3.1.conv3,1,1019713,False,2098398,5952674,2156784,71991,125,51832,24428
3,layer3.1.conv3,1,1032617,False,2103623,5951897,2183412,71881,116,51822,23912
4,layer3.1.conv3,1,1022774,False,2100998,5957160,2170224,72618,97,51527,22813
5,layer3.1.conv3,1,1027544,False,2095314,5951563,2171736,71810,93,51530,21892
6,layer3.1.conv3,1,1012445,False,2089748,5950981,2140656,71672,76,51721,21677
0,layer3.1.bn3,1,142182,False,315305,468080,314244,55347,368,31252,6965
1,layer3.1.bn3,1,128904,False,285422,461638,284424,54325,191,30050,6646
2,layer3.1.bn3,1,124882,False,275318,461759,274176,54359,109,30068,6421
3,layer3.1.bn3,1,123133,False,272418,461534,271320,54304,64,29972,6625
4,layer3.1.bn3,1,122728,False,270794,461763,269892,54361,53,29800,6588
5,layer3.1.bn3,1,121054,False,267663,461534,266532,54304,31,29807,6303
6,layer3.1.bn3,1,121736,False,268800,461759,267792,54359,37,29853,6253
0,layer3.1.add,1,109872,False,245245,197408,244272,23739,154,29070,10999
1,layer3.1.add,1,110678,False,246089,191116,244944,22766,74,28321,13322
2,layer3.1.add,1,105762,False,236693,191097,235620,22758,53,28117,12410
3,layer3.1.add,1,104718,False,242280,197130,240996,23693,36,28583,11897
4,layer3.1.add,1,104090,False,232619,191097,231672,22758,28,28001,11381
5,layer3.1.add,1,103330,False,231652,191109,230328,22764,34,27973,11306
6,layer3.1.add,1,102746,False,230551,191097,229068,22758,24,28024,11000
0,layer3.1.relu3,1,78497,False,179696,153381,178164,22607,130,15288,12468
1,layer3.1.relu3,1,78505,False,178687,153373,177576,22603,92,15430,12033
2,layer3.1.relu3,1,75456,False,172305,153381,170772,22607,62,15265,11670
3,layer3.1.relu3,1,75422,False,172273,153373,171024,22603,24,15133,11578
4,layer3.1.relu3,1,74637,False,170836,153381,169428,22607,32,15275,11575
5,layer3.1.relu3,1,73545,False,168237,153373,166740,22603,25,15170,11367
6,layer3.1.relu3,1,73171,False,166770,153381,165396,22607,26,15160,11240
0,layer3.2.conv1,1,1094070,False,2241920,5964504,2314872,71524,285,58918,23004
1,layer3.2.conv1,1,1078942,False,2223648,5965207,2280600,71702,201,59778,17225
2,layer3.2.conv1,1,1110871,False,2245649,5972848,2296644,73024,159,61491,15289
3,layer3.2.conv1,1,1079340,False,2227063,5964923,2281776,71649,149,60227,13414
4,layer3.2.conv1,1,1088368,False,2217101,5964413,2300088,71590,85,60314,13420
5,layer3.2.conv1,1,1061178,False,2208038,5962907,2243892,71258,91,60129,12003
6,layer3.2.conv1,1,1075396,False,2232160,5963955,2272704,71479,79,60347,11832
0,layer3.2.bn1,1,73942,False,170714,189024,169176,28016,291,10301,5623
1,layer3.2.bn1,1,67877,False,155894,189052,154728,28019,172,10311,5233
2,layer3.2.bn1,1,69472,False,158852,195035,157500,28947,100,10729,4964
3,layer3.2.bn1,1,66847,False,153403,189052,152292,28019,53,10081,5448
4,layer3.2.bn1,1,65114,False,149410,189060,147840,28023,45,10027,5271
5,layer3.2.bn1,1,65486,False,150513,189052,149184,28019,38,10089,5215
6,layer3.2.bn1,1,66739,False,153642,189060,152292,28023,37,10098,5158
0,layer3.2.relu1,1,37527,False,93925,78126,92148,13197,140,5479,3214
1,layer3.2.relu1,1,38333,False,94737,78138,93156,13203,88,5558,3306
2,layer3.2.relu1,1,36103,False,88752,78126,87108,13197,52,5487,3201
3,layer3.2.relu1,1,35013,False,86741,78138,85344,13203,34,5505,3192
4,layer3.2.relu1,1,35594,False,87699,78126,86352,13197,27,5418,3124
5,layer3.2.relu1,1,35698,False,88046,78138,86520,13203,24,5462,3065
6,layer3.2.relu1,1,33251,False,83062,78126,81564,13197,36,5401,3018
0,layer3.2.conv2,1,2151642,False,4495367,8761207,4538856,114744,1633,140200,34385
1,layer3.2.conv2,1,2141088,False,4451442,8762414,4514244,114984,1481,139980,30823
2,layer3.2.conv2,1,2133948,False,4446085,8765094,4498032,115174,1160,140210,30258
3,layer3.2.conv2,1,2130977,False,4417257,8761716,4491900,114632,977,139138,29417
4,layer3.2.conv2,1,2110397,False,4401226,8758177,4449816,114053,989,139103,28887
5,layer3.2.conv2,1,2110825,False,4400778,8767474,4449648,115794,976,139706,27248
6,layer3.2.conv2,1,2099865,False,4386289,8758559,4426464,114090,884,139478,26966
0,layer3.2.bn2,1,70929,False,164970,188830,163716,27964,323,10252,3428
1,layer3.2.bn2,1,67970,False,156652,188584,155232,27914,171,10163,3378
2,layer3.2.bn2,1,63641,False,147241,188576,145908,27910,114,10107,3235
3,layer3.2.bn2,1,62221,False,143914,188584,142632,27914,77,9943,3163
4,layer3.2.bn2,1,60944,False,140839,188572,139524,27908,53,9927,3074
5,layer3.2.bn2,1,61300,False,141339,188584,139860,27914,40,9963,3077
6,layer3.2.bn2,1,63031,False,145972,188576,144396,27910,46,10014,3488
0,layer3.2.relu2,1,36864,False,91945,78156,90384,13207,127,5512,2535
1,layer3.2.relu2,1,35230,False,88070,78144,86604,13201,60,5511,2526
2,layer3.2.relu2,1,36111,False,89757,78152,88284,13205,52,5449,2422
3,layer3.2.relu2,1,35199,False,87180,78144,85764,13201,37,5379,2354
4,layer3.2.relu2,1,32234,False,81419,78152,79884,13205,21,5436,2390
5,layer3.2.relu2,1,34457,False,85917,78144,84420,13201,26,5338,2385
6,layer3.2.relu2,1,34942,False,87703,78203,86100,13211,53,5486,2538
0,layer3.2.conv3,1,1047018,False,2148537,5951597,2217012,71778,291,51724,31299
1,layer3.2.conv3,1,1025350,False,2128390,5950719,2169048,71665,170,51684,27512
2,layer3.2.conv3,1,1032905,False,2116786,5950624,2184756,71637,118,51512,27055
3,layer3.2.conv3,1,1015528,False,2107970,5950099,2148552,71504,106,51353,25255
4,layer3.2.conv3,1,1028231,False,2105691,5951174,2173920,71732,119,51400,24554
5,layer3.2.conv3,1,1017909,False,2101896,5949748,2152752,71452,88,50941,23715
6,layer3.2.conv3,1,1025919,False,2102214,5950269,2168880,71624,97,51150,23290
0,layer3.2.bn3,1,141062,False,313841,462243,312732,54409,395,30179,8384
1,layer3.2.bn3,1,136673,False,304357,462137,303324,54383,243,30312,9064
2,layer3.2.bn3,1,140807,False,311654,462145,310884,54387,113,29999,10865
3,layer3.2.bn3,1,149151,False,330530,469169,329448,55460,76,30439,14477
4,layer3.2.bn3,1,142636,False,315801,462145,314664,54387,51,29875,13890
5,layer3.2.bn3,1,144134,False,319101,468171,317856,55315,60,30359,13966
6,layer3.2.bn3,1,138394,False,306258,462145,305256,54387,39,29857,13152
0,layer3.2.add,1,110539,False,249366,191150,248304,22760,151,28106,12892
1,layer3.2.add,1,108083,False,242129,191169,240660,22768,109,28081,12356
2,layer3.2.add,1,106276,False,247760,198092,237804,22766,42,27962,11735
3,layer3.2.add,1,105119,False,235961,191162,234780,22766,31,27987,11389
4,layer3.2.add,1,104290,False,233420,191162,232176,22766,25,27994,11159
5,layer3.2.add,1,107530,False,240486,197196,239148,23698,34,28682,10848
6,layer3.2.add,1,105277,False,235469,191162,234444,22766,25,28068,10768
0,layer3.2.relu3,1,80614,False,185065,153387,183876,22605,132,15249,12827
1,layer3.2.relu3,1,79132,False,181280,153387,180012,22605,90,15408,12659
2,layer3.2.relu3,1,77040,False,176004,153383,174636,22603,53,15211,12425
3,layer3.2.relu3,1,78431,False,178778,153479,177324,22589,43,15194,12125
4,layer3.2.relu3,1,75111,False,178941,152187,170268,22391,42,15130,11906
5,layer3.2.relu3,1,76081,False,174365,152191,173124,22393,39,15188,11820
6,layer3.2.relu3,1,75163,False,171868,152187,170520,22391,27,15130,11745
0,layer3.3.conv1,1,1091354,False,2258460,5964592,2308824,71540,297,59083,21514
1,layer3.3.conv1,1,1095321,False,2235293,5965130,2315880,71683,200,59492,16954
2,layer3.3.conv1,1,1085675,False,2232272,5965391,2294208,71744,107,59592,15305
3,layer3.3.conv1,1,1077157,False,2218823,5965122,2275392,71677,95,59839,13370
4,layer3.3.conv1,1,1080633,False,2219846,5965122,2283960,71677,65,59654,15564
5,layer3.3.conv1,1,1078637,False,2212957,5964475,2279172,71524,79,59809,13003
6,layer3.3.conv1,1,1077038,False,2226805,5965827,2275980,71779,85,59888,14321
0,layer3.3.bn1,1,78327,False,180459,188656,179340,27925,264,10441,6088
1,layer3.3.bn1,1,69971,False,160617,188589,159012,27910,176,10203,5528
2,layer3.3.bn1,1,67206,False,155678,188568,154476,27906,99,10158,5325
3,layer3.3.bn1,1,67206,False,155100,188568,153720,27906,57,10129,5337
4,layer3.3.bn1,1,68908,False,158629,188568,157080,27906,49,10027,5563
5,layer3.3.bn1,1,69653,False,160411,188568,158760,27906,34,9960,5712
6,layer3.3.bn1,1,68776,False,158421,188568,156996,27906,31,9907,5673
0,layer3.3.relu1,1,38745,False,98356,76927,96768,12985,152,5478,3587
1,layer3.3.relu1,1,34959,False,87693,76927,86016,12985,64,5521,3447
2,layer3.3.relu1,1,35206,False,87135,76927,85512,12985,34,5435,3368
3,layer3.3.relu1,1,35317,False,88697,76927,87108,12985,26,5415,3311
4,layer3.3.relu1,1,33569,False,84249,76927,82824,12985,22,5391,3279
5,layer3.3.relu1,1,33544,False,84008,76927,82320,12985,17,5391,3265
6,layer3.3.relu1,1,34708,False,86298,76927,84756,12985,23,5342,3252
0,layer3.3.conv2,1,2148146,False,4473163,8759929,4533312,114384,1747,139958,30852
1,layer3.3.conv2,1,2132421,False,4445399,8763498,4496940,115273,1260,139964,27998
2,layer3.3.conv2,1,2137717,False,4431218,8763370,4507272,115181,1071,140000,26934
3,layer3.3.conv2,1,2157774,False,4469586,8771340,4548180,116362,1241,140246,30382
4,layer3.3.conv2,1,2116929,False,4419134,8757572,4462164,113892,1058,139245,27754
5,layer3.3.conv2,1,2111131,False,4392238,8760056,4450740,114434,951,139037,25795
6,layer3.3.conv2,1,2114441,False,4415390,8766984,4458552,115684,899,139696,27535
0,layer3.3.bn2,1,74098,False,172609,188987,171108,28007,328,10430,2861
1,layer3.3.bn2,1,65035,False,150346,188582,149016,27910,184,10180,2617
2,layer3.3.bn2,1,62333,False,144347,188521,142884,27896,90,10084,2512
3,layer3.3.bn2,1,60349,False,139265,188521,137928,27896,50,9989,2469
4,layer3.3.bn2,1,60055,False,140133,188521,138684,27896,49,9937,2470
5,layer3.3.bn2,1,60315,False,139767,188521,138180,27896,32,9938,2443
6,layer3.3.bn2,1,61035,False,141494,188521,140196,27896,42,10000,2486
0,layer3.3.relu2,1,36543,False,90764,76897,89208,12977,114,5409,1865
1,layer3.3.relu2,1,33028,False,83211,76897,81732,12977,82,5446,1797
2,layer3.3.relu2,1,32860,False,82451,76897,81060,12977,36,5437,1816
3,layer3.3.relu2,1,32455,False,81808,76897,80304,12977,36,5535,1819
4,layer3.3.relu2,1,32081,False,80398,76897,78792,12977,24,5353,1735
5,layer3.3.relu2,1,33190,False,82618,76897,81228,12977,32,5367,1782
6,layer3.3.relu2,1,31694,False,79595,76897,78288,12977,21,5348,1751
0,layer3.3.conv3,1,1032580,False,2133253,5951866,2186436,71796,270,52243,26199
1,layer3.3.conv3,1,1023644,False,2113850,5951921,2164092,71874,201,51936,24060
2,layer3.3.conv3,1,1025868,False,2107342,5956499,2177532,72549,127,52085,22537
3,layer3.3.conv3,1,1016237,False,2107201,5951921,2147712,71874,77,51648,21409
4,layer3.3.conv3,1,1016065,False,2101858,5952091,2148216,71906,93,51774,21591
5,layer3.3.conv3,1,1020461,False,2107094,5950315,2157792,71570,83,51676,22930
6,layer3.3.conv3,1,1022806,False,2094771,5951936,2162580,71877,68,51691,21274
0,layer3.3.bn3,1,133309,False,296457,462164,295344,54391,274,30049,7310
1,layer3.3.bn3,1,127955,False,283268,461784,282156,54305,186,30078,6536
2,layer3.3.bn3,1,125942,False,278477,461767,277284,54303,102,29914,6214
3,layer3.3.bn3,1,122554,False,271198,461763,270060,54301,62,29879,6132
4,layer3.3.bn3,1,123386,False,273981,461767,272916,54303,40,29884,6055
5,layer3.3.bn3,1,121215,False,275698,467724,274596,55218,52,30399,6103
6,layer3.3.bn3,1,121244,False,268731,461767,267624,54303,31,29807,5916
0,layer3.3.add,1,106837,False,240597,197010,239400,23666,150,28926,10332
1,layer3.3.add,1,101081,False,227045,191042,225708,22744,97,28278,9733
2,layer3.3.add,1,98281,False,219803,191035,218400,22742,30,28035,9520
3,layer3.3.add,1,98886,False,221123,191127,219996,22726,40,28089,9231
4,layer3.3.add,1,98164,False,219896,189839,218736,22530,35,28037,9134
5,layer3.3.add,1,98818,False,222345,189839,221256,22530,33,28005,9068
6,layer3.3.add,1,99222,False,222263,189839,221256,22530,28,28122,8936
0,layer3.3.relu3,1,88358,False,200782,160307,199080,23675,120,16026,13039
1,layer3.3.relu3,1,83571,False,189186,153357,187488,22597,82,15239,12721
2,layer3.3.relu3,1,78235,False,179470,153353,178080,22595,56,15174,12055
3,layer3.3.relu3,1,78011,False,177689,153357,176400,22597,33,15161,11711
4,layer3.3.relu3,1,78533,False,179630,153353,178332,22596,33,15163,11636
5,layer3.3.relu3,1,77123,False,175229,153357,173964,22597,26,15189,11488
6,layer3.3.relu3,1,82435,False,186727,159863,185556,23603,45,15849,11336
0,layer3.4.conv1,1,1086745,False,2248027,5964613,2300004,71573,266,58660,22961
1,layer3.4.conv1,1,1082633,False,2229589,5965008,2288832,71660,165,59328,17565
2,layer3.4.conv1,1,1087127,False,2218153,5964192,2297988,71477,125,60316,15589
3,layer3.4.conv1,1,1082379,False,2229566,5965472,2286732,71733,97,59989,14072
4,layer3.4.conv1,1,1061869,False,2193915,5964342,2244060,71500,74,60190,12780
5,layer3.4.conv1,1,1071724,False,2207742,5971289,2264976,72634,90,60389,11929
6,layer3.4.conv1,1,1067552,False,2214513,5965298,2255904,71723,101,60469,11523
0,layer3.4.bn1,1,82690,False,190914,194955,189252,28916,346,11051,6182
1,layer3.4.bn1,1,71750,False,164266,188555,163044,27900,196,10397,5631
2,layer3.4.bn1,1,67127,False,153636,188551,152292,27898,105,10191,5352
3,layer3.4.bn1,1,64265,False,147440,188555,146160,27900,59,9951,5195
4,layer3.4.bn1,1,65607,False,151609,188555,150276,27900,35,10123,5204
5,layer3.4.bn1,1,65134,False,149935,188555,148512,27900,39,9994,5104
6,layer3.4.bn1,1,66541,False,152330,188551,151032,27898,31,10041,5067
0,layer3.4.relu1,1,40341,False,100144,78114,98616,13193,122,5536,3384
1,layer3.4.relu1,1,36265,False,89791,78110,88284,13191,64,5409,3231
2,layer3.4.relu1,1,37431,False,92559,84132,90888,14122,47,6004,3178
3,layer3.4.relu1,1,34792,False,86077,78114,84504,13193,29,5437,3158
4,layer3.4.relu1,1,34167,False,85023,78114,83328,13193,32,5436,3110
5,layer3.4.relu1,1,34840,False,86357,78110,84756,13191,30,5382,3074
6,layer3.4.relu1,1,34444,False,85631,78114,84168,13193,27,5374,3058
0,layer3.4.conv2,1,2136942,False,4461298,8761824,4508280,114798,1531,140164,24989
1,layer3.4.conv2,1,2180131,False,4461571,8772446,4541376,116516,1446,141318,23649
2,layer3.4.conv2,1,2123523,False,4406446,8761205,4476024,114664,1131,139300,21630
3,layer3.4.conv2,1,2093673,False,4368428,8760276,4414536,114380,901,138929,20560
4,layer3.4.conv2,1,2100526,False,4386875,8760921,4429152,114607,955,139723,21321
5,layer3.4.conv2,1,2132019,False,4434426,8764604,4493160,115486,1257,140019,24839
6,layer3.4.conv2,1,2114779,False,4385893,8757524,4458552,113804,964,139505,21792
0,layer3.4.bn2,1,68864,False,160649,188780,159432,27953,326,10426,3063
1,layer3.4.bn2,1,67847,False,156398,188551,154812,27901,192,10332,3038
2,layer3.4.bn2,1,61604,False,142635,188530,141288,27897,82,10143,2847
3,layer3.4.bn2,1,61043,False,140927,188530,139524,27897,50,10008,2737
4,layer3.4.bn2,1,59934,False,138690,188530,137172,27897,41,10137,2811
5,layer3.4.bn2,1,60569,False,139673,188530,138264,27897,37,9974,2764
6,layer3.4.bn2,1,60016,False,139419,188530,138012,27897,32,10095,2723
0,layer3.4.relu2,1,37427,False,93030,78115,91476,13191,140,5484,2026
1,layer3.4.relu2,1,36052,False,89505,78115,88116,13191,93,5634,2050
2,layer3.4.relu2,1,34058,False,85068,78119,83580,13192,47,5494,1972
3,layer3.4.relu2,1,33870,False,84437,78211,83076,13176,48,5523,2039
4,layer3.4.relu2,1,32756,False,81456,76919,79716,12978,41,5455,1998
5,layer3.4.relu2,1,32120,False,80638,76919,79212,12978,37,5413,1955
6,layer3.4.relu2,1,33255,False,82985,76923,81396,12980,29,5376,1911
0,layer3.4.conv3,1,1035029,False,2132057,5951676,2191644,71833,363,51911,25549
1,layer3.4.conv3,1,1025787,False,2115304,5951894,2168628,71864,167,51559,23549
2,layer3.4.conv3,1,1013805,False,2103527,5950914,2144268,71668,124,51362,22147
3,layer3.4.conv3,1,1035784,False,2120718,5953187,2191224,72070,119,51553,25108
4,layer3.4.conv3,1,1013226,False,2105325,5950835,2142672,71649,70,51339,22314
5,layer3.4.conv3,1,1011681,False,2099741,5951855,2139732,71864,71,51351,20926
6,layer3.4.conv3,1,1023820,False,2087529,5951029,2164260,71680,73,51356,20102
0,layer3.4.bn3,1,132968,False,295684,462010,294336,54352,323,30343,6817
1,layer3.4.bn3,1,127541,False,283193,461835,281820,54314,191,30197,6424
2,layer3.4.bn3,1,126302,False,278670,461810,277200,54308,106,29948,6282
3,layer3.4.bn3,1,124921,False,275185,461814,273924,54310,69,29818,6113
4,layer3.4.bn3,1,132395,False,292285,467828,291144,55237,60,30822,7317
5,layer3.4.bn3,1,124511,False,275096,461814,274092,54310,43,29810,6873
6,layer3.4.bn3,1,125166,False,277933,461817,276696,54310,41,29914,6577
0,layer3.4.add,1,104774,False,244967,191061,234612,22745,151,28063,10973
1,layer3.4.add,1,105684,False,236064,191061,234696,22745,86,28172,10672
2,layer3.4.add,1,101194,False,226020,191065,224784,22747,58,27966,9847
3,layer3.4.add,1,101253,False,226366,191061,225204,22745,39,27926,9329
4,layer3.4.add,1,107987,False,241598,197090,240324,23678,48,28892,11030
5,layer3.4.add,1,102360,False,229348,191061,228312,22745,37,28072,10484
6,layer3.4.add,1,100956,False,225393,191065,224028,22747,27,28025,10050
0,layer3.4.relu3,1,77156,False,185335,158139,183708,23304,134,15925,12100
1,layer3.4.relu3,1,76816,False,174319,152187,173040,22388,63,15323,11562
2,layer3.4.relu3,1,75684,False,171603,152183,170100,22386,55,15235,11391
3,layer3.4.relu3,1,74262,False,169229,152183,167664,22386,35,15215,11148
4,layer3.4.relu3,1,73545,False,168030,152187,166488,22388,33,15222,10999
5,layer3.4.relu3,1,75619,False,172332,158442,170772,23353,34,15722,10867
6,layer3.4.relu3,1,78772,False,180102,152183,178416,22386,29,15232,12054
0,layer3.5.conv1,1,1112152,False,2274584,5965856,2353092,71824,272,58311,23199
1,layer3.5.conv1,1,1071839,False,2224154,5964619,2265900,71578,183,59236,17745
2,layer3.5.conv1,1,1085079,False,2234596,5965176,2294292,71690,106,59614,15770
3,layer3.5.conv1,1,1084303,False,2239040,5973024,2291520,72927,107,60159,13564
4,layer3.5.conv1,1,1062038,False,2207534,5965534,2244060,71780,88,59890,12350
5,layer3.5.conv1,1,1067196,False,2218221,5964053,2254980,71494,71,60345,11705
6,layer3.5.conv1,1,1078156,False,2200925,5965192,2278164,71693,59,60110,10856
0,layer3.5.bn1,1,71536,False,167687,189127,166152,28037,357,10318,5143
1,layer3.5.bn1,1,69571,False,160098,189155,158760,28040,233,10344,4944
2,layer3.5.bn1,1,66535,False,153056,189113,151620,28032,136,10307,4870
3,layer3.5.bn1,1,63971,False,147770,189096,146328,28030,85,10278,4803
4,layer3.5.bn1,1,64808,False,149952,189084,148512,28024,69,10245,4695
5,layer3.5.bn1,1,62919,False,145316,189096,143808,28030,36,10091,4573
6,layer3.5.bn1,1,62859,False,144527,189084,143220,28024,34,10077,4589
0,layer3.5.relu1,1,35979,False,90658,76843,89208,12966,138,5508,3082
1,layer3.5.relu1,1,34189,False,85153,76894,83496,12972,101,5582,3061
2,layer3.5.relu1,1,32895,False,82024,76957,80472,12984,53,5413,2979
3,layer3.5.relu1,1,32866,False,82179,76915,80640,12976,48,5441,3022
4,layer3.5.relu1,1,32216,False,88272,82825,79128,12980,35,5403,2957
5,layer3.5.relu1,1,32307,False,80964,76915,79548,12976,39,5438,2941
6,layer3.5.relu1,1,32960,False,82581,77061,80892,13007,37,5436,2915
0,layer3.5.conv2,1,2133616,False,4461764,8760675,4500552,114527,1688,140115,24509
1,layer3.5.conv2,1,2130924,False,4442326,8757768,4492068,113882,950,139573,29704
2,layer3.5.conv2,1,2134035,False,4432517,8766040,4498536,115387,1236,140046,25046
3,layer3.5.conv2,1,2112398,False,4390097,8761977,4451832,114761,959,139452,22788
4,layer3.5.conv2,1,2111124,False,4389493,8758363,4450068,113981,1067,139100,22438
5,layer3.5.conv2,1,2124126,False,4397100,8765417,4477116,115132,1075,139980,23146
6,layer3.5.conv2,1,2105788,False,4375482,8759865,4438980,114359,923,139543,22070
0,layer3.5.bn2,1,72732,False,169201,189059,167496,28014,336,10413,3159
1,layer3.5.bn2,1,67713,False,155384,189061,154140,28017,189,10379,2774
2,layer3.5.bn2,1,64582,False,149705,189036,148344,28011,125,10210,2688
3,layer3.5.bn2,1,64545,False,148575,189136,147252,27999,72,10309,2679
4,layer3.5.bn2,1,63303,False,145823,187939,144312,27820,57,10157,2600
5,layer3.5.bn2,1,62921,False,145129,187844,143724,27801,49,10158,2623
6,layer3.5.bn2,1,63105,False,145578,187840,144228,27799,41,10145,2703
0,layer3.5.relu2,1,40012,False,98344,84500,96768,14172,143,6141,1797
1,layer3.5.relu2,1,33360,False,83281,78102,81648,13185,94,5525,1785
2,layer3.5.relu2,1,32986,False,82127,78106,80640,13187,48,5422,1712
3,layer3.5.relu2,1,31724,False,79331,78102,77868,13185,44,5377,1769
4,layer3.5.relu2,1,31297,False,79183,78102,77448,13185,33,5412,1709
5,layer3.5.relu2,1,31443,False,80334,78102,78876,13186,39,5448,1733
6,layer3.5.relu2,1,32256,False,81634,78106,79884,13188,25,5499,1776
0,layer3.5.conv3,1,1086327,False,2162320,5968033,2230788,74915,411,54449,26274
1,layer3.5.conv3,1,1026058,False,2132908,5952951,2169804,72021,187,52021,26433
2,layer3.5.conv3,1,1027359,False,2109929,5950226,2173164,71582,119,51567,24713
3,layer3.5.conv3,1,1020263,False,2102053,5952279,2156448,71923,88,51669,22963
4,layer3.5.conv3,1,1028107,False,2104022,5952223,2173248,71942,84,51734,21624
5,layer3.5.conv3,1,1023015,False,2094694,5952004,2162076,71853,85,51996,21605
6,layer3.5.conv3,1,1019993,False,2100206,5951980,2155608,71859,136,51677,20657
0,layer3.5.bn3,1,134461,False,299378,461636,298116,54328,381,30321,6377
1,layer3.5.bn3,1,130599,False,287933,461403,286860,54274,220,30239,5823
2,layer3.5.bn3,1,129363,False,285328,467408,284004,55203,137,30710,5628
3,layer3.5.bn3,1,123474,False,272669,461394,271488,54276,56,30008,5771
4,layer3.5.bn3,1,121632,False,269608,461390,268380,54274,38,29933,5621
5,layer3.5.bn3,1,120645,False,266911,461394,265776,54276,27,29842,5482
6,layer3.5.bn3,1,125050,False,277770,467769,276780,55257,56,30855,5425
0,layer3.5.add,1,103874,False,234540,191076,233352,22750,150,28091,10346
1,layer3.5.add,1,103595,False,231741,191060,230412,22746,90,28022,10458
2,layer3.5.add,1,112218,False,251447,197395,250320,23746,68,28709,12632
3,layer3.5.add,1,104758,False,235517,191060,234360,22746,30,27989,11801
4,layer3.5.add,1,102778,False,230594,191064,229068,22748,25,27938,11178
5,layer3.5.add,1,102616,False,230405,191060,228900,22746,28,28006,10854
6,layer3.5.add,1,103072,False,231061,191064,229824,22748,26,28037,10736
0,layer3.5.relu3,1,77864,False,178267,153374,177072,22597,128,15336,12299
1,layer3.5.relu3,1,75626,False,172149,153378,170772,22599,81,15320,11970
2,layer3.5.relu3,1,75810,False,172748,153512,171444,22624,60,15258,11688
3,layer3.5.relu3,1,73701,False,168115,153378,166908,22599,29,15155,11462
4,layer3.5.relu3,1,74212,False,169253,153374,167832,22597,31,15228,11338
5,layer3.5.relu3,1,73023,False,166541,153378,165228,22599,29,15172,11304
6,layer3.5.relu3,1,74962,False,170703,153374,169260,22597,31,15139,11238
0,layer4.0.conv1,1,2046807,False,4258253,11809653,4315584,125171,367,125209,28665
1,layer4.0.conv1,1,2037759,False,4237828,11809375,4295172,125033,248,127970,18113
2,layer4.0.conv1,1,2035061,False,4230381,11809695,4288872,125137,173,128071,14615
3,layer4.0.conv1,1,2027033,False,4229249,11810495,4272576,125250,130,128571,10447
4,layer4.0.conv1,1,2042280,False,4210380,11809244,4303656,125006,122,128226,9401
5,layer4.0.conv1,1,2037561,False,4215204,11810785,4294584,125322,121,128907,8315
6,layer4.0.conv1,1,2025101,False,4226887,11823439,4267536,127379,132,129032,8776
0,layer4.0.bn1,1,91851,False,209573,280038,208236,36834,405,17008,2781
1,layer4.0.bn1,1,88792,False,200782,279758,199584,36766,232,16927,3586
2,layer4.0.bn1,1,83995,False,190176,279762,188916,36768,146,16754,3257
3,layer4.0.bn1,1,81457,False,185027,279758,183792,36766,53,16660,3122
4,layer4.0.bn1,1,83398,False,188181,279762,186732,36768,38,16689,3142
5,layer4.0.bn1,1,78883,False,178602,279758,177324,36766,43,16662,3024
6,layer4.0.bn1,1,77978,False,176414,279762,175056,36768,50,16581,2987
0,layer4.0.relu1,1,45428,False,112244,103202,110796,16327,149,8742,1631
1,layer4.0.relu1,1,43538,False,105925,103202,104412,16327,89,8926,1622
2,layer4.0.relu1,1,41696,False,101150,103198,99624,16325,53,8837,1566
3,layer4.0.relu1,1,41747,False,100221,103198,98616,16325,27,8696,1530
4,layer4.0.relu1,1,41272,False,99782,103202,98196,16327,25,8646,1540
5,layer4.0.relu1,1,43165,False,103784,103202,102312,16327,25,8684,1548
6,layer4.0.relu1,1,40591,False,98698,103198,97440,16325,26,8690,1556
0,layer4.0.conv2,1,3627265,False,7580117,11946680,7639716,166147,1724,486720,172975
1,layer4.0.conv2,1,3603898,False,7537704,11951396,7586040,167027,1330,485677,163901
2,layer4.0.conv2,1,3596961,False,7494011,11944716,7571088,165411,998,485145,165062
3,layer4.0.conv2,1,3535168,False,7369305,11939438,7441392,164634,899,484337,147014
4,layer4.0.conv2,1,3556118,False,7417650,11940242,7486248,164919,1377,485310,143912
5,layer4.0.conv2,1,3631277,False,7592111,11946822,7646352,165946,1008,485733,186755
6,layer4.0.conv2,1,3569285,False,7461925,11947593,7513968,166162,838,485120,162340
0,layer4.0.bn2,1,67649,False,159084,170477,157584,27789,459,7370,2297
1,layer4.0.bn2,1,62494,False,145260,170675,143976,27836,247,7263,2086
2,layer4.0.bn2,1,56041,False,132209,170671,130956,27834,110,7101,1964
3,layer4.0.bn2,1,53191,False,125206,170675,123816,27836,57,6839,1846
4,layer4.0.bn2,1,54614,False,127876,170671,126504,27834,61,6957,1988
5,layer4.0.bn2,1,53911,False,126777,170675,125412,27836,43,6863,1876
6,layer4.0.bn2,1,54416,False,128206,170671,126672,27834,38,6872,1962
0,layer4.0.relu2,1,31525,False,80614,65511,79212,11607,146,3924,1280
1,layer4.0.relu2,1,29798,False,77129,65511,75012,11607,82,3928,1184
2,layer4.0.relu2,1,27824,False,71949,65515,70476,11609,39,3701,1092
3,layer4.0.relu2,1,28421,False,73632,65511,71736,11607,20,3669,1098
4,layer4.0.relu2,1,27369,False,70236,65515,68628,11609,15,3678,1086
5,layer4.0.relu2,1,30529,False,78091,71899,76524,12591,31,4298,994
6,layer4.0.relu2,1,28378,False,72461,65653,71064,11636,19,3758,1108
0,layer4.0.conv3,1,1284546,False,2642460,8189608,2716308,56174,368,118579,30892
1,layer4.0.conv3,1,1252933,False,2588345,8190004,2647260,56241,207,118484,17182
2,layer4.0.conv3,1,1240292,False,2585085,8195593,2618952,57095,177,118754,14454
3,layer4.0.conv3,1,1235311,False,2575223,8189913,2610384,56215,139,118362,13629
4,layer4.0.conv3,1,1255560,False,2588455,8195373,2652132,57004,181,118553,13864
5,layer4.0.conv3,1,1239935,False,2561398,8190057,2618952,56245,170,118258,11977
6,layer4.0.conv3,1,1244061,False,2561953,8189290,2628024,56061,209,118187,11432
0,layer4.0.bn3,1,96725,False,219913,382775,218568,52448,360,17506,3376
1,layer4.0.bn3,1,90539,False,204457,382922,203196,52483,197,17548,3213
2,layer4.0.bn3,1,89400,False,201610,382926,200508,52485,119,17384,3152
3,layer4.0.bn3,1,86809,False,196617,382922,195300,52483,64,17342,3120
4,layer4.0.bn3,1,87726,False,197724,382926,196392,52485,47,17170,3249
5,layer4.0.bn3,1,86026,False,193932,382922,192528,52483,32,17187,3159
6,layer4.0.bn3,1,91579,False,206655,388849,205548,53403,51,18097,3160
0,layer4.0.downsample.0,1,2987796,False,6231707,12000240,6295968,171160,1628,489794,106703
1,layer4.0.downsample.0,1,2978315,False,6205364,12006263,6272868,172443,1253,489328,107260
2,layer4.0.downsample.0,1,2959819,False,6160993,12001313,6233220,171425,1114,488297,102248
3,layer4.0.downsample.0,1,2951426,False,6141439,12004496,6214908,171952,1143,488893,95373
4,layer4.0.downsample.0,1,2990532,False,6229411,12001791,6299496,171487,1318,490738,125009
5,layer4.0.downsample.0,1,2960056,False,6160709,12001839,6233556,171537,1106,489231,105581
6,layer4.0.downsample.0,1,2930032,False,6122494,12002797,6169296,171717,1102,489072,93828
0,layer4.0.downsample.1,1,108808,False,246233,382113,244944,52297,400,17707,7023
1,layer4.0.downsample.1,1,101675,False,229070,381917,227724,52255,254,17629,6655
2,layer4.0.downsample.1,1,96193,False,216747,381896,215460,52251,117,17290,6215
3,layer4.0.downsample.1,1,95296,False,212996,381896,211764,52251,71,17222,6089
4,layer4.0.downsample.1,1,94453,False,212183,381900,210924,52253,68,17159,5822
5,layer4.0.downsample.1,1,94628,False,212540,381896,211344,52251,43,17183,5765
6,layer4.0.downsample.1,1,94841,False,212670,381896,211092,52251,36,17158,5682
0,layer4.0.add,1,61834,False,144287,122085,142968,16476,139,15175,4715
1,layer4.0.add,1,61044,False,141522,122085,140196,16476,77,15212,4565
2,layer4.0.add,1,58068,False,136639,122085,135240,16476,37,15167,4450
3,layer4.0.add,1,58646,False,136680,122081,135324,16474,42,15127,4419
4,layer4.0.add,1,59158,False,137595,122085,136248,16476,26,15117,4399
5,layer4.0.add,1,59005,False,137309,122085,135828,16476,26,15053,4283
6,layer4.0.add,1,61355,False,142068,122085,140952,16476,32,15107,4275
0,layer4.0.relu3,1,51156,False,123600,103185,122136,16325,126,8793,5793
1,layer4.0.relu3,1,48942,False,116595,103189,115080,16327,75,8823,5435
2,layer4.0.relu3,1,48111,False,114276,103185,112896,16325,32,8718,5236
3,layer4.0.relu3,1,46368,False,111185,103189,109704,16327,25,8686,5119
4,layer4.0.relu3,1,45856,False,109565,103185,107940,16325,25,8685,5105
5,layer4.0.relu3,1,46695,False,111644,103189,110124,16327,27,8700,5048
6,layer4.0.relu3,1,45851,False,116752,109484,115164,17291,58,8693,4988
0,layer4.1.conv1,1,1262791,False,2621834,8162989,2672124,54529,424,136613,42096
1,layer4.1.conv1,1,1257264,False,2583928,8163283,2656668,54640,286,135869,17697
2,layer4.1.conv1,1,1241818,False,2585427,8164140,2624496,54767,212,136480,18954
3,layer4.1.conv1,1,1247667,False,2575749,8170859,2634912,55840,192,136823,12474
4,layer4.1.conv1,1,1239783,False,2567401,8163048,2618952,54537,169,135654,12761
5,layer4.1.conv1,1,1252628,False,2603884,8172060,2648436,55985,185,137495,19776
6,layer4.1.conv1,1,1246922,False,2564965,8163567,2635080,54627,137,136034,12426
0,layer4.1.bn1,1,70355,False,163939,169906,162708,27678,342,7080,3637
1,layer4.1.bn1,1,60431,False,140686,170004,139188,27701,213,7242,3303
2,layer4.1.bn1,1,57461,False,134363,170008,132972,27703,127,7103,3137
3,layer4.1.bn1,1,58737,False,136483,170096,135072,27685,95,6811,2945
4,layer4.1.bn1,1,55005,False,129059,168812,127596,27491,62,6925,2930
5,layer4.1.bn1,1,54243,False,126845,168808,125412,27489,54,6814,2864
6,layer4.1.bn1,1,53660,False,126118,168812,124740,27491,40,6759,2811
0,layer4.1.relu1,1,30763,False,79688,65507,78372,11603,123,3793,1913
1,layer4.1.relu1,1,29898,False,77078,65507,75516,11603,66,3811,1902
2,layer4.1.relu1,1,28681,False,73741,65507,72324,11603,30,3716,1821
3,layer4.1.relu1,1,27682,False,71223,65507,69636,11603,22,3729,1813
4,layer4.1.relu1,1,28878,False,74559,65507,73164,11603,11,3744,1817
5,layer4.1.relu1,1,28164,False,72409,65507,70560,11603,13,3737,1797
6,layer4.1.relu1,1,27540,False,71697,65507,70056,11603,16,3704,1776
0,layer4.1.conv2,1,3345910,False,6975466,11190782,7048860,161882,1705,469198,153868
1,layer4.1.conv2,1,3316960,False,6927664,11190526,6984180,161790,1256,468961,144774
2,layer4.1.conv2,1,3296233,False,6864368,11203837,6940500,163933,1286,471055,133694
3,layer4.1.conv2,1,3258318,False,6795624,11193593,6859860,162582,1197,468553,122898
4,layer4.1.conv2,1,3254362,False,6800243,11192859,6851460,162293,1046,468608,127279
5,layer4.1.conv2,1,3264014,False,6806965,11207609,6871200,164486,1080,469338,123047
6,layer4.1.conv2,1,3237378,False,6735187,11188606,6815340,161378,876,468328,117693
0,layer4.1.bn2,1,64551,False,152203,169135,150780,27548,366,7339,2199
1,layer4.1.bn2,1,60490,False,141998,168855,140616,27489,208,7106,2043
2,layer4.1.bn2,1,56906,False,133284,168830,132048,27483,129,6964,2007
3,layer4.1.bn2,1,54156,False,127241,168830,125748,27483,78,6907,1886
4,layer4.1.bn2,1,53088,False,124279,168830,122892,27483,46,6840,1865
5,layer4.1.bn2,1,52638,False,122763,168826,121296,27481,49,6831,1815
6,layer4.1.bn2,1,52988,False,124006,168830,122472,27483,38,6854,1835
0,layer4.1.relu2,1,29815,False,77830,65478,76188,11600,155,3891,1104
1,layer4.1.relu2,1,28861,False,74492,65478,72996,11600,105,4010,1178
2,layer4.1.relu2,1,29565,False,75278,65533,73668,11608,78,3742,1025
3,layer4.1.relu2,1,29154,False,75534,65536,74088,11608,61,3864,1195
4,layer4.1.relu2,1,27849,False,71585,65529,70140,11606,33,3771,1128
5,layer4.1.relu2,1,28036,False,72092,65529,70392,11606,24,3832,1181
6,layer4.1.relu2,1,27701,False,71469,65533,69636,11608,32,3741,1099
0,layer4.1.conv3,1,1283807,False,2678982,8190931,2715972,56415,392,118837,34076
1,layer4.1.conv3,1,1249832,False,2597237,8191718,2642388,56547,287,118664,17223
2,layer4.1.conv3,1,1251732,False,2578161,8190779,2643732,56389,214,118382,14184
3,layer4.1.conv3,1,1282093,False,2645121,8203710,2707908,58449,190,118236,19996
4,layer4.1.conv3,1,1241600,False,2568187,8190603,2622732,56341,138,118706,13409
5,layer4.1.conv3,1,1231306,False,2559332,8190225,2600472,56238,125,118075,11576
6,layer4.1.conv3,1,1242018,False,2569498,8195164,2623152,57087,164,119766,11390
0,layer4.1.bn3,1,105442,False,237036,387129,235872,53030,355,18484,3548
1,layer4.1.bn3,1,92823,False,208295,380672,207144,52030,217,17517,3271
2,layer4.1.bn3,1,89163,False,200886,380676,199584,52032,128,17306,3078
3,layer4.1.bn3,1,87483,False,197252,380689,195888,52032,85,17198,2981
4,layer4.1.bn3,1,91349,False,205223,386686,204036,52959,78,18122,2992
5,layer4.1.bn3,1,88887,False,200153,380689,198744,52032,58,17166,3312
6,layer4.1.bn3,1,86782,False,195660,380676,194292,52032,42,17294,3248
0,layer4.1.add,1,60491,False,142072,122128,140784,16483,144,15224,4052
1,layer4.1.add,1,60716,False,140614,122175,139272,16487,115,15283,3947
2,layer4.1.add,1,58463,False,136532,122145,135072,16485,54,15071,3850
3,layer4.1.add,1,58246,False,135834,122124,134232,16481,40,15089,3790
4,layer4.1.add,1,57502,False,134774,122128,133224,16483,30,15170,3834
5,layer4.1.add,1,58834,False,136711,122124,135492,16481,30,15077,3900
6,layer4.1.add,1,57854,False,143165,127716,141708,17365,65,15104,3860
0,layer4.1.relu3,1,45979,False,110613,103208,108948,16322,111,8861,4317
1,layer4.1.relu3,1,47181,False,112987,103212,111552,16324,86,8897,4135
2,layer4.1.relu3,1,44716,False,107368,103208,106092,16322,35,8797,4025
3,layer4.1.relu3,1,43503,False,103946,103212,102396,16324,29,8684,3975
4,layer4.1.relu3,1,44195,False,105358,103208,104076,16322,33,8723,3903
5,layer4.1.relu3,1,44522,False,106624,103212,105168,16324,25,8662,3856
6,layer4.1.relu3,1,43197,False,104112,103208,102648,16322,26,8722,3834
0,layer4.2.conv1,1,1303172,False,2677969,8184473,2755116,58053,487,135660,46435
1,layer4.2.conv1,1,1257588,False,2600995,8165374,2657340,54972,290,133765,24032
2,layer4.2.conv1,1,1237131,False,2571884,8165281,2612820,54981,183,133759,15183
3,layer4.2.conv1,1,1258578,False,2583798,8165314,2658348,54870,205,133816,18861
4,layer4.2.conv1,1,1242552,False,2569685,8163850,2624076,54713,178,133902,12525
5,layer4.2.conv1,1,1250003,False,2567832,8170414,2639028,55725,165,134446,10325
6,layer4.2.conv1,1,1244779,False,2556326,8163045,2628528,54529,153,133774,9249
0,layer4.2.bn1,1,61328,False,144651,170006,143220,27712,341,7131,2953
1,layer4.2.bn1,1,56955,False,133346,169834,131964,27672,174,7068,2805
2,layer4.2.bn1,1,53412,False,124905,169829,123732,27676,111,6955,2653
3,layer4.2.bn1,1,53244,False,124738,169825,123228,27674,51,6932,2601
4,layer4.2.bn1,1,51663,False,121020,169829,119616,27676,47,6887,2510
5,layer4.2.bn1,1,50965,False,119821,169825,118440,27674,38,6786,2497
6,layer4.2.bn1,1,51694,False,121356,169829,119868,27676,42,6898,2501
0,layer4.2.relu1,1,31150,False,80408,65562,78960,11616,150,3897,1705
1,layer4.2.relu1,1,28458,False,72930,65533,71484,11608,86,3910,1756
2,layer4.2.relu1,1,27327,False,70737,65533,69216,11608,45,3834,1642
3,layer4.2.relu1,1,26424,False,68655,65533,67368,11608,29,3746,1609
4,layer4.2.relu1,1,25977,False,67256,65533,65940,11608,18,3716,1576
5,layer4.2.relu1,1,25484,False,66483,65533,64764,11608,14,3725,1576
6,layer4.2.relu1,1,26971,False,69380,65533,67956,11608,13,3681,1562
0,layer4.2.conv2,1,3331152,False,6948620,11196386,7016436,163013,1549,469857,139094
1,layer4.2.conv2,1,3300484,False,6872290,11186914,6949236,161200,1353,468620,133929
2,layer4.2.conv2,1,3292491,False,6785129,11196676,6842976,162995,1210,469584,122653
3,layer4.2.conv2,1,3236049,False,6750527,11187509,6812232,161304,1016,468183,116362
4,layer4.2.conv2,1,3211347,False,6704368,11194143,6761076,162401,909,468650,109607
5,layer4.2.conv2,1,3293584,False,6860535,11188228,6933276,161435,999,468786,133483
6,layer4.2.conv2,1,3329978,False,6944133,11188316,7009632,161581,840,468114,155831
0,layer4.2.bn2,1,67331,False,157256,170576,155988,27799,348,7182,2427
1,layer4.2.bn2,1,60291,False,140495,170838,139020,27864,191,7100,2215
2,layer4.2.bn2,1,57139,False,133575,170834,132216,27862,147,7064,2207
3,layer4.2.bn2,1,55882,False,130641,170838,129024,27864,74,6914,2230
4,layer4.2.bn2,1,53832,False,125886,170838,124572,27864,42,6892,2146
5,layer4.2.bn2,1,54834,False,128847,170838,127344,27864,41,6727,2005
6,layer4.2.bn2,1,54221,False,126861,170834,125412,27862,46,6786,2000
0,layer4.2.relu2,1,30556,False,79264,65524,77700,11607,143,3932,1427
1,layer4.2.relu2,1,29084,False,74352,65520,72828,11605,85,3844,1326
2,layer4.2.relu2,1,29110,False,74026,65524,72492,11607,44,3745,1260
3,layer4.2.relu2,1,27553,False,70998,65531,69552,11609,34,3716,1248
4,layer4.2.relu2,1,27969,False,71915,65526,70308,11609,31,3747,1252
5,layer4.2.relu2,1,28216,False,72139,65520,70644,11605,22,3714,1252
6,layer4.2.relu2,1,28176,False,71984,65526,70560,11609,22,3719,1239
0,layer4.2.conv3,1,1285875,False,2654632,8189594,2720424,56120,380,119086,30742
1,layer4.2.conv3,1,1252006,False,2608332,8196085,2643732,57175,256,119018,18613
2,layer4.2.conv3,1,1234576,False,2566874,8189500,2608536,56155,161,118566,13020
3,layer4.2.conv3,1,1242466,False,2559022,8189995,2624328,56237,145,118762,11660
4,layer4.2.conv3,1,1239275,False,2559111,8193878,2623572,56780,119,119116,10897
5,layer4.2.conv3,1,1241468,False,2555860,8188414,2621220,55984,118,118747,10757
6,layer4.2.conv3,1,1249358,False,2563373,8194887,2638440,56934,111,118727,9923
0,layer4.2.bn3,1,99766,False,224721,383814,223440,52658,367,17361,3287
1,layer4.2.bn3,1,92757,False,207988,383586,206724,52614,205,17545,3193
2,layer4.2.bn3,1,89537,False,201139,383879,200004,52688,110,17460,3043
3,layer4.2.bn3,1,88189,False,197859,383482,196560,52593,59,17155,2924
4,layer4.2.bn3,1,87625,False,196750,383875,195552,52686,42,17241,2989
5,layer4.2.bn3,1,87056,False,196091,383482,194628,52593,40,17156,3037
6,layer4.2.bn3,1,87360,False,196408,383879,195132,52688,42,17202,3039
0,layer4.2.add,1,61048,False,143765,122077,142296,16474,148,15199,3979
1,layer4.2.add,1,59878,False,138555,122079,137172,16476,79,15214,3821
2,layer4.2.add,1,59038,False,137421,122077,135828,16474,35,15131,3758
3,layer4.2.add,1,58712,False,137287,122079,135828,16476,28,15070,3729
4,layer4.2.add,1,56974,False,132688,122088,131292,16475,37,15104,3654
5,layer4.2.add,1,57872,False,135019,122090,133476,16477,28,15113,3710
6,layer4.2.add,1,58296,False,135177,122088,133644,16475,32,15084,3680
0,layer4.2.relu3,1,46026,False,111178,103171,109788,16321,100,8796,4283
1,layer4.2.relu3,1,45713,False,108907,103176,107352,16318,88,8889,4181
2,layer4.2.relu3,1,43776,False,104190,103182,102816,16322,40,8771,4059
3,layer4.2.relu3,1,44386,False,106032,103268,104412,16302,52,8701,3964
4,layer4.2.relu3,1,43730,False,104419,101986,102900,16110,31,8689,4054
5,layer4.2.relu3,1,43390,False,105414,101980,103908,16106,29,8707,3954
6,layer4.2.relu3,1,44218,False,106386,102124,105084,16137,31,8711,4058
0,avgpool,1,94353,False,213446,294074,212100,42624,333,10964,4762
1,avgpool,1,92122,False,206784,294029,205548,42612,228,11010,4773
2,avgpool,1,86301,False,194210,294044,193032,42615,128,10875,4489
3,avgpool,1,82613,False,186687,294090,185304,42626,74,10800,4263
4,avgpool,1,82175,False,184862,294023,183708,42608,58,10862,4299
5,avgpool,1,82538,False,193618,299995,192192,43533,40,10817,4235
6,avgpool,1,79907,False,180214,294084,179004,42622,40,10741,4147
0,flatten,1,24910,False,66500,55516,64848,10673,149,2127,451
1,flatten,1,23821,False,62606,55522,61068,10675,100,2121,360
2,flatten,1,21823,False,59146,55527,57456,10674,38,1973,327
3,flatten,1,24469,False,63773,61912,62412,11659,35,2617,368
4,flatten,1,23576,False,62750,55527,61236,10674,20,1920,502
5,flatten,1,20890,False,56788,55533,55104,10676,17,1926,344
6,flatten,1,20766,False,56558,55527,54936,10674,17,1936,345
0,fc,1,466028,False,932218,367304,996912,47632,213,135122,41286
1,fc,1,456700,False,925073,367212,975072,47616,117,134773,39909
2,fc,1,455202,False,907376,361188,972132,46681,65,133642,42401
3,fc,1,442942,False,907878,361169,946344,46679,37,133739,41613
4,fc,1,441813,False,907349,367185,944244,47606,31,134586,39240
5,fc,1,442934,False,899904,361180,945840,46680,28,133659,38388
6,fc,1,446571,False,905866,361178,953736,46678,26,133576,42504
