rep,layer,calls,ns,multiplexed,cycles,loads,stores,load_l1_hit,load_l1_miss
0,conv1,13,27991401,False,58672981,101257979,2871095,100460399,344053
1,conv1,13,27956540,False,58598361,101258962,2872230,100465900,341552
2,conv1,13,27932724,False,58545464,101255331,2869825,100453598,344723
3,conv1,13,27934457,False,58548126,101257421,2871426,100466736,342486
4,conv1,13,27973352,False,58550620,101252530,2867934,100454862,344736
5,conv1,13,27931271,False,58541575,101252349,2868452,100445658,347396
6,conv1,13,27920287,False,58518128,101250848,2867385,100451885,343707
0,bn1,91,29564045,False,61965752,66157281,10342621,57590069,2864875
1,bn1,91,29535215,False,61877370,66142677,10334710,57576043,2864044
2,bn1,91,29526694,False,61884511,66140975,10333791,57577760,2861398
3,bn1,91,29531203,False,61893872,66145240,10336394,57582582,2861834
4,bn1,91,29516815,False,61862253,66142842,10335295,57581746,2864385
5,bn1,91,29502639,False,61833783,66142350,10334868,57573098,2861995
6,bn1,91,29503092,False,61833734,66144226,10336102,57580342,2863188
0,relu,176,29700929,False,62248986,28157949,18611829,10509009,8626379
1,relu,176,29689071,False,62223704,28150515,18608107,10504881,8629647
2,relu,176,29732460,False,62271609,28150958,18608209,10506840,8626792
3,relu,176,29684516,False,62213811,28147806,18605647,10501818,8623194
4,relu,176,29692815,False,62229726,28147199,18605555,10504505,8627463
5,relu,176,29703511,False,62253283,28146142,18604927,10504614,8625290
6,relu,176,29696518,False,62238277,28151575,18608043,10505035,8625625
0,maxpool,2,20329954,False,42596645,24957656,5733837,24940321,8564
1,maxpool,2,20227269,False,42382215,24957661,5733821,24940471,8426
2,maxpool,2,20280009,False,42447936,24960532,5735713,24942608,8889
3,maxpool,2,20271459,False,42474702,24956274,5732398,24937935,9239
4,maxpool,2,20267448,False,42468463,24954584,5731691,24936010,9316
5,maxpool,2,20357457,False,42653871,24958695,5734494,24940131,9223
6,maxpool,2,20339067,False,42618152,24954263,5731471,24937494,8271
0,layer1.0.conv1,140,29659553,False,62102204,77242009,3402502,76209766,456259
1,layer1.0.conv1,140,29601518,False,62044619,77232956,3397333,76200339,456438
2,layer1.0.conv1,140,29603309,False,62042240,77241791,3402910,76208737,456426
3,layer1.0.conv1,140,29626311,False,62089823,77234406,3398415,76201178,456712
4,layer1.0.conv1,140,29623776,False,62084185,77235143,3398443,76202626,456316
5,layer1.0.conv1,140,29637450,False,62112637,77236750,3400058,76205746,456208
6,layer1.0.conv1,140,29599473,False,62032930,77230370,3395567,76200697,455394
0,layer1.0.bn1,489,29702721,False,62234360,97568216,18584252,85634022,4020649
1,layer1.0.bn1,489,29655947,False,62154101,97565616,18583098,85627965,4022580
2,layer1.0.bn1,489,29669078,False,62180260,97564502,18582183,85617840,4026561
3,layer1.0.bn1,489,29659578,False,62159642,97568584,18584614,85624418,4025562
4,layer1.0.bn1,489,29669560,False,62180805,97565325,18582909,85622894,4024562
5,layer1.0.bn1,489,29762190,False,62374633,97564971,18582553,85627574,4025509
6,layer1.0.bn1,489,29795515,False,62444557,97568642,18584961,85637060,4019622
0,layer1.0.relu1,1054,29590425,False,62013573,49336647,31939197,24358943,13733568
1,layer1.0.relu1,1054,29591919,False,61995709,49338804,31941135,24370344,13733510
2,layer1.0.relu1,1054,29613333,False,62060521,49334836,31938587,24384267,13730892
3,layer1.0.relu1,1054,29623401,False,62081974,49336092,31938798,24365600,13733275
4,layer1.0.relu1,1054,29604737,False,62043503,49335563,31938975,24375286,13733726
5,layer1.0.relu1,1054,29559166,False,61947224,49333317,31937422,24383323,13734963
6,layer1.0.relu1,1054,29624809,False,62084366,49337596,31939965,24358126,13730082
0,layer1.0.conv2,15,29250218,False,61264169,113735257,2839783,112643622,880384
1,layer1.0.conv2,15,29187848,False,61176799,113733162,2838378,112643509,879591
2,layer1.0.conv2,15,29185626,False,61169809,113739966,2842390,112648909,879793
3,layer1.0.conv2,15,29142955,False,61080449,113725856,2833801,112634166,880449
4,layer1.0.conv2,15,29173805,False,61146550,113731631,2837939,112635462,884228
5,layer1.0.conv2,15,29143549,False,61082152,113728842,2836158,112641086,878919
6,layer1.0.conv2,15,29157822,False,61111002,113728650,2835461,112637194,880542
0,layer1.0.bn2,487,29659250,False,62117383,97205312,18529725,85318427,4008875
1,layer1.0.bn2,487,29571402,False,61975855,97199382,18525712,85307569,4007626
2,layer1.0.bn2,487,29571737,False,61976600,97203305,18527833,85319438,4007180
3,layer1.0.bn2,487,29631633,False,62100976,97201128,18526853,85320609,4006025
4,layer1.0.bn2,487,29613668,False,62063650,97200107,18525706,85315172,4004401
5,layer1.0.bn2,487,29635849,False,62057340,97204624,18528827,85315918,4003156
6,layer1.0.bn2,487,29611281,False,62059075,97198355,18524837,85309571,4005539
0,layer1.0.relu2,1050,29467230,False,61756427,49157897,31828419,24304100,13681912
1,layer1.0.relu2,1050,29522357,False,61870674,49159404,31829249,24304998,13680670
2,layer1.0.relu2,1050,29499385,False,61823102,49161854,31830729,24269897,13681674
3,layer1.0.relu2,1050,29472123,False,61764822,49161002,31830533,24239699,13684727
4,layer1.0.relu2,1050,29483133,False,61788380,49160875,31830520,24276963,13684787
5,layer1.0.relu2,1050,29486456,False,61794288,49159211,31828684,24274215,13683067
6,layer1.0.relu2,1050,29529644,False,61816884,49160300,31830012,24290557,13684159
0,layer1.0.conv3,34,29233688,False,61270173,55961336,2705822,55199702,506362
1,layer1.0.conv3,34,29227602,False,61257868,55958684,2704618,55197722,506946
2,layer1.0.conv3,34,29217081,False,61233559,55953051,2701716,55191176,506613
3,layer1.0.conv3,34,29222448,False,61244870,55953555,2702112,55194094,506816
4,layer1.0.conv3,34,29217226,False,61218329,55953696,2702155,55195288,506568
5,layer1.0.conv3,34,29213292,False,61225770,55951577,2700263,55192040,506873
6,layer1.0.conv3,34,29226335,False,61253385,55954263,2702483,55191756,507876
0,layer1.0.bn3,91,29651323,False,62123715,66488764,10378173,57953037,2857665
1,layer1.0.bn3,91,29607755,False,62053836,66474134,10369584,57933615,2858340
2,layer1.0.bn3,91,29634334,False,62110242,66476089,10371339,57940292,2858314
3,layer1.0.bn3,91,29600455,False,62037729,66474958,10370360,57929477,2855628
4,layer1.0.bn3,91,29622117,False,62083297,66477072,10371602,57937789,2853645
5,layer1.0.bn3,91,29607992,False,62052939,66476666,10371752,57934263,2855206
6,layer1.0.bn3,91,29623724,False,62047805,66475610,10370846,57934645,2857290
0,layer1.0.downsample.0,34,29260349,False,61325909,55968830,2710681,55204581,508518
1,layer1.0.downsample.0,34,29247486,False,61297660,55961271,2706912,55194505,508927
2,layer1.0.downsample.0,34,29224955,False,61250257,55948457,2698648,55183995,508408
3,layer1.0.downsample.0,34,29236608,False,61274506,55952374,2701383,55190801,508552
4,layer1.0.downsample.0,34,29236660,False,61275674,55954246,2702230,55186851,509167
5,layer1.0.downsample.0,34,29236586,False,61274142,55953570,2702113,55192106,508260
6,layer1.0.downsample.0,34,29275303,False,61303648,55955188,2703288,55190615,509084
0,layer1.0.downsample.1,91,29602451,False,62043907,66498107,10382846,57940778,2857745
1,layer1.0.downsample.1,91,29590860,False,62017462,66483793,10375678,57918563,2858012
2,layer1.0.downsample.1,91,29578312,False,61991347,66478277,10371890,57923682,2857617
3,layer1.0.downsample.1,91,29596924,False,61978818,66486688,10377111,57924523,2861035
4,layer1.0.downsample.1,91,29539603,False,61909906,66477836,10371614,57910713,2861387
5,layer1.0.downsample.1,91,29594557,False,61989245,66487542,10378234,57933685,2855711
6,layer1.0.downsample.1,91,29583054,False,62000466,66482588,10374848,57924033,2854255
0,layer1.0.add,94,29574938,False,61946875,29231391,9967780,10423905,9025960
1,layer1.0.add,94,29531705,False,61894196,29211537,9955890,10411218,9025599
2,layer1.0.add,94,29520559,False,61871190,29217314,9959964,10414489,9027735
3,layer1.0.add,94,29503428,False,61834194,29214026,9957139,10426067,9026376
4,layer1.0.add,94,29482234,False,61790338,29213892,9957587,10407418,9026532
5,layer1.0.add,94,29487219,False,61800338,29212194,9956381,10407374,9025359
6,layer1.0.add,94,29528884,False,61844695,29217617,9959637,10411329,9025481
0,layer1.0.relu3,175,29789652,False,62434313,27995832,18504742,10422362,8574426
1,layer1.0.relu3,175,29859357,False,62583616,27988342,18500578,10415420,8579661
2,layer1.0.relu3,175,29852079,False,62568603,27991131,18502163,10422052,8576150
3,layer1.0.relu3,175,29791004,False,62437152,27983959,18497725,10412245,8576570
4,layer1.0.relu3,175,29855515,False,62551542,27993939,18504549,10416282,8576381
5,layer1.0.relu3,175,29801256,False,62456601,27985624,18498813,10409197,8576461
6,layer1.0.relu3,175,29819938,False,62495712,27991339,18502316,10416952,8577954
0,layer1.1.conv1,36,28916048,False,60605764,75791647,908006,71599272,363850
1,layer1.1.conv1,36,28906207,False,60582794,75784356,904264,71592744,362381
2,layer1.1.conv1,36,28875671,False,60519324,75776632,898908,71577787,363601
3,layer1.1.conv1,36,28909688,False,60544868,75778873,900853,71585846,363136
4,layer1.1.conv1,36,28886358,False,60540054,75777184,899784,71584791,362569
5,layer1.1.conv1,36,28893745,False,60556594,75781227,902139,71585319,363956
6,layer1.1.conv1,36,28872551,False,60511790,75773324,897081,71580135,362923
0,layer1.1.bn1,487,29606033,False,62050210,97175452,18515647,85278937,4012942
1,layer1.1.bn1,487,29586432,False,62008791,97172830,18513580,85284085,4008715
2,layer1.1.bn1,487,29722532,False,62210839,97184643,18519902,85291562,4009520
3,layer1.1.bn1,487,29578507,False,61990439,97174817,18514851,85281544,4010048
4,layer1.1.bn1,487,29660148,False,62161169,97179970,18518711,85296981,4007536
5,layer1.1.bn1,487,29608242,False,62052467,97176290,18515415,85284774,4013142
6,layer1.1.bn1,487,29670592,False,62183234,97178610,18518266,85302436,4007918
0,layer1.1.relu1,1054,29635232,False,62107928,49356071,31958126,24334269,13739624
1,layer1.1.relu1,1054,29694738,False,62176394,49356737,31957974,24405732,13735740
2,layer1.1.relu1,1054,29594864,False,62021974,49351701,31954965,24362438,13738133
3,layer1.1.relu1,1054,29664961,False,62168905,49353255,31956063,24389910,13733296
4,layer1.1.relu1,1054,29639813,False,62116325,49352063,31955263,24395736,13735122
5,layer1.1.relu1,1054,29661694,False,62162257,49350896,31954053,24348284,13735285
6,layer1.1.relu1,1054,29617361,False,62069133,49355686,31957737,24377362,13734918
0,layer1.1.conv2,15,29225109,False,61255846,113733637,2838770,112641159,880953
1,layer1.1.conv2,15,29211778,False,61226743,113736522,2840299,112652067,876546
2,layer1.1.conv2,15,29181117,False,61161280,113732046,2837524,112636552,882780
3,layer1.1.conv2,15,29163831,False,61124483,113726364,2834051,112637349,879385
4,layer1.1.conv2,15,29163764,False,61124660,113728752,2835479,112637669,880312
5,layer1.1.conv2,15,29231913,False,61175428,113730709,2837245,112634974,883723
6,layer1.1.conv2,15,29171287,False,61140211,113730190,2837007,112640207,878999
0,layer1.1.bn2,488,29594061,False,62026009,97377688,18554802,85457545,4020269
1,layer1.1.bn2,488,29599123,False,62034550,97375063,18553509,85469633,4014172
2,layer1.1.bn2,488,29628536,False,62070818,97369294,18549076,85464117,4012533
3,layer1.1.bn2,488,29592760,False,62020022,97372076,18550972,85463858,4018511
4,layer1.1.bn2,488,29562948,False,61958162,97370637,18549587,85463369,4017352
5,layer1.1.bn2,488,29578174,False,61988998,97370169,18549755,85473121,4009365
6,layer1.1.bn2,488,29608275,False,62052520,97369417,18549065,85461089,4016103
0,layer1.1.relu2,1045,29385415,False,61585808,48947758,31696464,24155319,13623899
1,layer1.1.relu2,1045,29459564,False,61739261,48949704,31698251,24140715,13621784
2,layer1.1.relu2,1045,29484774,False,61792712,48939042,31690054,24149168,13620106
3,layer1.1.relu2,1045,29350220,False,61509950,48933276,31683725,24171829,13620826
4,layer1.1.relu2,1045,29414453,False,61608021,48931483,31682965,24162451,13621960
5,layer1.1.relu2,1045,29307064,False,61419272,48928182,31679346,24188361,13620563
6,layer1.1.relu2,1045,29349295,False,61507710,48930567,31682413,24129618,13622118
0,layer1.1.conv3,34,29238228,False,61279588,55963537,2707371,55205290,506776
1,layer1.1.conv3,34,29259203,False,61277158,55961133,2706774,55198083,508817
2,layer1.1.conv3,34,29225156,False,61250255,55951580,2700886,55190480,508265
3,layer1.1.conv3,34,29245888,False,61261178,55956736,2703867,55194687,508188
4,layer1.1.conv3,34,29230261,False,61261232,55954159,2702518,55192302,508214
5,layer1.1.conv3,34,29212037,False,61222994,55949628,2699399,55188316,506552
6,layer1.1.conv3,34,29249739,False,61247605,55953017,2701243,55195440,506391
0,layer1.1.bn3,91,29645152,False,62133372,66488037,10377801,57949561,2857381
1,layer1.1.bn3,91,29634335,False,62109783,66476368,10371333,57932355,2859835
2,layer1.1.bn3,91,29635712,False,62111574,66480199,10373475,57942720,2858318
3,layer1.1.bn3,91,29580159,False,61995977,66470784,10367613,57931843,2859657
4,layer1.1.bn3,91,29624547,False,62088355,66476356,10371438,57933535,2857037
5,layer1.1.bn3,91,29616254,False,62070559,66474303,10370123,57934083,2858196
6,layer1.1.bn3,91,29636333,False,62112579,66475626,10370474,57929315,2859962
0,layer1.1.add,94,29540948,False,61913603,29229441,9966812,10424390,9028706
1,layer1.1.add,94,29526532,False,61882890,29216468,9959568,10404884,9027469
2,layer1.1.add,94,29522662,False,61831783,29218000,9960056,10406766,9029239
3,layer1.1.add,94,29511160,False,61851483,29215332,9958848,10410257,9025975
4,layer1.1.add,94,29492459,False,61810769,29215472,9958736,10411281,9028641
5,layer1.1.add,94,29519245,False,61867416,29219721,9961413,10412218,9027636
6,layer1.1.add,94,29520997,False,61852202,29223280,9964225,10413836,9028158
0,layer1.1.relu3,174,29657111,False,62156034,27836905,18400561,10362010,8528332
1,layer1.1.relu3,174,29663521,False,62169131,27832182,18398123,10355304,8527216
2,layer1.1.relu3,174,29629915,False,62097630,27831261,18397103,10357531,8526386
3,layer1.1.relu3,174,29633385,False,62105239,27830126,18396855,10356511,8527677
4,layer1.1.relu3,174,29622050,False,62081598,27832691,18398559,10355154,8528909
5,layer1.1.relu3,174,29615140,False,62067623,27831512,18397243,10352617,8526647
6,layer1.1.relu3,174,29613309,False,62062760,27830173,18396888,10353682,8526552
0,layer1.2.conv1,37,29757250,False,62329112,77900954,935535,73596426,369429
1,layer1.2.conv1,37,29713661,False,62274520,77884351,925574,73576817,369780
2,layer1.2.conv1,37,29703499,False,62252735,77882577,925253,73574505,368214
3,layer1.2.conv1,37,29691062,False,62227623,77880200,923704,73572454,368578
4,layer1.2.conv1,37,29727195,False,62264477,77886632,927506,73581934,368835
5,layer1.2.conv1,37,29700603,False,62247305,77882383,925081,73581758,368307
6,layer1.2.conv1,37,29692625,False,62230332,77877754,921858,73577413,368065
0,layer1.2.bn1,487,29617181,False,62074614,97206801,18531612,85318387,4010848
1,layer1.2.bn1,487,29539796,False,61909900,97201112,18526865,85309027,4008300
2,layer1.2.bn1,487,29560475,False,61953151,97206609,18531452,85314961,4010173
3,layer1.2.bn1,487,29581298,False,61995568,97202795,18528463,85313996,4011990
4,layer1.2.bn1,487,29622310,False,62027133,97210270,18533491,85321432,4010499
5,layer1.2.bn1,487,29545286,False,61921237,97204925,18529854,85323031,4008535
6,layer1.2.bn1,487,29556015,False,61943514,97205990,18531100,85321191,4006166
0,layer1.2.relu1,1051,29641852,False,62105626,49221788,31871789,24271108,13706528
1,layer1.2.relu1,1051,29557938,False,61945436,49209689,31862922,24316397,13701786
2,layer1.2.relu1,1051,29578577,False,61987723,49208232,31861944,24295004,13704994
3,layer1.2.relu1,1051,29513285,False,61815920,49214517,31865346,24292154,13707602
4,layer1.2.relu1,1051,29661225,False,62161120,49219234,31870121,24292390,13705872
5,layer1.2.relu1,1051,29590230,False,61956894,49207810,31860465,24297262,13705617
6,layer1.2.relu1,1051,29578373,False,61989248,49215318,31866785,24331682,13704452
0,layer1.2.conv2,15,29234616,False,61275837,113736087,2839333,112643238,881893
1,layer1.2.conv2,15,29185206,False,61171004,113729813,2835540,112638710,880120
2,layer1.2.conv2,15,29169524,False,61137347,113729774,2835574,112635720,881868
3,layer1.2.conv2,15,29177398,False,61154199,113726487,2833303,112630919,882945
4,layer1.2.conv2,15,29194557,False,61165158,113726366,2834085,112630233,883346
5,layer1.2.conv2,15,29133196,False,61069033,113720671,2830092,112626948,880900
6,layer1.2.conv2,15,29154931,False,61105532,113720697,2829688,112625271,883965
0,layer1.2.bn2,487,29633907,False,62116711,97273833,18564496,85391793,4010559
1,layer1.2.bn2,487,29652933,False,62147817,97273218,18563885,85397076,4000925
2,layer1.2.bn2,487,29597156,False,62029849,97270528,18562366,85388135,4005422
3,layer1.2.bn2,487,29637862,False,62115135,97269616,18560329,85385443,4005854
4,layer1.2.bn2,487,29639051,False,62117500,97267998,18560414,85388685,4003067
5,layer1.2.bn2,487,29681424,False,62206470,97265407,18558176,85381243,4011941
6,layer1.2.bn2,487,29698795,False,62192337,97270712,18561846,85394889,4003768
0,layer1.2.relu2,1052,29635876,False,62110138,49257557,31891910,24344844,13709875
1,layer1.2.relu2,1052,29629934,False,62096714,49256863,31890430,24310165,13713957
2,layer1.2.relu2,1052,29680314,False,62202593,49258038,31890850,24302206,13710610
3,layer1.2.relu2,1052,29581139,False,61993156,49251145,31886480,24317140,13711583
4,layer1.2.relu2,1052,29570649,False,61971657,49252266,31887300,24337214,13715377
5,layer1.2.relu2,1052,29629640,False,62038613,49254778,31888985,24326915,13710308
6,layer1.2.relu2,1052,29596281,False,62030894,49255510,31889028,24269446,13714825
0,layer1.2.conv3,34,29219075,False,61240701,55961152,2705638,55199248,509027
1,layer1.2.conv3,34,29214432,False,61228986,55952753,2700887,55192257,508810
2,layer1.2.conv3,34,29259306,False,61262978,55952722,2700928,55191457,507938
3,layer1.2.conv3,34,29211176,False,61221491,55950542,2699829,55188860,507983
4,layer1.2.conv3,34,29225554,False,61251325,55952317,2701162,55190651,507996
5,layer1.2.conv3,34,29219233,False,61238802,55951887,2700370,55190508,507662
6,layer1.2.conv3,34,29199908,False,61197402,55948906,2698835,55187132,508558
0,layer1.2.bn3,91,29665303,False,62176322,66496391,10380981,57961069,2859587
1,layer1.2.bn3,91,29682255,False,62210955,66493070,10380004,57949007,2859065
2,layer1.2.bn3,91,29661743,False,62167476,66484771,10376014,57941170,2859547
3,layer1.2.bn3,91,29661354,False,62165193,66483706,10375077,57939166,2860384
4,layer1.2.bn3,91,29675055,False,62143587,66483878,10375187,57943427,2855039
5,layer1.2.bn3,91,29616031,False,62070296,66480934,10372793,57940997,2857853
6,layer1.2.bn3,91,29636630,False,62113030,66479254,10372163,57941731,2853496
0,layer1.2.add,94,29559831,False,61953970,29224696,9962978,10408355,9026917
1,layer1.2.add,94,29520505,False,61870662,29215459,9957686,10409354,9025452
2,layer1.2.add,94,29519236,False,61867421,29212796,9956468,10401563,9026651
3,layer1.2.add,94,29501637,False,61830529,29210928,9955097,10392544,9026976
4,layer1.2.add,94,29522469,False,61873950,29215100,9957594,10408810,9027383
5,layer1.2.add,94,29503403,False,61833867,29213367,9956341,10408316,9027949
6,layer1.2.add,94,29507998,False,61843834,29215199,9958202,10413341,9027660
0,layer1.2.relu3,174,29660373,False,62164419,27836557,18399176,10362359,8526793
1,layer1.2.relu3,174,29646722,False,62135495,27828244,18394750,10354981,8527225
2,layer1.2.relu3,174,29659648,False,62119343,27830455,18396391,10360662,8526775
3,layer1.2.relu3,174,29636444,False,62111839,27827199,18394272,10355275,8526529
4,layer1.2.relu3,174,29656398,False,62153119,27830865,18396262,10360747,8524805
5,layer1.2.relu3,174,29637841,False,62114213,27828107,18394822,10356922,8524736
6,layer1.2.relu3,174,29640082,False,62118463,27827887,18394691,10358721,8527252
0,layer2.0.conv1,18,28572779,False,59885442,75449700,711437,71291111,347615
1,layer2.0.conv1,18,28547239,False,59830450,75442303,706815,71277543,347651
2,layer2.0.conv1,18,28578280,False,59862139,75447198,710370,71284515,347583
3,layer2.0.conv1,18,28552633,False,59841942,75438337,704493,71268826,348736
4,layer2.0.conv1,18,28551286,False,59838633,75438370,704865,71270379,347898
5,layer2.0.conv1,18,28540275,False,59815390,75436322,703524,71268716,347046
6,layer2.0.conv1,18,28551725,False,59839929,75437586,704338,71258208,348371
0,layer2.0.bn1,177,29710383,False,62211680,66688227,11233634,58241988,2803150
1,layer2.0.bn1,177,29619735,False,62077786,66672895,11224836,58228398,2802484
2,layer2.0.bn1,177,29618485,False,62075769,66671060,11223532,58232422,2800682
3,layer2.0.bn1,177,29624323,False,62087341,66672470,11224112,58231935,2796250
4,layer2.0.bn1,177,29621059,False,62089231,66671415,11222739,58233848,2796455
5,layer2.0.bn1,177,29618525,False,62074974,66671452,11223762,58231811,2792636
6,layer2.0.bn1,177,29596831,False,62030507,66670861,11223066,58233489,2795112
0,layer2.0.relu1,531,29662368,False,62167286,44864039,29430962,19910805,13443884
1,layer2.0.relu1,531,29626625,False,62091200,44861700,29429113,19936905,13443179
2,layer2.0.relu1,531,29652937,False,62145586,44867789,29433673,19900423,13444790
3,layer2.0.relu1,531,29676247,False,62113682,44868078,29432989,19937655,13441449
4,layer2.0.relu1,531,29646762,False,62132356,44862409,29430013,19892064,13445265
5,layer2.0.relu1,531,29668189,False,62177657,44861016,29428527,19941275,13443686
6,layer2.0.relu1,531,29644622,False,62127808,44867145,29432686,19976541,13445159
0,layer2.0.conv2,14,29498474,False,61828698,108474424,3471122,105688991,1842174
1,layer2.0.conv2,14,29473585,False,61775747,108482340,3476180,105709483,1837484
2,layer2.0.conv2,14,29457532,False,61740382,108477089,3472516,105674780,1854334
3,layer2.0.conv2,14,29470818,False,61768581,108480343,3475109,105691875,1843854
4,layer2.0.conv2,14,29480837,False,61789282,108476641,3473242,105681816,1845927
5,layer2.0.conv2,14,29468177,False,61763207,108477070,3473395,105685145,1847518
6,layer2.0.conv2,14,29427202,False,61677422,108464761,3465418,105701318,1827261
0,layer2.0.bn2,832,29458105,False,61739062,94167196,21391899,83391125,3852290
1,layer2.0.bn2,832,29544828,False,61872756,94167173,21391796,83413999,3833716
2,layer2.0.bn2,832,29343117,False,61495670,94166954,21391317,83361806,3917758
3,layer2.0.bn2,832,29468168,False,61757445,94168830,21392923,83394524,3853525
4,layer2.0.bn2,832,29432728,False,61684207,94163645,21389446,83384887,3874031
5,layer2.0.bn2,832,29385666,False,61585175,94167704,21391672,83377322,3884180
6,layer2.0.bn2,832,29401926,False,61618931,94167335,21392134,83389626,3875184
0,layer2.0.relu2,1798,29352943,False,61476538,50332053,31930453,27839512,12343040
1,layer2.0.relu2,1798,29328945,False,61466137,50325815,31925844,27828721,12347218
2,layer2.0.relu2,1798,29418785,False,61653478,50325635,31926156,27818664,12341870
3,layer2.0.relu2,1798,29282937,False,61369345,50326546,31926634,27822800,12347005
4,layer2.0.relu2,1798,29320955,False,61448543,50323552,31924781,27850041,12345708
5,layer2.0.relu2,1798,29393945,False,61546304,50328306,31927437,27823605,12348107
6,layer2.0.relu2,1798,29491485,False,61805234,50328642,31930017,27906771,12339256
0,layer2.0.conv3,35,29262495,False,61331753,59834682,1831940,59070823,354993
1,layer2.0.conv3,35,29244849,False,61293081,59830494,1829652,59063725,355506
2,layer2.0.conv3,35,29252306,False,61307857,59830192,1830534,59066691,355018
3,layer2.0.conv3,35,29235684,False,61260418,59821068,1823997,59055677,356394
4,layer2.0.conv3,35,29255194,False,61313598,59828109,1828606,59065955,354613
5,layer2.0.conv3,35,29216446,False,61231023,59820552,1823836,59056075,354755
6,layer2.0.conv3,35,29236916,False,61275518,59822666,1825322,59061430,353449
0,layer2.0.bn3,175,29517273,False,61865516,67250511,11268932,58893898,2801290
1,layer2.0.bn3,175,29546809,False,61925695,67247243,11267049,58893470,2798374
2,layer2.0.bn3,175,29544300,False,61920022,67251634,11270713,58903476,2797522
3,layer2.0.bn3,175,29497231,False,61822035,67245815,11266118,58893241,2793352
4,layer2.0.bn3,175,29480790,False,61786329,67246954,11267075,58901172,2790195
5,layer2.0.bn3,175,29498820,False,61805694,67245028,11265861,58898069,2790504
6,layer2.0.bn3,175,29476928,False,61778977,67244179,11265571,58898462,2790394
0,layer2.0.downsample.0,13,29404953,False,61632473,45452571,3615912,38614010,4737094
1,layer2.0.downsample.0,13,29383403,False,61585291,45457214,3619201,38614273,4738578
2,layer2.0.downsample.0,13,29379929,False,61577013,45455815,3618285,38611355,4737708
3,layer2.0.downsample.0,13,29369860,False,61555862,45461281,3621799,38619635,4739308
4,layer2.0.downsample.0,13,29367219,False,61550576,45450913,3615488,38605972,4740503
5,layer2.0.downsample.0,13,29373422,False,61519173,45451721,3616193,38613174,4736044
6,layer2.0.downsample.0,13,29349251,False,61513555,45450457,3615110,38612539,4738121
0,layer2.0.downsample.1,176,29761551,False,62377570,67627850,11330217,59230242,2809600
1,layer2.0.downsample.1,176,29722789,False,62295109,67623866,11328764,59226036,2811981
2,layer2.0.downsample.1,176,29792564,False,62396647,67624919,11329304,59226416,2807242
3,layer2.0.downsample.1,176,29768977,False,62391470,67622944,11327745,59225669,2810576
4,layer2.0.downsample.1,176,29762429,False,62337285,67621541,11327382,59224871,2807445
5,layer2.0.downsample.1,176,29708421,False,62264436,67620273,11326342,59225908,2807293
6,layer2.0.downsample.1,176,29748838,False,62310936,67622837,11327722,59227143,2802640
0,layer2.0.add,192,29704238,False,62256953,30718217,10670439,11443261,9287069
1,layer2.0.add,192,29679981,False,62210446,30712576,10667219,11448291,9286440
2,layer2.0.add,192,29738815,False,62262176,30717090,10670017,11450958,9287762
3,layer2.0.add,192,29678053,False,62199967,30712663,10667202,11428068,9285464
4,layer2.0.add,192,29687856,False,62219538,30715095,10669182,11439829,9286533
5,layer2.0.add,192,29660422,False,62162402,30711076,10666121,11434807,9285861
6,layer2.0.add,192,29688097,False,62220470,30719401,10671733,11440032,9286408
0,layer2.0.relu3,502,29572420,False,61979002,42418021,27825173,18591182,12677928
1,layer2.0.relu3,502,29641782,False,61993539,42424313,27829290,18591137,12678207
2,layer2.0.relu3,502,29587441,False,61997177,42425775,27830116,18635995,12680481
3,layer2.0.relu3,502,29595596,False,61929524,42427912,27831679,18592014,12679036
4,layer2.0.relu3,502,29536066,False,61900747,42420785,27827312,18595120,12678621
5,layer2.0.relu3,502,29530445,False,61858353,42428562,27832153,18581334,12681472
6,layer2.0.relu3,502,29528376,False,61884559,42426423,27830782,18607085,12680490
0,layer2.1.conv1,37,29760331,False,62374898,79498194,935486,78026228,344787
1,layer2.1.conv1,37,29740804,False,62331197,79487053,928542,78018246,344339
2,layer2.1.conv1,37,29744023,False,62337526,79482258,926168,78016710,343623
3,layer2.1.conv1,37,29729321,False,62305897,79479902,924616,78016125,344059
4,layer2.1.conv1,37,29720760,False,62288134,79479029,924014,78014164,344279
5,layer2.1.conv1,37,29725220,False,62297564,79481985,925593,78014521,344456
6,layer2.1.conv1,37,29724111,False,62295117,79480473,925024,78015410,343832
0,layer2.1.bn1,861,29681403,False,62206476,97278065,22059601,85677683,5102492
1,layer2.1.bn1,861,29735851,False,62319616,97275205,22056370,85679138,5073491
2,layer2.1.bn1,861,29702752,False,62250141,97272009,22054569,85690404,5077947
3,layer2.1.bn1,861,29675075,False,62154280,97268330,22050379,85683337,5084802
4,layer2.1.bn1,861,29671271,False,62183853,97273535,22055375,85690015,5105962
5,layer2.1.bn1,861,29834431,False,62525639,97266663,22050275,85709585,5041278
6,layer2.1.bn1,861,29691692,False,62226243,97270659,22053751,85671573,5088300
0,layer2.1.relu1,1813,29569740,False,61971282,50743231,32190974,28099644,12444326
1,layer2.1.relu1,1813,29426874,False,61670770,50736105,32183964,28090608,12442933
2,layer2.1.relu1,1813,29592140,False,62017027,50743041,32190824,28194971,12445051
3,layer2.1.relu1,1813,29744572,False,62284708,50739560,32186812,28149464,12434332
4,layer2.1.relu1,1813,29687396,False,62216933,50746510,32192686,28172178,12435253
5,layer2.1.relu1,1813,29443401,False,61705168,50735830,32184370,28086877,12438312
6,layer2.1.relu1,1813,29560708,False,61950531,50745430,32192338,28107301,12436795
0,layer2.1.conv2,15,28547526,False,59772664,112733472,3107405,111660507,867802
1,layer2.1.conv2,15,28434849,False,59597232,112720653,3099275,111650543,864327
2,layer2.1.conv2,15,28436084,False,59600255,112725833,3102587,111652158,866417
3,layer2.1.conv2,15,28406816,False,59538091,112718792,3098253,111644396,867903
4,layer2.1.conv2,15,28424877,False,59576822,112721425,3099758,111656582,861754
5,layer2.1.conv2,15,28397782,False,59519814,112717502,3097492,111641485,868542
6,layer2.1.conv2,15,28406784,False,59538372,112718269,3098208,111646770,865613
0,layer2.1.bn2,830,29297697,False,61402775,93780045,21259033,83018343,3898241
1,layer2.1.bn2,830,29450712,False,61602449,93789328,21265169,83040980,3852360
2,layer2.1.bn2,830,29400010,False,61605217,93782363,21260968,83036469,3856526
3,layer2.1.bn2,830,29432554,False,61638943,93787156,21263694,83042300,3842195
4,layer2.1.bn2,830,29316633,False,61440821,93782905,21261533,83023878,3868166
5,layer2.1.bn2,830,29286944,False,61377391,93780355,21259625,83018177,3857769
6,layer2.1.bn2,830,29374931,False,61561883,93785534,21263316,83037634,3844773
0,layer2.1.relu2,1810,29659633,False,62159846,50668516,32143495,28042617,12428291
1,layer2.1.relu2,1810,29431395,False,61680345,50660697,32138666,28103762,12430110
2,layer2.1.relu2,1810,29515622,False,61857147,50662218,32139553,28080451,12427002
3,layer2.1.relu2,1810,29581220,False,61993685,50664113,32140695,28060174,12422039
4,layer2.1.relu2,1810,29468474,False,61757173,50662332,32139730,28092262,12427062
5,layer2.1.relu2,1810,29590715,False,62013919,50662512,32139956,28059376,12420257
6,layer2.1.relu2,1810,29567569,False,61964556,50662721,32139616,28089904,12415537
0,layer2.1.conv3,35,29281003,False,61329515,59837587,1833910,59070844,355394
1,layer2.1.conv3,35,29226110,False,61253187,59824849,1826141,59061220,355682
2,layer2.1.conv3,35,29224097,False,61249050,59820974,1823697,59060489,354165
3,layer2.1.conv3,35,29215415,False,61229839,59819244,1822916,59052325,355956
4,layer2.1.conv3,35,29202681,False,61202524,59818997,1822810,59054039,355632
5,layer2.1.conv3,35,29200309,False,61198049,59819797,1823294,59054124,355849
6,layer2.1.conv3,35,29251638,False,61227651,59824376,1825980,59060094,355206
0,layer2.1.bn3,175,29578289,False,61993186,67272342,11280899,58920263,2801114
1,layer2.1.bn3,175,29556834,False,61946093,67264378,11276206,58917531,2799094
2,layer2.1.bn3,175,29535666,False,61901712,67266125,11277164,58916371,2797861
3,layer2.1.bn3,175,29490492,False,61807296,67264272,11276224,58911529,2798439
4,layer2.1.bn3,175,29514144,False,61856810,67265879,11277404,58917548,2795525
5,layer2.1.bn3,175,29571025,False,61917663,67266731,11277476,58919851,2796838
6,layer2.1.bn3,175,29520746,False,61870624,67265591,11277243,58914674,2796867
0,layer2.1.add,190,29593818,False,62025527,30407550,10565552,11304195,9185335
1,layer2.1.add,190,29579061,False,61992992,30392746,10556112,11300189,9183417
2,layer2.1.add,190,29591809,False,62018909,30395814,10557979,11286299,9185093
3,layer2.1.add,190,29563213,False,61957531,30392798,10556156,11290024,9184765
4,layer2.1.add,190,29568368,False,61968948,30396024,10558156,11298345,9186853
5,layer2.1.add,190,29565982,False,61964370,30394691,10557051,11287409,9187077
6,layer2.1.add,190,29578072,False,61989651,30394380,10557410,11278165,9186366
0,layer2.1.relu3,523,29681268,False,62067248,44192382,28989083,19696798,13232284
1,layer2.1.relu3,523,29585702,False,62004894,44193687,28989016,19741301,13231996
2,layer2.1.relu3,523,29622252,False,62003577,44196720,28991709,19693481,13232931
3,layer2.1.relu3,523,29546638,False,61922867,44193943,28989648,19735422,13232051
4,layer2.1.relu3,523,29601442,False,62038495,44201388,28995176,19656982,13234351
5,layer2.1.relu3,523,29572425,False,61976821,44195046,28990062,19744214,13228555
6,layer2.1.relu3,523,29574497,False,61980603,44191120,28988283,19641646,13233181
0,layer2.2.conv1,37,29745223,False,62342086,79497013,934522,78163344,350853
1,layer2.2.conv1,37,29723199,False,62294548,79487204,928637,78156945,351051
2,layer2.2.conv1,37,29732206,False,62312021,79485573,928487,78159412,350527
3,layer2.2.conv1,37,29719096,False,62285011,79480586,925033,78151480,350679
4,layer2.2.conv1,37,29723461,False,62301004,79484111,927018,78154643,350754
5,layer2.2.conv1,37,29719938,False,62285252,79486281,928922,78156261,350270
6,layer2.2.conv1,37,29738788,False,62326394,79488444,930688,78161141,350627
0,layer2.2.bn1,834,29494976,False,61816653,94283891,21387420,83455989,3902300
1,layer2.2.bn1,834,29467931,False,61713577,94284828,21389014,83464737,3893560
2,layer2.2.bn1,834,29394709,False,61604102,94280722,21385731,83443343,3926463
3,layer2.2.bn1,834,29452001,False,61724250,94281733,21387118,83462340,3889390
4,layer2.2.bn1,834,29517041,False,61860198,94283137,21386979,83464285,3893176
5,layer2.2.bn1,834,29528549,False,61884492,94282198,21388222,83459095,3914822
6,layer2.2.bn1,834,29459555,False,61739361,94281775,21386388,83446237,3903240
0,layer2.2.relu1,1791,29217511,False,61198989,50134452,31804713,27741840,12302746
1,layer2.2.relu1,1791,29091656,False,60969206,50116529,31791224,27762871,12296599
2,layer2.2.relu1,1791,29211015,False,61218663,50132407,31803685,27729575,12296013
3,layer2.2.relu1,1791,29175726,False,61092068,50120513,31793555,27764368,12304206
4,layer2.2.relu1,1791,29139229,False,61068459,50128126,31800667,27728569,12305440
5,layer2.2.relu1,1791,29083883,False,60952685,50120087,31793733,27704560,12306503
6,layer2.2.relu1,1791,29232899,False,61264570,50135133,31805096,27758786,12298208
0,layer2.2.conv2,15,28514612,False,59766448,112722335,3100376,111659418,861655
1,layer2.2.conv2,15,28477534,False,59688183,112716533,3096607,111644297,867641
2,layer2.2.conv2,15,28490660,False,59713993,112715828,3096181,111649784,864288
3,layer2.2.conv2,15,28480892,False,59694684,112717711,3097349,111650273,864784
4,layer2.2.conv2,15,28476924,False,59685580,112709207,3092179,111642367,863642
5,layer2.2.conv2,15,28458092,False,59644606,112711332,3093787,111639726,867889
6,layer2.2.conv2,15,28460333,False,59650308,112713842,3094946,111643202,866105
0,layer2.2.bn2,837,29804791,False,62331848,94680138,21495931,83820481,3890716
1,layer2.2.bn2,837,29569697,False,61971466,94680932,21495632,83803611,3928881
2,layer2.2.bn2,837,29673013,False,62177071,94682712,21497556,83815493,3921025
3,layer2.2.bn2,837,29771507,False,62394260,94683095,21496621,83841943,3855581
4,layer2.2.bn2,837,29574924,False,61981413,94683789,21498352,83811553,3928352
5,layer2.2.bn2,837,29627607,False,62092631,94678155,21493884,83822015,3896138
6,layer2.2.bn2,837,29692160,False,62227373,94680107,21495541,83828521,3897341
0,layer2.2.relu2,1802,29467889,False,61758313,50430947,31997405,27962652,12367090
1,layer2.2.relu2,1802,29464797,False,61751054,50430878,31997414,27990003,12365801
2,layer2.2.relu2,1802,29439379,False,61696692,50431136,31997233,27983992,12366736
3,layer2.2.relu2,1802,29363075,False,61537547,50430126,31996923,27964313,12369473
4,layer2.2.relu2,1802,29398737,False,61611639,50431834,31998223,28001856,12370263
5,layer2.2.relu2,1802,29390789,False,61552089,50430068,31996895,27948044,12364596
6,layer2.2.relu2,1802,29290892,False,61385813,50432169,31997948,27970050,12371418
0,layer2.2.conv3,35,29253737,False,61313149,59833112,1830776,59071248,353690
1,layer2.2.conv3,35,29231862,False,61265913,59825735,1827010,59064380,353659
2,layer2.2.conv3,35,29259309,False,61279948,59822596,1824901,59058737,355013
3,layer2.2.conv3,35,29210851,False,61220534,59818524,1822552,59055777,354377
4,layer2.2.conv3,35,29223298,False,61246068,59818595,1822648,59056517,353812
5,layer2.2.conv3,35,29212160,False,61223430,59822210,1824593,59059537,354483
6,layer2.2.conv3,35,29212879,False,61224692,59817877,1822157,59055209,353445
0,layer2.2.bn3,174,29415265,False,61651417,66896019,11221249,58599564,2777602
1,layer2.2.bn3,174,29428651,False,61616611,66884157,11213465,58587531,2775208
2,layer2.2.bn3,174,29375088,False,61564645,66886719,11215417,58586927,2775440
3,layer2.2.bn3,174,29325419,False,61461620,66881839,11212383,58583447,2777525
4,layer2.2.bn3,174,29424106,False,61668537,66882746,11213020,58588756,2779055
5,layer2.2.bn3,174,29385720,False,61588249,66884395,11213738,58584002,2780418
6,layer2.2.bn3,174,29399306,False,61615172,66886188,11215510,58587139,2783082
0,layer2.2.add,191,29709292,False,62265999,30562481,10618173,11366961,9232985
1,layer2.2.add,191,29732819,False,62314897,30554301,10612785,11372125,9231918
2,layer2.2.add,191,29706807,False,62259697,30552565,10612315,11366911,9233008
3,layer2.2.add,191,29721206,False,62225183,30551317,10611301,11364095,9234099
4,layer2.2.add,191,29692408,False,62216498,30555493,10613862,11371648,9232158
5,layer2.2.add,191,29691224,False,62226040,30553737,10612969,11367759,9232496
6,layer2.2.add,191,29688196,False,62219732,30555141,10614153,11371353,9232415
0,layer2.2.relu3,525,29754959,False,62244328,44365823,29104266,19663134,13279397
1,layer2.2.relu3,525,29628030,False,62093712,44359176,29098880,19702826,13275452
2,layer2.2.relu3,525,29725326,False,62297155,44366612,29104818,19751958,13281558
3,layer2.2.relu3,525,29601876,False,62038491,44358999,29099199,19689418,13280545
4,layer2.2.relu3,525,29619010,False,62074207,44359278,29099538,19713405,13281017
5,layer2.2.relu3,525,29611137,False,62057177,44366405,29104589,19704620,13281506
6,layer2.2.relu3,525,29643650,False,62126103,44367350,29106928,19692570,13282612
0,layer2.3.conv1,36,28949397,False,60673807,77352584,911794,76055494,341600
1,layer2.3.conv1,36,28925092,False,60622129,77337983,903505,76045996,341190
2,layer2.3.conv1,36,28919106,False,60608678,77336814,903146,76042362,340536
3,layer2.3.conv1,36,28944297,False,60617903,77338898,904565,76045984,340970
4,layer2.3.conv1,36,28919177,False,60608631,77335292,901629,76041774,340963
5,layer2.3.conv1,36,28910910,False,60591249,77336848,903169,76044158,341216
6,layer2.3.conv1,36,28905433,False,60579631,77331909,899808,76044003,340265
0,layer2.3.bn1,835,29622503,False,62083967,94395132,21414208,83589711,3855402
1,layer2.3.bn1,835,29579535,False,61992416,94383251,21405812,83582545,3844476
2,layer2.3.bn1,835,29512075,False,61830743,94391376,21412065,83567216,3891645
3,layer2.3.bn1,835,29618987,False,62036533,94386713,21407766,83589197,3859619
4,layer2.3.bn1,835,29670906,False,62183003,94389712,21410961,83597222,3846659
5,layer2.3.bn1,835,29644813,False,62127725,94391628,21411046,83597891,3850836
6,layer2.3.bn1,835,29609106,False,61998787,94394124,21414035,83589170,3849890
0,layer2.3.relu1,1801,29478926,False,61781148,50411698,31987349,27959998,12366353
1,layer2.3.relu1,1801,29316419,False,61439824,50408180,31983527,27960211,12361826
2,layer2.3.relu1,1801,29319898,False,61446593,50406939,31982430,27988565,12370391
3,layer2.3.relu1,1801,29264978,False,61331150,50395421,31972696,27947422,12371792
4,layer2.3.relu1,1801,29351010,False,61511728,50405328,31981390,28004329,12366054
5,layer2.3.relu1,1801,29278181,False,61359208,50407375,31984050,27988767,12370673
6,layer2.3.relu1,1801,29332850,False,61473498,50414467,31988401,27949081,12367241
0,layer2.3.conv2,15,28573567,False,59890330,112729742,3105450,111653054,871706
1,layer2.3.conv2,15,28533039,False,59753297,112729778,3105212,111660926,865675
2,layer2.3.conv2,15,28518201,False,59772324,112734319,3107830,111663420,866386
3,layer2.3.conv2,15,28485626,False,59702892,112722990,3101018,111659490,862024
4,layer2.3.conv2,15,28489916,False,59712841,112722029,3100312,111647189,869494
5,layer2.3.conv2,15,28501837,False,59737290,112725385,3103058,111653238,867495
6,layer2.3.conv2,15,28506433,False,59747202,112728578,3104838,111659517,865601
0,layer2.3.bn2,846,29617042,False,62073214,95435310,21586061,84475277,3949301
1,layer2.3.bn2,846,29615975,False,62068404,95440315,21589425,84469116,3982091
2,layer2.3.bn2,846,29666504,False,62154764,95440512,21589106,84470170,3942958
3,layer2.3.bn2,846,29651810,False,62142761,95436124,21586464,84487273,3931355
4,layer2.3.bn2,846,29658998,False,62157412,95434522,21585716,84491489,3910701
5,layer2.3.bn2,846,29629489,False,62096148,95442456,21590532,84494066,3921072
6,layer2.3.bn2,846,29626707,False,62089824,95431414,21583382,84492313,3919857
0,layer2.3.relu2,1820,29578804,False,61947826,50938698,32319684,28317665,12498445
1,layer2.3.relu2,1820,29586580,False,62005447,50936449,32318464,28334412,12491747
2,layer2.3.relu2,1820,29462004,False,61744083,50933333,32315837,28295841,12498601
3,layer2.3.relu2,1820,29494097,False,61811498,50937115,32318854,28298493,12498816
4,layer2.3.relu2,1820,29523235,False,61872436,50931355,32314959,28281002,12495847
5,layer2.3.relu2,1820,29516524,False,61858399,50938738,32319529,28319702,12494612
6,layer2.3.relu2,1820,29552116,False,61933045,50935311,32317713,28293253,12491582
0,layer2.3.conv3,35,29283667,False,61310599,59836152,1832595,59072005,355586
1,layer2.3.conv3,35,29255933,False,61316956,59828275,1828295,59064397,355434
2,layer2.3.conv3,35,29230083,False,61261257,59820791,1824128,59057667,354318
3,layer2.3.conv3,35,29225223,False,61251229,59821805,1824865,59058439,354710
4,layer2.3.conv3,35,29223894,False,61248134,59821716,1824850,59060400,354239
5,layer2.3.conv3,35,29255866,False,61259569,59821947,1824472,59058084,355134
6,layer2.3.conv3,35,29238865,False,61279428,59827268,1828614,59063605,354778
0,layer2.3.bn3,175,29554986,False,61944314,67264564,11278262,58918084,2797909
1,layer2.3.bn3,175,29581628,False,61999320,67260087,11275990,58911531,2795655
2,layer2.3.bn3,175,29555080,False,61942724,67258413,11275415,58910248,2796774
3,layer2.3.bn3,175,29527094,False,61884117,67254763,11272447,58905933,2796655
4,layer2.3.bn3,175,29566090,False,61965386,67260841,11276373,58910436,2796681
5,layer2.3.bn3,175,29531950,False,61893576,67254187,11272235,58903612,2797656
6,layer2.3.bn3,175,29501861,False,61830614,67255524,11273390,58904346,2792510
0,layer2.3.add,191,29814486,False,62422381,30568062,10621586,11377934,9228417
1,layer2.3.add,191,29714857,False,62277396,30551539,10611465,11364829,9231991
2,layer2.3.add,191,29717916,False,62290600,30556250,10614889,11377369,9232458
3,layer2.3.add,191,29741278,False,62333343,30553111,10612606,11358178,9233337
4,layer2.3.add,191,29749683,False,62351016,30557391,10615085,11376047,9231649
5,layer2.3.add,191,29764061,False,62343500,30562893,10619214,11380813,9233271
6,layer2.3.add,191,29729654,False,62307401,30556993,10615447,11372424,9231100
0,layer2.3.relu3,525,29620779,False,62079796,44364463,29103170,19775082,13284944
1,layer2.3.relu3,525,29571950,False,61976487,44359005,29099468,19748178,13284200
2,layer2.3.relu3,525,29612889,False,62061439,44361594,29101662,19765089,13283056
3,layer2.3.relu3,525,29595282,False,62024676,44361856,29100897,19726625,13283323
4,layer2.3.relu3,525,29619958,False,62076801,44358686,29099580,19752487,13280362
5,layer2.3.relu3,525,29574553,False,61980431,44357739,29098548,19727130,13283569
6,layer2.3.relu3,525,29620204,False,62041095,44365911,29104582,19736181,13287149
0,layer3.0.conv1,17,29020730,False,60824674,57635412,1377572,56127169,1123750
1,layer3.0.conv1,17,29048392,False,60880930,57641901,1382071,56131349,1125578
2,layer3.0.conv1,17,29034887,False,60851704,57635799,1377908,56124758,1125372
3,layer3.0.conv1,17,29008987,False,60797603,57636957,1378550,56124737,1125777
4,layer3.0.conv1,17,28992257,False,60762611,57633040,1376812,56120492,1125394
5,layer3.0.conv1,17,29060884,False,60869963,57630605,1374978,56120801,1125764
6,layer3.0.conv1,17,29044412,False,60872171,57634885,1377609,56124117,1125298
0,layer3.0.bn1,486,29563707,False,61961751,98742784,18657987,86808671,4052585
1,layer3.0.bn1,486,29574753,False,61982941,98742721,18658067,86817031,4047879
2,layer3.0.bn1,486,29622461,False,62020925,98753205,18664760,86829526,4049375
3,layer3.0.bn1,486,29599499,False,62034552,98744415,18658539,86821370,4049995
4,layer3.0.bn1,486,29584516,False,62002692,98747990,18661591,86818289,4049740
5,layer3.0.bn1,486,29603533,False,62042716,98743925,18658698,86816095,4051648
6,layer3.0.bn1,486,29624045,False,62085250,98746046,18659861,86818510,4051082
0,layer3.0.relu1,1057,29649272,False,62138835,49488989,32040798,24482041,13782304
1,layer3.0.relu1,1057,29634606,False,62105694,49479762,32033454,24419580,13783367
2,layer3.0.relu1,1057,29710280,False,62264671,49493527,32043268,24410161,13784972
3,layer3.0.relu1,1057,29627079,False,62089479,49480536,32033988,24382971,13787019
4,layer3.0.relu1,1057,29676420,False,62192991,49492194,32042932,24437958,13787459
5,layer3.0.relu1,1057,29679371,False,62199271,49487055,32038007,24390789,13782653
6,layer3.0.relu1,1057,29699052,False,62239947,49487188,32039339,24444576,13787616
0,layer3.0.conv2,13,28383921,False,59493854,107713538,4694227,105904707,1250894
1,layer3.0.conv2,13,28367085,False,59457248,107712687,4693803,105932251,1235084
2,layer3.0.conv2,13,28355041,False,59431090,107714605,4694613,105878736,1263028
3,layer3.0.conv2,13,28342848,False,59404416,107712596,4693759,105918073,1239419
4,layer3.0.conv2,13,28325505,False,59367331,107704362,4688634,105901391,1250059
5,layer3.0.conv2,13,28337395,False,59394382,107711816,4693189,105888621,1257145
6,layer3.0.conv2,13,28345565,False,59410650,107711702,4693638,105900722,1249898
0,layer3.0.bn2,1153,29519200,False,61867199,82988999,22793768,74403578,3605882
1,layer3.0.bn2,1153,29558447,False,61947226,82981173,22788140,74410555,3599927
2,layer3.0.bn2,1153,29506052,False,61837778,82983941,22790101,74407886,3599957
3,layer3.0.bn2,1153,29583102,False,61956402,82982103,22787834,74408774,3603802
4,layer3.0.bn2,1153,29504433,False,61834217,82982773,22789451,74414203,3597787
5,layer3.0.bn2,1153,29538373,False,61904758,82991955,22795826,74423804,3595067
6,layer3.0.bn2,1153,29531461,False,61890393,82994970,22798185,74427194,3592949
0,layer3.0.relu2,2821,29247634,False,61296222,52414280,32397351,33014290,10671626
1,layer3.0.relu2,2821,29137581,False,61065044,52402164,32386168,33018965,10669631
2,layer3.0.relu2,2821,29169427,False,61092720,52399541,32384706,32989442,10674741
3,layer3.0.relu2,2821,29122839,False,61034068,52399560,32384790,33011468,10674269
4,layer3.0.relu2,2821,29094561,False,60963226,52401443,32385662,32981344,10675141
5,layer3.0.relu2,2821,29191289,False,61177936,52395452,32381745,32972582,10675322
6,layer3.0.relu2,2821,29103594,False,60982726,52401428,32385950,33001692,10687904
0,layer3.0.conv3,31,28959997,False,60640506,62344009,1922752,60110827,1066225
1,layer3.0.conv3,31,28905458,False,60580992,62334416,1916305,60108702,1064517
2,layer3.0.conv3,31,28886625,False,60541068,62330061,1914618,60096324,1066648
3,layer3.0.conv3,31,28877513,False,60521571,62325072,1911185,60096045,1064659
4,layer3.0.conv3,31,28919873,False,60610857,62331541,1915044,60100996,1064128
5,layer3.0.conv3,31,28881648,False,60530563,62331290,1915486,60102284,1064664
6,layer3.0.conv3,31,28884378,False,60535874,62329839,1914425,60101798,1064108
0,layer3.0.bn3,430,29720174,False,62289906,94567475,17558091,84527158,3157516
1,layer3.0.bn3,430,29677299,False,62139206,94568913,17559577,84535840,3151618
2,layer3.0.bn3,430,29677168,False,62197480,94568638,17559408,84531316,3155585
3,layer3.0.bn3,430,29657023,False,62154315,94568734,17559510,84538022,3150577
4,layer3.0.bn3,430,29685195,False,62213656,94564868,17556369,84538669,3148739
5,layer3.0.bn3,430,29680887,False,62169023,94570443,17560617,84531870,3154198
6,layer3.0.bn3,430,29685267,False,62213844,94566122,17557606,84541735,3149090
0,layer3.0.downsample.0,13,28354832,False,59433022,44836180,3010545,40218097,4128102
1,layer3.0.downsample.0,13,28342760,False,59405941,44841384,3014514,40221093,4131012
2,layer3.0.downsample.0,13,28315722,False,59349259,44834298,3009614,40218125,4125703
3,layer3.0.downsample.0,13,28342129,False,59403935,44841365,3013572,40227965,4123324
4,layer3.0.downsample.0,13,28325060,False,59368507,44833572,3009956,40219397,4124445
5,layer3.0.downsample.0,13,28322578,False,59362834,44830767,3007992,40204958,4134673
6,layer3.0.downsample.0,13,28309681,False,59334662,44836590,3011935,40216615,4129785
0,layer3.0.downsample.1,430,29602414,False,62043319,94542959,17542922,84455580,3162438
1,layer3.0.downsample.1,430,29608173,False,62054433,94543531,17543500,84448069,3164729
2,layer3.0.downsample.1,430,29644195,False,62083434,94538645,17540126,84450668,3161089
3,layer3.0.downsample.1,430,29612280,False,62060975,94539465,17540598,84447756,3165495
4,layer3.0.downsample.1,430,29621007,False,62078961,94544845,17544858,84455471,3161512
5,layer3.0.downsample.1,430,29592179,False,62019415,94535806,17538604,84446510,3160700
6,layer3.0.downsample.1,430,29621229,False,62062230,94541882,17542244,84454647,3164619
0,layer3.0.add,805,29371883,False,61559736,68041853,24440618,36177542,20247586
1,layer3.0.add,805,29388363,False,61554641,68035525,24435459,36157277,20246638
2,layer3.0.add,805,29343029,False,61480943,68042462,24441101,36513097,20246307
3,layer3.0.add,805,29237381,False,61275230,68032092,24432785,36090127,20250853
4,layer3.0.add,805,29223694,False,61245780,68039156,24438835,35678163,20255582
5,layer3.0.add,805,29214557,False,61226238,68029976,24431730,35870208,20252762
6,layer3.0.add,805,29326246,False,61406434,68044614,24441952,35995671,20252168
0,layer3.0.relu3,1052,29615020,False,62066226,49260643,31893182,24343323,13715834
1,layer3.0.relu3,1052,29598148,False,62029925,49257477,31891017,24294506,13715358
2,layer3.0.relu3,1052,29583980,False,61999819,49260662,31892575,24286907,13714022
3,layer3.0.relu3,1052,29578736,False,61988699,49259134,31892140,24323443,13714833
4,layer3.0.relu3,1052,29595469,False,62023803,49255924,31889846,24337142,13714889
5,layer3.0.relu3,1052,29557872,False,61945258,49260512,31892953,24354583,13714843
6,layer3.0.relu3,1052,29603841,False,62040996,49256267,31889708,24286788,13715598
0,layer3.1.conv1,30,29581063,False,61998645,60702495,2071452,58333345,1210607
1,layer3.1.conv1,30,29558639,False,61949521,60696373,2067788,58329376,1209337
2,layer3.1.conv1,30,29578025,False,61943140,60694906,2067127,58327185,1208598
3,layer3.1.conv1,30,29546806,False,61924039,60690623,2064615,58318839,1209723
4,layer3.1.conv1,30,29534585,False,61898412,60692844,2066171,58323210,1210278
5,layer3.1.conv1,30,29545301,False,61921025,60691565,2064643,58327046,1209127
6,layer3.1.conv1,30,29539052,False,61907793,60694270,2067171,58330007,1209168
0,layer3.1.bn1,1154,29624934,False,62087892,83289030,22933443,74658480,3625908
1,layer3.1.bn1,1154,29684317,False,62211755,83289731,22933110,74674995,3621769
2,layer3.1.bn1,1154,29757547,False,62364771,83285610,22931007,74680214,3614681
3,layer3.1.bn1,1154,29853769,False,62566095,83305792,22947845,74709214,3614859
4,layer3.1.bn1,1154,29804674,False,62446141,83314275,22953222,74697187,3619893
5,layer3.1.bn1,1154,29803624,False,62425938,83294505,22937445,74665301,3622370
6,layer3.1.bn1,1154,29685542,False,62213972,83294457,22938052,74677370,3615732
0,layer3.1.relu1,2862,29416926,False,61651493,53093548,32809448,33541715,10810975
1,layer3.1.relu1,2862,29525018,False,61876771,53148251,32853921,33568602,10800463
2,layer3.1.relu1,2862,29592770,False,62017962,53201039,32898359,33622965,10815212
3,layer3.1.relu1,2862,29682320,False,62206351,53160780,32865519,33609982,10814199
4,layer3.1.relu1,2862,29729582,False,62267870,53219972,32913268,33609340,10815372
5,layer3.1.relu1,2862,29720154,False,62252644,53162924,32866898,33619690,10805375
6,layer3.1.relu1,2862,29630417,False,62098191,53165708,32869082,33643109,10804484
0,layer3.1.conv2,14,28279066,False,59274518,110753119,4763255,109285774,1053549
1,layer3.1.conv2,14,28224345,False,59158232,110745831,4758827,109285959,1046141
2,layer3.1.conv2,14,28208772,False,59123962,110748464,4760649,109287150,1046864
3,layer3.1.conv2,14,28198094,False,59100966,110746227,4759577,109283084,1050027
4,layer3.1.conv2,14,28336028,False,59326551,110752226,4762838,109293641,1046389
5,layer3.1.conv2,14,28212669,False,59131515,110742819,4757225,109284526,1044280
6,layer3.1.conv2,14,28269360,False,59250277,110747792,4760682,109288526,1047623
0,layer3.1.bn2,1130,29670727,False,62185318,81422533,22392080,73081928,3490820
1,layer3.1.bn2,1130,29661971,False,62164901,81413331,22385953,73081523,3488840
2,layer3.1.bn2,1130,29721393,False,62288967,81422192,22392892,73087750,3488562
3,layer3.1.bn2,1130,29717596,False,62280639,81416833,22389280,73085355,3485106
4,layer3.1.bn2,1130,29672031,False,62184834,81422636,22392797,73082679,3491069
5,layer3.1.bn2,1130,29628371,False,62093055,81426259,22395676,73084906,3488784
6,layer3.1.bn2,1130,29640589,False,62118464,81416286,22388887,73081371,3487880
0,layer3.1.relu2,2792,28866927,False,60497836,51869877,32075809,32900493,10542560
1,layer3.1.relu2,2792,28995203,False,60697309,51855568,32063914,32853882,10521919
2,layer3.1.relu2,2792,29181230,False,61157359,51871364,32079830,32937714,10529122
3,layer3.1.relu2,2792,29059485,False,60865659,51863372,32069075,32899436,10522514
4,layer3.1.relu2,2792,28900245,False,60567773,51867666,32074512,32877149,10539703
5,layer3.1.relu2,2792,28894112,False,60554916,51856861,32064869,32866826,10539188
6,layer3.1.relu2,2792,28871756,False,60507820,51868183,32074951,32872814,10539922
0,layer3.1.conv3,31,28898699,False,60569538,62339457,1919261,60111273,1063373
1,layer3.1.conv3,31,28880475,False,60528665,62330918,1914589,60106688,1062618
2,layer3.1.conv3,31,28880494,False,60528104,62322573,1909619,60095753,1061943
3,layer3.1.conv3,31,28868762,False,60510983,62327466,1912496,60101689,1063259
4,layer3.1.conv3,31,28872370,False,60510325,62322394,1909462,60097945,1062451
5,layer3.1.conv3,31,28884797,False,60536695,62326226,1912148,60101675,1061839
6,layer3.1.conv3,31,28887392,False,60542172,62327950,1912831,60100876,1063522
0,layer3.1.bn3,430,29670821,False,62138949,94507501,17525936,84457239,3152240
1,layer3.1.bn3,430,29621452,False,62080808,94506203,17524776,84459515,3152192
2,layer3.1.bn3,430,29614468,False,62065349,94507761,17525568,84458349,3154163
3,layer3.1.bn3,430,29608138,False,62051890,94505784,17524479,84456158,3150614
4,layer3.1.bn3,430,29608890,False,62054283,94507351,17525548,84453693,3153216
5,layer3.1.bn3,430,29636905,False,62111929,94500763,17521082,84446448,3153840
6,layer3.1.bn3,430,29616190,False,62032888,94510112,17527037,84446455,3157979
0,layer3.1.add,808,29338553,False,61489412,68308241,24544915,36038494,20332987
1,layer3.1.add,808,29308859,False,61425422,68308274,24544910,36202576,20331448
2,layer3.1.add,808,29302964,False,61357269,68311759,24546615,36108194,20333320
3,layer3.1.add,808,29269628,False,61342386,68304662,24542131,35807263,20337785
4,layer3.1.add,808,29252545,False,61306700,68303862,24541888,35764497,20334300
5,layer3.1.add,808,29299498,False,61405424,68311388,24546381,36295274,20335950
6,layer3.1.add,808,29286543,False,61378166,68311936,24547220,35957374,20335581
0,layer3.1.relu3,1055,29679487,False,62202325,49407748,31992608,24433986,13757848
1,layer3.1.relu3,1055,29649534,False,62137993,49392517,31980365,24429987,13751821
2,layer3.1.relu3,1055,29644500,False,62127544,49403265,31988130,24410689,13757340
3,layer3.1.relu3,1055,29558803,False,61947155,49395118,31982038,24404371,13752705
4,layer3.1.relu3,1055,29657638,False,62154165,49395799,31983460,24419401,13753320
5,layer3.1.relu3,1055,29616875,False,62068869,49397952,31983488,24363024,13755629
6,layer3.1.relu3,1055,29656443,False,62142057,49401726,31987307,24428746,13756401
0,layer3.2.conv1,30,29554786,False,61944206,60706235,2073897,58338484,1212016
1,layer3.2.conv1,30,29578642,False,61992105,60704546,2072795,58330906,1215576
2,layer3.2.conv1,30,29517392,False,61863859,60692453,2065391,58315970,1215862
3,layer3.2.conv1,30,29512867,False,61852620,60690737,2064736,58318765,1214459
4,layer3.2.conv1,30,29495259,False,61817027,60689803,2063972,58321672,1213034
5,layer3.2.conv1,30,29504192,False,61834829,60691293,2064655,58320371,1213089
6,layer3.2.conv1,30,29511608,False,61850104,60691410,2065193,58317762,1213467
0,layer3.2.bn1,1135,29798868,False,62452208,81840803,22518221,73443564,3521580
1,layer3.2.bn1,1135,29826986,False,62510817,81843410,22518277,73450769,3516472
2,layer3.2.bn1,1135,29759545,False,62368252,81844936,22520930,73440718,3523661
3,layer3.2.bn1,1135,29747416,False,62297051,81835122,22513175,73429708,3523386
4,layer3.2.bn1,1135,29849936,False,62557825,81847476,22522282,73444295,3519849
5,layer3.2.bn1,1135,29694381,False,62231611,81831863,22511089,73421492,3517394
6,layer3.2.bn1,1135,29775879,False,62402349,81844371,22520562,73444062,3519112
0,layer3.2.relu1,2837,29202566,False,61164105,52694822,32582844,33330370,10720732
1,layer3.2.relu1,2837,28836962,False,60440431,52670510,32563959,33300895,10720563
2,layer3.2.relu1,2837,29146914,False,61084181,52693237,32582043,33312521,10723210
3,layer3.2.relu1,2837,28932510,False,60634827,52669618,32563487,33306676,10718499
4,layer3.2.relu1,2837,29111831,False,61016537,52693227,32581642,33311410,10724817
5,layer3.2.relu1,2837,28996123,False,60768314,52671292,32564514,33309289,10714107
6,layer3.2.relu1,2837,29099771,False,60985297,52689846,32579823,33308358,10721119
0,layer3.2.conv2,14,28390632,False,59447410,110762322,4769200,109296676,1049635
1,layer3.2.conv2,14,28267535,False,59249157,110757108,4766474,109294409,1046996
2,layer3.2.conv2,14,28230643,False,59169819,110755184,4765026,109291182,1049313
3,layer3.2.conv2,14,28229916,False,59168269,110754435,4764437,109293459,1047109
4,layer3.2.conv2,14,28198511,False,59101477,110744663,4758688,109275601,1054756
5,layer3.2.conv2,14,28274669,False,59244584,110755514,4766018,109294503,1045427
6,layer3.2.conv2,14,28226821,False,59161958,110745712,4759044,109284974,1046040
0,layer3.2.bn2,1149,29558232,False,61949842,82616700,22674758,74095545,3575697
1,layer3.2.bn2,1149,29501024,False,61760501,82602906,22663793,74084882,3571872
2,layer3.2.bn2,1149,29540047,False,61908817,82612492,22671138,74102811,3569314
3,layer3.2.bn2,1149,29464113,False,61749306,82603265,22663545,74082580,3573355
4,layer3.2.bn2,1149,29585790,False,61887854,82611512,22670524,74100696,3570526
5,layer3.2.bn2,1149,29547941,False,61925328,82610818,22668473,74106437,3561776
6,layer3.2.bn2,1149,29514023,False,61855964,82613475,22671719,74100722,3572042
0,layer3.2.relu2,2834,29202369,False,61201720,52627855,32532737,33254253,10714025
1,layer3.2.relu2,2834,29316735,False,61441077,52630737,32534526,33244605,10701980
2,layer3.2.relu2,2834,29263698,False,61329774,52631289,32535156,33270323,10702231
3,layer3.2.relu2,2834,29396827,False,61608625,52633309,32536040,33270334,10693701
4,layer3.2.relu2,2834,29210273,False,61216978,52627437,32532460,33282872,10702860
5,layer3.2.relu2,2834,29292339,False,61389060,52629503,32533853,33260114,10705693
6,layer3.2.relu2,2834,29370337,False,61552062,52648937,32549108,33290676,10699637
0,layer3.2.conv3,31,28921030,False,60615570,62340673,1920573,60113621,1063864
1,layer3.2.conv3,31,28903765,False,60583225,62329262,1913399,60102723,1064443
2,layer3.2.conv3,31,28931745,False,60590606,62331452,1915238,60098955,1065137
3,layer3.2.conv3,31,28878984,False,60524673,62324226,1910666,60094711,1063917
4,layer3.2.conv3,31,28878949,False,60524902,62325824,1911775,60096767,1063765
5,layer3.2.conv3,31,28877029,False,60520631,62324392,1910755,60093246,1064193
6,layer3.2.conv3,31,28877979,False,60523553,62328183,1912933,60099812,1064527
0,layer3.2.bn3,429,29607524,False,62053131,94240523,17456676,84226189,3141127
1,layer3.2.bn3,429,29530990,False,61871616,94234313,17451790,84202126,3146047
2,layer3.2.bn3,429,29621843,False,62040996,94245045,17459225,84231039,3141966
3,layer3.2.bn3,429,29551223,False,61933350,94234517,17452109,84201202,3149464
4,layer3.2.bn3,429,29547783,False,61925963,94239351,17455814,84218501,3143866
5,layer3.2.bn3,429,29576855,False,61928843,94237992,17454005,84200496,3149840
6,layer3.2.bn3,429,29587239,False,62008329,94244277,17459282,84224255,3146225
0,layer3.2.add,805,29208425,False,61216854,68040100,24439353,35755246,20257591
1,layer3.2.add,805,29130816,False,61051856,68035825,24435739,36030942,20255754
2,layer3.2.add,805,29183083,False,61161044,68040763,24439469,35392923,20261972
3,layer3.2.add,805,29136478,False,61046990,68033875,24433990,35693498,20259798
4,layer3.2.add,805,29124078,False,61036793,68034567,24435654,36001034,20259562
5,layer3.2.add,805,29121130,False,61030883,68035636,24435261,35731722,20257867
6,layer3.2.add,805,29135643,False,61062187,68037370,24437410,35868196,20257695
0,layer3.2.relu3,1053,29633048,False,62069437,49307726,31923582,24369346,13734610
1,layer3.2.relu3,1053,29603106,False,62040109,49304650,31919792,24377380,13735396
2,layer3.2.relu3,1053,29629453,False,62094589,49300094,31918230,24333703,13732845
3,layer3.2.relu3,1053,29589448,False,62011037,49313931,31929687,24363256,13731691
4,layer3.2.relu3,1053,29763215,False,62375441,49330456,31942893,24388554,13734386
5,layer3.2.relu3,1053,29649087,False,62135968,49311314,31926858,24389063,13734229
6,layer3.2.relu3,1053,29687789,False,62217379,49310821,31926544,24357618,13731945
0,layer3.3.conv1,30,29571461,False,61978594,60700484,2069935,58334140,1210235
1,layer3.3.conv1,30,29546803,False,61924606,60696894,2067742,58330116,1210443
2,layer3.3.conv1,30,29532398,False,61894579,60690516,2064466,58325625,1208243
3,layer3.3.conv1,30,29524434,False,61877597,60688604,2063215,58320757,1209499
4,layer3.3.conv1,30,29557805,False,61947670,60695871,2067817,58325235,1210984
5,layer3.3.conv1,30,29519701,False,61867387,60688095,2062897,58324514,1208095
6,layer3.3.conv1,30,29572246,False,61926240,60695309,2067823,58330209,1209624
0,layer3.3.bn1,1144,29469530,False,61762990,82321906,22606458,73822347,3572529
1,layer3.3.bn1,1144,29438392,False,61695487,82313949,22601439,73806309,3575185
2,layer3.3.bn1,1144,29387547,False,61589104,82317207,22603507,73802494,3578583
3,layer3.3.bn1,1144,29411529,False,61638844,82318435,22604388,73816160,3573794
4,layer3.3.bn1,1144,29408029,False,61630829,82319455,22604688,73815354,3573889
5,layer3.3.bn1,1144,29489564,False,61742349,82317269,22603651,73826902,3566132
6,layer3.3.bn1,1144,29458771,False,61737642,82319316,22604990,73824151,3569592
0,layer3.3.relu1,2794,29085659,False,60905331,51908229,32092926,32816056,10551589
1,layer3.3.relu1,2794,28830705,False,60422043,51900303,32086542,32795195,10564996
2,layer3.3.relu1,2794,28863802,False,60491155,51887030,32074904,32770738,10550205
3,layer3.3.relu1,2794,28863299,False,60438382,51888263,32075323,32745966,10553471
4,layer3.3.relu1,2794,28802326,False,60361995,51884603,32073331,32743545,10555952
5,layer3.3.relu1,2794,28895829,False,60563531,51884931,32073393,32745552,10544196
6,layer3.3.relu1,2794,28831887,False,60411731,51888268,32075779,32741825,10551176
0,layer3.3.conv2,14,28338157,False,59399052,110753590,4763849,109291612,1047031
1,layer3.3.conv2,14,28278120,False,59270600,110755581,4765612,109297784,1044370
2,layer3.3.conv2,14,28240246,False,59189672,110752185,4763153,109291300,1047711
3,layer3.3.conv2,14,28255071,False,59221727,110749299,4761194,109292299,1045300
4,layer3.3.conv2,14,28241469,False,59193969,110747694,4760590,109288708,1046122
5,layer3.3.conv2,14,28243263,False,59195127,110747997,4760989,109284613,1050011
6,layer3.3.conv2,14,28246111,False,59202009,110746431,4760198,109288025,1045590
0,layer3.3.bn2,1112,29274892,False,61355915,80342790,22146493,72100489,3453587
1,layer3.3.bn2,1112,29198042,False,61193295,80334179,22139559,72092222,3454552
2,layer3.3.bn2,1112,29186228,False,61166802,80336115,22140902,72100561,3453408
3,layer3.3.bn2,1112,29276237,False,61355418,80340255,22142959,72100661,3457607
4,layer3.3.bn2,1112,29212486,False,61222286,80334719,22139855,72104902,3450990
5,layer3.3.bn2,1112,29159818,False,61111376,80335500,22140487,72107288,3448743
6,layer3.3.bn2,1112,29267250,False,61337003,80335530,22139777,72097991,3453675
0,layer3.3.relu2,2835,29276697,False,61357320,52672255,32572937,33320089,10714011
1,layer3.3.relu2,2835,29047432,False,60875789,52639845,32545563,33289550,10703655
2,layer3.3.relu2,2835,29229803,False,61257802,52654105,32557824,33314144,10707402
3,layer3.3.relu2,2835,29163861,False,61119746,52640426,32545608,33344269,10698706
4,layer3.3.relu2,2835,29212610,False,61228416,52656304,32559261,33301896,10711559
5,layer3.3.relu2,2835,29054063,False,60851088,52644751,32548524,33307220,10704325
6,layer3.3.relu2,2835,29228792,False,61255789,52659093,32560875,33294129,10708335
0,layer3.3.conv3,32,29829656,False,62518691,64350881,1982097,62054761,1097013
1,layer3.3.conv3,32,29797648,False,62450168,64339623,1975087,62042510,1097301
2,layer3.3.conv3,32,29822129,False,62501012,64341336,1976637,62045801,1095667
3,layer3.3.conv3,32,29796725,False,62448147,64333735,1971850,62036447,1097318
4,layer3.3.conv3,32,29814180,False,62484305,64340021,1976131,62039923,1097136
5,layer3.3.conv3,32,29831745,False,62475274,64340364,1975764,62044532,1096136
6,layer3.3.conv3,32,29803956,False,62462488,64337569,1974431,62043121,1096287
0,layer3.3.bn3,430,29682739,False,62192446,94540276,17542644,84474524,3159963
1,layer3.3.bn3,430,29643125,False,62057682,94532039,17537380,84464217,3158900
2,layer3.3.bn3,430,29579989,False,61994255,94536591,17540031,84469730,3159688
3,layer3.3.bn3,430,29586154,False,62006518,94535794,17539962,84471086,3154985
4,layer3.3.bn3,430,29584935,False,62003837,94531734,17537086,84461255,3158883
5,layer3.3.bn3,430,29594653,False,62024522,94535714,17539549,84467566,3158796
6,layer3.3.bn3,430,29602215,False,62039371,94539646,17542355,84474149,3156354
0,layer3.3.add,809,29270971,False,61346454,68380440,24565136,36173897,20353278
1,layer3.3.add,809,29306639,False,61420264,68381648,24564973,36458341,20355827
2,layer3.3.add,809,29237707,False,61274744,68374605,24560819,36522238,20355846
3,layer3.3.add,809,29316273,False,61440034,68377860,24562940,36467539,20349713
4,layer3.3.add,809,29289355,False,61383981,68379527,24564204,35985911,20360621
5,layer3.3.add,809,29332453,False,61473694,68381765,24564885,36432680,20352972
6,layer3.3.add,809,29382774,False,61579423,68386888,24569060,36277423,20354442
0,layer3.3.relu3,1056,29728308,False,62303700,49449433,32018326,24401272,13772811
1,layer3.3.relu3,1056,29706981,False,62258224,49446836,32016198,24422329,13771389
2,layer3.3.relu3,1056,29687413,False,62217042,49450825,32019457,24390913,13772627
3,layer3.3.relu3,1056,29725548,False,62296388,49447553,32017087,24408148,13767996
4,layer3.3.relu3,1056,29724188,False,62293540,49453064,32020642,24371275,13769557
5,layer3.3.relu3,1056,29705614,False,62255320,49447980,32017621,24409234,13773674
6,layer3.3.relu3,1056,29637171,False,62110215,49448004,32017443,24371442,13772835
0,layer3.4.conv1,30,29566959,False,61923122,60704235,2072137,58331012,1214849
1,layer3.4.conv1,30,29535304,False,61900928,60692811,2065327,58322145,1214229
2,layer3.4.conv1,30,29548338,False,61892739,60691358,2065137,58318475,1212684
3,layer3.4.conv1,30,29522511,False,61873594,60693835,2066966,58321739,1214180
4,layer3.4.conv1,30,29530691,False,61890829,60695085,2067392,58321863,1213525
5,layer3.4.conv1,30,29532938,False,61895150,60694701,2067482,58320293,1214748
6,layer3.4.conv1,30,29509905,False,61846774,60688999,2063628,58320771,1213438
0,layer3.4.bn1,1124,29548764,False,61927970,81188141,22370146,72840339,3505705
1,layer3.4.bn1,1124,29531297,False,61851471,81186776,22369751,72842020,3504371
2,layer3.4.bn1,1124,29540933,False,61898539,81184392,22367944,72843627,3499933
3,layer3.4.bn1,1124,29546188,False,61921055,81187427,22369763,72848325,3502531
4,layer3.4.bn1,1124,29500678,False,61826103,81182521,22366685,72845577,3502028
5,layer3.4.bn1,1124,29440327,False,61699452,81182372,22366698,72824948,3508451
6,layer3.4.bn1,1124,29533354,False,61894618,81188371,22370821,72843213,3504612
0,layer3.4.relu1,2806,28902185,False,60572787,52114366,32224051,32923218,10601415
1,layer3.4.relu1,2806,28909224,False,60586594,52119704,32227645,33020356,10603532
2,layer3.4.relu1,2806,28906158,False,60579693,52121383,32228384,33008987,10597895
3,layer3.4.relu1,2806,28922083,False,60613044,52118973,32226745,32999882,10602405
4,layer3.4.relu1,2806,28900385,False,60567716,52119121,32227195,32984275,10598128
5,layer3.4.relu1,2806,28984269,False,60742907,52118388,32226760,32992045,10592422
6,layer3.4.relu1,2806,28946466,False,60663615,52122201,32228665,32973792,10598522
0,layer3.4.conv2,14,28352406,False,59364591,110755938,4765432,109287887,1053270
1,layer3.4.conv2,14,28250090,False,59211200,110750867,4762104,109283459,1053421
2,layer3.4.conv2,14,28255305,False,59221401,110755310,4765104,109292876,1046643
3,layer3.4.conv2,14,28244482,False,59198913,110754636,4764733,109287879,1053163
4,layer3.4.conv2,14,28258365,False,59227964,110750077,4762268,109285260,1050428
5,layer3.4.conv2,14,28209868,False,59126064,110741505,4756345,109281595,1047513
6,layer3.4.conv2,14,28266903,False,59245776,110753821,4764294,109291589,1049032
0,layer3.4.bn2,1158,29565782,False,61964516,83438022,22945888,74842132,3608321
1,layer3.4.bn2,1158,29557747,False,61945979,83434159,22943201,74831730,3609019
2,layer3.4.bn2,1158,29556522,False,61943394,83439867,22946774,74819099,3614507
3,layer3.4.bn2,1158,29546906,False,61922803,83434896,22943758,74820469,3613804
4,layer3.4.bn2,1158,29496861,False,61817484,83434033,22943045,74818926,3614897
5,layer3.4.bn2,1158,29475969,False,61773927,83434979,22943914,74814712,3615864
6,layer3.4.bn2,1158,29539782,False,61907279,83436895,22944692,74830589,3612134
0,layer3.4.relu2,2837,29234578,False,61269337,52693809,32582720,33253404,10720411
1,layer3.4.relu2,2837,29200202,False,61153787,52674384,32567774,33241621,10716920
2,layer3.4.relu2,2837,29361816,False,61535229,52693332,32583038,33251023,10726416
3,layer3.4.relu2,2837,29189115,False,61172716,52677969,32570948,33229303,10722031
4,layer3.4.relu2,2837,29159260,False,61110496,52689967,32579871,33228348,10735414
5,layer3.4.relu2,2837,29161549,False,61115111,52680612,32570538,33264516,10714819
6,layer3.4.relu2,2837,29237944,False,61275262,52690207,32580119,33253296,10733107
0,layer3.4.conv3,32,29869413,False,62583707,64353737,1983958,62056123,1097766
1,layer3.4.conv3,32,29842774,False,62527568,64343766,1977919,62048177,1097018
2,layer3.4.conv3,32,29828547,False,62514837,64339666,1975490,62041236,1097947
3,layer3.4.conv3,32,29797400,False,62449575,64335358,1972912,62035935,1097649
4,layer3.4.conv3,32,29825093,False,62506268,64335973,1973289,62045407,1094973
5,layer3.4.conv3,32,29870812,False,62543840,64345645,1978858,62040292,1100322
6,layer3.4.conv3,32,29824691,False,62506512,64340201,1976202,62035593,1099577
0,layer3.4.bn3,429,29570829,False,61975554,94288193,17485632,84276236,3137143
1,layer3.4.bn3,429,29521907,False,61872146,94287850,17484165,84270656,3137084
2,layer3.4.bn3,429,29515999,False,61859967,94290450,17486859,84271803,3141936
3,layer3.4.bn3,429,29561734,False,61955266,94287255,17484311,84258673,3143394
4,layer3.4.bn3,429,29638885,False,62116813,94291977,17487509,84284512,3134254
5,layer3.4.bn3,429,29607443,False,62057842,94286284,17483669,84257895,3146109
6,layer3.4.bn3,429,29566526,False,61965457,94284824,17482876,84274624,3136236
0,layer3.4.add,805,29258676,False,61321220,68036314,24439347,35957263,20249063
1,layer3.4.add,805,29247133,False,61296440,68039770,24440590,35952243,20252940
2,layer3.4.add,805,29233621,False,61266377,68041530,24443107,35946837,20250673
3,layer3.4.add,805,29227949,False,61255126,68032749,24436273,35628934,20251119
4,layer3.4.add,805,29242342,False,61285026,68044998,24445040,36134650,20255178
5,layer3.4.add,805,29241984,False,61284594,68038666,24440353,35867523,20254384
6,layer3.4.add,805,29239326,False,61278892,68038626,24440917,35724244,20254950
0,layer3.4.relu3,1053,29703964,False,62252100,49309879,31928744,24329323,13731485
1,layer3.4.relu3,1053,29623143,False,62081992,49312416,31930451,24387877,13726602
2,layer3.4.relu3,1053,29585253,False,62001744,49309094,31928115,24353799,13732007
3,layer3.4.relu3,1053,29585820,False,62003020,49310810,31929214,24368850,13727229
4,layer3.4.relu3,1053,29623902,False,62040092,49316023,31932415,24361436,13731575
5,layer3.4.relu3,1053,29588467,False,62008614,49305347,31925550,24380464,13727943
6,layer3.4.relu3,1053,29583390,False,61998061,49309872,31928580,24389069,13726955
0,layer3.5.conv1,30,29572165,False,61980291,60702785,2071144,58334412,1209586
1,layer3.5.conv1,30,29561435,False,61955626,60700610,2070519,58328107,1210467
2,layer3.5.conv1,30,29584410,False,62003332,60697263,2069308,58334999,1207884
3,layer3.5.conv1,30,29553406,False,61937702,60692678,2065668,58327711,1208102
4,layer3.5.conv1,30,29563563,False,61919274,60687150,2062217,58317450,1209561
5,layer3.5.conv1,30,29540012,False,61909102,60693111,2066435,58328372,1207476
6,layer3.5.conv1,30,29556782,False,61945172,60692010,2065784,58323260,1209482
0,layer3.5.bn1,1144,29465331,False,61737146,82410829,22656900,73866640,3579219
1,layer3.5.bn1,1144,29379670,False,61571799,82414836,22660531,73877647,3579872
2,layer3.5.bn1,1144,29480000,False,61782596,82429672,22672974,73894708,3579543
3,layer3.5.bn1,1144,29488848,False,61749753,82427564,22668941,73888675,3581271
4,layer3.5.bn1,1144,29447132,False,61713853,82416008,22661644,73885388,3576427
5,layer3.5.bn1,1144,29453867,False,61727491,82409110,22655628,73888078,3572398
6,layer3.5.bn1,1144,29430274,False,61678227,82411362,22656863,73889306,3573485
0,layer3.5.relu1,2845,29079987,False,60945711,52792535,32632808,33368407,10726153
1,layer3.5.relu1,2845,29194257,False,61184365,52826067,32660669,33402614,10728460
2,layer3.5.relu1,2845,29270844,False,61344021,52894423,32716947,33415334,10742599
3,layer3.5.relu1,2845,29400200,False,61615645,52836273,32670218,33436953,10726473
4,layer3.5.relu1,2845,29387464,False,61588754,52858750,32688129,33421360,10731132
5,layer3.5.relu1,2845,29301873,False,61409036,52822594,32658316,33362360,10719647
6,layer3.5.relu1,2845,29393317,False,61605910,52844615,32675544,33389093,10738085
0,layer3.5.conv2,14,28339220,False,59400165,110756014,4765849,109299272,1044291
1,layer3.5.conv2,14,28245687,False,59202890,110755509,4765508,109299959,1042150
2,layer3.5.conv2,14,28249176,False,59208391,110754317,4764121,109287728,1052891
3,layer3.5.conv2,14,28241579,False,59192103,110752474,4763506,109296066,1043478
4,layer3.5.conv2,14,28242487,False,59193567,110749645,4761886,109293344,1043464
5,layer3.5.conv2,14,28239948,False,59187826,110753001,4764347,109291907,1048449
6,layer3.5.conv2,14,28259059,False,59228889,110749822,4761708,109290179,1046295
0,layer3.5.bn2,1126,29358547,False,61530543,81127304,22308810,72782055,3490335
1,layer3.5.bn2,1126,29530602,False,61889429,81136962,22314984,72803585,3490681
2,layer3.5.bn2,1126,29431062,False,61680331,81131064,22310553,72788113,3492718
3,layer3.5.bn2,1126,29432895,False,61683962,81131906,22311941,72788834,3496049
4,layer3.5.bn2,1126,29416123,False,61647960,81127367,22308436,72771745,3497071
5,layer3.5.bn2,1126,29429839,False,61677140,81134210,22312591,72780822,3497702
6,layer3.5.bn2,1126,29500267,False,61778137,81138593,22317126,72803738,3488780
0,layer3.5.relu2,2853,29281186,False,61352658,52993535,32768069,33444377,10799057
1,layer3.5.relu2,2853,29115988,False,61019676,52978849,32755089,33446070,10791507
2,layer3.5.relu2,2853,29270574,False,61343447,52987603,32763958,33442281,10800934
3,layer3.5.relu2,2853,29532815,False,61893015,52975970,32755862,33501884,10775963
4,layer3.5.relu2,2853,29569044,False,61968686,53043004,32809633,33543678,10779814
5,layer3.5.relu2,2853,29429824,False,61676953,52993565,32767584,33508429,10784441
6,layer3.5.relu2,2853,29303636,False,61412626,53007318,32780149,33454830,10797573
0,layer3.5.conv3,32,29808976,False,62475744,64346411,1979012,62052167,1096975
1,layer3.5.conv3,32,29875985,False,62556313,64350989,1982461,62050148,1096811
2,layer3.5.conv3,32,29817686,False,62492200,64339679,1975881,62042690,1097107
3,layer3.5.conv3,32,29790472,False,62434199,64334001,1971852,62040472,1096066
4,layer3.5.conv3,32,29821215,False,62499853,64343429,1977980,62047389,1098130
5,layer3.5.conv3,32,29789704,False,62434212,64338482,1975039,62041482,1097546
6,layer3.5.conv3,32,29812622,False,62481034,64335683,1973045,62043091,1096677
0,layer3.5.bn3,428,29513584,False,61857471,94125380,17472703,84131421,3134606
1,layer3.5.bn3,428,29625293,False,62089298,94126314,17473815,84148865,3128904
2,layer3.5.bn3,428,29520946,False,61869262,94124489,17472143,84135422,3134692
3,layer3.5.bn3,428,29569861,False,61971331,94128831,17475475,84136099,3136135
4,layer3.5.bn3,428,29561114,False,61952988,94127875,17474848,84143193,3134074
5,layer3.5.bn3,428,29508026,False,61850119,94126309,17472621,84127534,3135997
6,layer3.5.bn3,428,29590820,False,62015636,94128561,17475252,84150025,3133549
0,layer3.5.add,804,29278626,False,61363755,67981167,24431282,36384904,20229012
1,layer3.5.add,804,29251396,False,61304350,67967524,24421648,36438176,20227004
2,layer3.5.add,804,29260744,False,61324257,67971057,24424224,36124487,20227191
3,layer3.5.add,804,29234899,False,61269923,67971151,24423767,36138672,20229829
4,layer3.5.add,804,29226964,False,61252141,67967556,24421764,36158435,20228574
5,layer3.5.add,804,29176936,False,61148035,67974167,24426147,36138728,20233198
6,layer3.5.add,804,29199570,False,61194380,67970347,24423721,36308332,20227119
0,layer3.5.relu3,1051,29601627,False,62038622,49224613,31873824,24358377,13701572
1,layer3.5.relu3,1051,29488740,False,61800387,49205391,31859247,24355771,13701616
2,layer3.5.relu3,1051,29592255,False,61974119,49213832,31865665,24336204,13700068
3,layer3.5.relu3,1051,29497636,False,61805152,49213515,31864360,24318814,13703180
4,layer3.5.relu3,1051,29559189,False,61947998,49214342,31866241,24296066,13702631
5,layer3.5.relu3,1051,29525757,False,61877315,49209816,31862240,24318016,13703675
6,layer3.5.relu3,1051,29591216,False,61919826,49220697,31869531,24326031,13705586
0,layer4.0.conv1,15,29382148,False,61581931,60201353,1699197,57947094,1135306
1,layer4.0.conv1,15,29347100,False,61507475,60196521,1695793,57943372,1134447
2,layer4.0.conv1,15,29353651,False,61520289,60197723,1696634,57941101,1136872
3,layer4.0.conv1,15,29359360,False,61531840,60196753,1696080,57939789,1136357
4,layer4.0.conv1,15,29362026,False,61538331,60193041,1694108,57938860,1134899
5,layer4.0.conv1,15,29344263,False,61500323,60190397,1692297,57931711,1136448
6,layer4.0.conv1,15,29408533,False,61570307,60200718,1699005,57943927,1136347
0,layer4.0.bn1,742,29646452,False,62133993,90200990,20008524,81047365,3007652
1,layer4.0.bn1,742,29591511,False,62016499,90187504,19998381,81027346,3008171
2,layer4.0.bn1,742,29601610,False,62038018,90182542,19993359,81035578,3003723
3,layer4.0.bn1,742,29666293,False,62173258,90180918,19992551,81041456,2998841
4,layer4.0.bn1,742,29636404,False,62110434,90175994,19988589,81048786,2993226
5,layer4.0.bn1,742,29564835,False,61959876,90179815,19991852,81044081,2995614
6,layer4.0.bn1,742,29640340,False,62118258,90177664,19989468,81048735,2995564
0,layer4.0.relu1,1805,29380269,False,61452517,50528747,32065687,28152277,12381795
1,layer4.0.relu1,1805,29243038,False,61285423,50511451,32052247,28090995,12381069
2,layer4.0.relu1,1805,29525532,False,61877518,50559480,32092807,28159481,12377277
3,layer4.0.relu1,1805,29384385,False,61571752,50526639,32064532,28107389,12384609
4,layer4.0.relu1,1805,29373940,False,61560095,50536031,32072228,28050613,12381457
5,layer4.0.relu1,1805,29267212,False,61336649,50519595,32057343,28078628,12375982
6,layer4.0.relu1,1805,29404975,False,61625195,50524856,32062989,28078332,12378926
0,layer4.0.conv2,8,26897865,False,56380824,82495754,6903367,79355316,2024805
1,layer4.0.conv2,8,26909489,False,56403371,82504815,6908787,79358316,2025848
2,layer4.0.conv2,8,26869020,False,56316000,82498605,6905139,79355852,2029309
3,layer4.0.conv2,8,26869062,False,56317367,82496926,6904108,79351657,2032394
4,layer4.0.conv2,8,26879347,False,56337086,82502305,6907662,79354941,2029018
5,layer4.0.conv2,8,26885104,False,56350447,82500171,6905779,79350486,2032049
6,layer4.0.conv2,8,26848194,False,56271975,82494348,6902440,79347483,2030802
0,layer4.0.bn2,1320,29702544,False,62232179,75344001,23437251,69466696,2450851
1,layer4.0.bn2,1320,29755351,False,62319071,75353998,23442985,69476838,2454725
2,layer4.0.bn2,1320,29721534,False,62289123,75343039,23436713,69482332,2445230
3,layer4.0.bn2,1320,29667119,False,62174942,75341502,23435512,69473192,2445868
4,layer4.0.bn2,1320,29668777,False,62178867,75345107,23437577,69479927,2448072
5,layer4.0.bn2,1320,29630232,False,62097713,75343415,23436484,69463984,2450989
6,layer4.0.bn2,1320,29626148,False,62089007,75343758,23437189,69482376,2445204
0,layer4.0.relu2,3935,28845470,False,60435966,54506950,32814964,38758080,8748828
1,layer4.0.relu2,3935,28722634,False,60195475,54477513,32794661,38763647,8751383
2,layer4.0.relu2,3935,28767797,False,60290316,54501751,32811264,38719440,8761643
3,layer4.0.relu2,3935,28701519,False,60150845,54479735,32792721,38680652,8760713
4,layer4.0.relu2,3935,29252406,False,61248398,54504653,32812826,38787847,8717685
5,layer4.0.relu2,3935,28731564,False,60213944,54479713,32792669,38747058,8738424
6,layer4.0.relu2,3935,29016486,False,60810969,54501934,32811338,38825167,8716781
0,layer4.0.conv3,25,29578768,False,61995101,88198151,2424670,84317058,1007240
1,layer4.0.conv3,25,29559282,False,61951326,88194875,2423108,84301091,1007583
2,layer4.0.conv3,25,29547197,False,61925987,88184047,2416702,84297638,1004827
3,layer4.0.conv3,25,29556027,False,61944692,88185600,2417703,84303015,1005396
4,layer4.0.conv3,25,29556740,False,61946973,88190290,2420556,84315256,1004130
5,layer4.0.conv3,25,29555756,False,61944066,88186130,2417987,84298164,1004909
6,layer4.0.conv3,25,29588803,False,61962720,88190793,2421274,84306109,1003403
0,layer4.0.bn3,594,29796101,False,62447552,94079499,18739823,87441872,1975296
1,layer4.0.bn3,594,29896052,False,62531587,94079442,18739922,87456249,1971873
2,layer4.0.bn3,594,29785064,False,62411638,94076690,18738097,87426088,1981041
3,layer4.0.bn3,594,29775913,False,62402804,94075414,18736859,87431062,1978416
4,layer4.0.bn3,594,29785910,False,62423363,94079013,18739931,87441343,1977554
5,layer4.0.bn3,594,29811572,False,62454597,94077148,18738565,87447038,1972002
6,layer4.0.bn3,594,29794223,False,62439988,94078055,18739378,87445299,1974540
0,layer4.0.downsample.0,10,28219273,False,59149564,36785123,4177931,31682443,4401594
1,layer4.0.downsample.0,10,28211757,False,59132547,36785148,4178010,31692548,4392137
2,layer4.0.downsample.0,10,28185780,False,59076283,36780729,4174890,31677799,4404918
3,layer4.0.downsample.0,10,28192906,False,59091365,36786920,4178736,31687669,4399117
4,layer4.0.downsample.0,10,28216249,False,59120364,36788084,4179700,31670495,4411804
5,layer4.0.downsample.0,10,28203586,False,59070251,36779706,4174618,31676239,4401084
6,layer4.0.downsample.0,10,28185627,False,59073945,36783185,4176624,31672184,4406971
0,layer4.0.downsample.1,598,29683439,False,62213046,94613112,18813642,87970750,1958053
1,layer4.0.downsample.1,598,29641919,False,62123012,94603768,18806694,87959249,1957314
2,layer4.0.downsample.1,598,29627095,False,62091197,94607387,18809027,87970564,1955137
3,layer4.0.downsample.1,598,29629910,False,62096641,94605914,18808419,87955441,1962627
4,layer4.0.downsample.1,598,29678373,False,62118717,94605767,18808231,87959346,1962344
5,layer4.0.downsample.1,598,29666553,False,62173715,94602171,18805862,87952902,1961574
6,layer4.0.downsample.1,598,29612947,False,62061250,94606064,18807890,87960252,1958031
0,layer4.0.add,1557,29359562,False,61531429,72965968,27708709,42280254,20219963
1,layer4.0.add,1557,29199075,False,61195032,72950222,27696609,41911701,20222763
2,layer4.0.add,1557,29292706,False,61332504,72968241,27709781,42277105,20224965
3,layer4.0.add,1557,29175798,False,61145073,72955514,27700240,41987293,20224461
4,layer4.0.add,1557,29243226,False,61286034,72961932,27705833,42263305,20221298
5,layer4.0.add,1557,29173247,False,61139618,72957478,27701065,41839341,20221728
6,layer4.0.add,1557,29215686,False,61228762,72960489,27704980,42066659,20223369
0,layer4.0.relu3,1807,29477805,False,61779064,50579212,32089639,28175672,12396811
1,layer4.0.relu3,1807,29401197,False,61617708,50567396,32080120,28178989,12391250
2,layer4.0.relu3,1807,29480234,False,61783462,50579366,32089185,28155664,12393985
3,layer4.0.relu3,1807,29394244,False,61602283,50567725,32080334,28164110,12394100
4,layer4.0.relu3,1807,29514797,False,61855350,50576125,32087483,28142398,12390890
5,layer4.0.relu3,1807,29440128,False,61632221,50573708,32083417,28140645,12397067
6,layer4.0.relu3,1807,29483878,False,61790181,50577875,32088749,28196234,12396469
0,layer4.1.conv1,25,29733045,False,62181612,88096266,2307568,84115359,1082526
1,layer4.1.conv1,25,29678858,False,62190423,88101847,2310920,84120955,1084582
2,layer4.1.conv1,25,29649275,False,62118743,88089699,2304103,84103044,1082821
3,layer4.1.conv1,25,29625501,False,62089711,88089237,2304031,84112447,1083715
4,layer4.1.conv1,25,29625654,False,62090296,88089054,2303455,84102701,1084440
5,layer4.1.conv1,25,29615123,False,62068259,88083303,2300034,84106543,1082903
6,layer4.1.conv1,25,29633179,False,62105327,88088404,2302996,84109587,1083247
0,layer4.1.bn1,1324,29420957,False,61661435,75233589,23329355,69392522,2422282
1,layer4.1.bn1,1324,29405501,False,61609013,75238395,23332515,69396580,2422523
2,layer4.1.bn1,1324,29397300,False,61609514,75223781,23321683,69373304,2427189
3,layer4.1.bn1,1324,29465692,False,61713193,75226453,23323378,69388935,2422790
4,layer4.1.bn1,1324,29523814,False,61874297,75228217,23324338,69398260,2419236
5,layer4.1.bn1,1324,29675496,False,62191958,75227226,23324255,69410235,2413336
6,layer4.1.bn1,1324,29499224,False,61822626,75228068,23324404,69394718,2420068
0,layer4.1.relu1,3985,29112043,False,61011884,55213775,33250018,39221127,8886242
1,layer4.1.relu1,3985,28776177,False,60307272,55163712,33209236,39138042,8889466
2,layer4.1.relu1,3985,29130792,False,61050579,55185970,33227931,39151720,8884491
3,layer4.1.relu1,3985,28699521,False,60146837,55165221,33210368,39154541,8889913
4,layer4.1.relu1,3985,28985149,False,60745349,55189644,33230085,39137310,8891955
5,layer4.1.relu1,3985,29019515,False,60816715,55164609,33209842,39159375,8869176
6,layer4.1.relu1,3985,28926428,False,60621701,55184168,33226729,39158797,8885151
0,layer4.1.conv2,9,27961945,False,58609075,86477521,7672569,83263930,2191343
1,layer4.1.conv2,9,27946398,False,58574307,86479635,7674517,83238790,2203997
2,layer4.1.conv2,9,27946302,False,58576134,86478012,7673176,83249470,2195499
3,layer4.1.conv2,9,27939235,False,58559986,86481019,7674925,83251715,2201125
4,layer4.1.conv2,9,27966024,False,58566258,86480123,7674867,83253636,2197313
5,layer4.1.conv2,9,27940013,False,58560318,86478413,7673964,83242487,2197432
6,layer4.1.conv2,9,27919675,False,58517276,86470652,7669054,83243123,2196798
0,layer4.1.bn2,1346,29516885,False,61862837,76609755,23804125,70670483,2469353
1,layer4.1.bn2,1346,29665471,False,62172674,76609748,23803726,70698366,2456559
2,layer4.1.bn2,1346,29751362,False,62351645,76601118,23796465,70707480,2450278
3,layer4.1.bn2,1346,29477632,False,61777433,76600858,23795860,70676776,2463640
4,layer4.1.bn2,1346,29549844,False,61929043,76600822,23796472,70680169,2459400
5,layer4.1.bn2,1346,29470010,False,61761439,76599078,23794903,70662456,2461821
6,layer4.1.bn2,1346,29626562,False,62090004,76605516,23799125,70669252,2464323
0,layer4.1.relu2,4021,28994521,False,60647324,55685190,33533979,39522654,8958114
1,layer4.1.relu2,4021,28844416,False,60430191,55653279,33508331,39568712,8936206
2,layer4.1.relu2,4021,28935581,False,60642327,55681899,33530918,39567394,8945646
3,layer4.1.relu2,4021,28746192,False,60244966,55649109,33505799,39516529,8949323
4,layer4.1.relu2,4021,28950654,False,60673242,55679026,33529968,39574525,8948023
5,layer4.1.relu2,4021,28916135,False,60600033,55650508,33506791,39562326,8932364
6,layer4.1.relu2,4021,28986943,False,60748827,55680507,33530527,39554367,8945755
0,layer4.1.conv3,25,29636835,False,62068160,88201334,2427487,84318637,1000729
1,layer4.1.conv3,25,29559648,False,61953009,88192832,2421676,84315150,999957
2,layer4.1.conv3,25,29571222,False,61976681,88190296,2420644,84311937,1000083
3,layer4.1.conv3,25,29538942,False,61909428,88184105,2416795,84304703,999409
4,layer4.1.conv3,25,29546120,False,61923476,88187660,2419247,84305514,1000000
5,layer4.1.conv3,25,29555291,False,61943126,88189815,2419948,84316332,998497
6,layer4.1.conv3,25,29562964,False,61958442,88187644,2419271,84308417,1000077
0,layer4.1.bn3,598,29586988,False,62008626,94619642,18818381,87952867,1982215
1,layer4.1.bn3,598,29625049,False,62086909,94617116,18816523,87952099,1979717
2,layer4.1.bn3,598,29560864,False,61952053,94619856,18818156,87956148,1980358
3,layer4.1.bn3,598,29569913,False,61971030,94617529,18816753,87951983,1979363
4,layer4.1.bn3,598,29608215,False,62051067,94618236,18817387,87959155,1978171
5,layer4.1.bn3,598,29662267,False,62108645,94618694,18817215,87962203,1979361
6,layer4.1.bn3,598,29570688,False,61972480,94619678,18818403,87959251,1979198
0,layer4.1.add,1564,29395713,False,61608176,73286037,27829843,42825941,20295898
1,layer4.1.add,1564,29362374,False,61536347,73290929,27832975,42620470,20302274
2,layer4.1.add,1564,29422161,False,61661001,73283954,27829153,42740288,20294567
3,layer4.1.add,1564,29355026,False,61520302,73287229,27830668,42711365,20305007
4,layer4.1.add,1564,29343592,False,61495993,73287585,27831167,42774357,20291055
5,layer4.1.add,1564,29395130,False,61544691,73290100,27832214,42877083,20299103
6,layer4.1.add,1564,29333416,False,61474824,73287979,27831391,42793424,20298080
0,layer4.1.relu3,1809,29330840,False,61471269,50630349,32124438,28066395,12433805
1,layer4.1.relu3,1809,29253639,False,61308222,50617569,32113543,28058497,12424829
2,layer4.1.relu3,1809,29316106,False,61438692,50630669,32124706,28127508,12425435
3,layer4.1.relu3,1809,29277450,False,61357028,50616278,32113031,28055996,12425889
4,layer4.1.relu3,1809,29454861,False,61728714,50636618,32128233,28146021,12419443
5,layer4.1.relu3,1809,29277726,False,61357728,50621108,32115842,28098200,12427335
6,layer4.1.relu3,1809,29424066,False,61664455,50632973,32126169,28103255,12430354
0,layer4.2.conv1,25,29669262,False,62184038,88098349,2308818,84115292,1082175
1,layer4.2.conv1,25,29627368,False,62094749,88089721,2303430,84108530,1083194
2,layer4.2.conv1,25,29635946,False,62112251,88086853,2302527,84104468,1083346
3,layer4.2.conv1,25,29643113,False,62111358,88089147,2304061,84106773,1083678
4,layer4.2.conv1,25,29650089,False,62100778,88089423,2303818,84104764,1083515
5,layer4.2.conv1,25,29627586,False,62094619,88084047,2300493,84106360,1083222
6,layer4.2.conv1,25,29610471,False,62059348,88083037,2299827,84105215,1082561
0,layer4.2.bn1,1332,29414843,False,61647706,75920265,23612521,70050544,2430719
1,layer4.2.bn1,1332,29393156,False,61561821,75919163,23612038,70025013,2437047
2,layer4.2.bn1,1332,29424575,False,61667009,75917802,23611398,70049195,2432407
3,layer4.2.bn1,1332,29443883,False,61707085,75923254,23614664,70049930,2434254
4,layer4.2.bn1,1332,29409852,False,61635689,75917021,23610600,70032219,2436475
5,layer4.2.bn1,1332,29333858,False,61475750,75920937,23613497,70040758,2431154
6,layer4.2.bn1,1332,29382555,False,61560868,75918631,23611864,70034630,2433915
0,layer4.2.relu1,3997,28853093,False,60469808,55343127,33326843,39306622,8903863
1,layer4.2.relu1,3997,28636952,False,60016054,55322293,33309607,39294030,8901479
2,layer4.2.relu1,3997,28806533,False,60371398,55338787,33324364,39304855,8910624
3,layer4.2.relu1,3997,29025182,False,60775307,55368142,33347070,39315767,8934150
4,layer4.2.relu1,3997,28863236,False,60489486,55364400,33344989,39323936,8925393
5,layer4.2.relu1,3997,28815262,False,60388486,55361731,33343177,39355822,8903950
6,layer4.2.relu1,3997,28913920,False,60595954,55370530,33348742,39338147,8914337
0,layer4.2.conv2,9,27985846,False,58658778,86478645,7673785,83237870,2199131
1,layer4.2.conv2,9,27953576,False,58591038,86478693,7673816,83249214,2194518
2,layer4.2.conv2,9,27960640,False,58604424,86483092,7676481,83228209,2203116
3,layer4.2.conv2,9,27936990,False,58552712,86476211,7672070,83245387,2191442
4,layer4.2.conv2,9,27940191,False,58559565,86479231,7674259,83236967,2197976
5,layer4.2.conv2,9,27913764,False,58504206,86476674,7672643,83243070,2195634
6,layer4.2.conv2,9,27953849,False,58538919,86479740,7673957,83235617,2198546
0,layer4.2.bn2,1307,29562605,False,61957370,74688507,23263544,68863611,2425605
1,layer4.2.bn2,1307,29451214,False,61723098,74678712,23256335,68853508,2424963
2,layer4.2.bn2,1307,29587611,False,62008507,74688478,23263692,68879007,2420488
3,layer4.2.bn2,1307,29491968,False,61759106,74680761,23257561,68850925,2421745
4,layer4.2.bn2,1307,29573015,False,61977693,74687902,23263847,68882824,2413263
5,layer4.2.bn2,1307,29483158,False,61774370,74677798,23255655,68850931,2424910
6,layer4.2.bn2,1307,29272073,False,61346747,74688507,23263640,68854222,2429994
0,layer4.2.relu2,3998,29085119,False,60955070,55372761,33335481,39223876,8915415
1,layer4.2.relu2,3998,29208015,False,61212356,55375449,33337443,39190389,8918343
2,layer4.2.relu2,3998,29089938,False,60964714,55373493,33335560,39190716,8933276
3,layer4.2.relu2,3998,29151483,False,61055784,55377411,33338731,39231731,8934244
4,layer4.2.relu2,3998,29200797,False,61196712,55370360,33333745,39220640,8912362
5,layer4.2.relu2,3998,29127088,False,61042207,55374320,33336108,39214795,8931103
6,layer4.2.relu2,3998,29117376,False,61022192,55371997,33335023,39217341,8916699
0,layer4.2.conv3,25,29554476,False,61943928,88192650,2421401,84307525,1005726
1,layer4.2.conv3,25,29569429,False,61974885,88196570,2423900,84305888,1007580
2,layer4.2.conv3,25,29574825,False,61948767,88189395,2420359,84292279,1008173
3,layer4.2.conv3,25,29549978,False,61931818,88186018,2417998,84303389,1005415
4,layer4.2.conv3,25,29580357,False,61959023,88189021,2420030,84307573,1003847
5,layer4.2.conv3,25,29553372,False,61938557,88183855,2416001,84303857,1003145
6,layer4.2.conv3,25,29580465,False,61995289,88188926,2420148,84306208,1004243
0,layer4.2.bn3,588,29714559,False,62276990,93129524,18551117,86661941,1906417
1,layer4.2.bn3,588,29760787,False,62315539,93140165,18557837,86674122,1908072
2,layer4.2.bn3,588,29762532,False,62375118,93136204,18555644,86660768,1910725
3,layer4.2.bn3,588,29752003,False,62351775,93129127,18550660,86655768,1912433
4,layer4.2.bn3,588,29801316,False,62456516,93139261,18557833,86679988,1906377
5,layer4.2.bn3,588,29681774,False,62205389,93130970,18551910,86669854,1903793
6,layer4.2.bn3,588,29671985,False,62184791,93135224,18554958,86658749,1910057
0,layer4.2.add,1571,29385638,False,61586035,73625972,27958726,43113667,20414961
1,layer4.2.add,1571,29339969,False,61489181,73609581,27946641,43122870,20411447
2,layer4.2.add,1571,29499645,False,61824230,73623404,27956711,43292199,20407542
3,layer4.2.add,1571,29431479,False,61680786,73612712,27947519,43263845,20409588
4,layer4.2.add,1571,29443299,False,61705809,73622308,27955345,43373381,20405742
5,layer4.2.add,1571,29339814,False,61421408,73617628,27951432,43577153,20409450
6,layer4.2.add,1571,29292027,False,61387809,73618353,27953107,43023540,20422997
0,layer4.2.relu3,1816,29571137,False,61974340,50834790,32249059,28061391,12480955
1,layer4.2.relu3,1816,29629148,False,62094724,50833427,32248537,28138840,12468383
2,layer4.2.relu3,1816,29578639,False,61967944,50832995,32248160,28098040,12467365
3,layer4.2.relu3,1816,29550779,False,61929891,50835587,32249605,28126421,12469446
4,layer4.2.relu3,1816,29555134,False,61927164,50831795,32247381,28108705,12469432
5,layer4.2.relu3,1816,29586075,False,62003309,50833456,32248589,28095477,12471084
6,layer4.2.relu3,1816,29574207,False,61978536,50835989,32250272,28105297,12469031
0,avgpool,926,29495188,False,61815838,52451882,14394187,46324159,1398681
1,avgpool,926,29445281,False,61715362,52451371,14394272,46326687,1393309
2,avgpool,926,29507264,False,61843580,52446164,14390482,46330354,1396762
3,avgpool,926,29544128,False,61876585,52457743,14397963,46358006,1392703
4,avgpool,926,29505978,False,61837077,52453037,14395369,46357425,1389131
5,avgpool,926,29504734,False,61834236,52447036,14391203,46334611,1393085
6,avgpool,926,29535342,False,61897869,52454570,14395995,46333719,1398219
0,flatten,5675,28513111,False,59756316,56300614,32261619,53272528,1597220
1,flatten,5675,28372112,False,59460280,56267447,32233298,53219670,1613678
2,flatten,5675,28269603,False,59245270,56299867,32260948,53200163,1632815
3,flatten,5675,28199723,False,59098554,56266218,32232452,53174047,1618043
4,flatten,5675,28586535,False,59908748,56302371,32262724,53237408,1604810
5,flatten,5675,28253133,False,59210094,56266048,32232754,53287574,1583778
6,flatten,5675,28556974,False,59797427,56307017,32265516,53132020,1648748
0,fc,75,29711112,False,62271930,13784935,933772,4339458,1617693
1,fc,75,29669103,False,62182563,13769104,924798,4326094,1615420
2,fc,75,29723740,False,62297323,13780129,932886,4335313,1616375
3,fc,75,29702888,False,62251928,13768926,924941,4324456,1616562
4,fc,75,29695780,False,62238344,13771172,926541,4325409,1615311
5,fc,75,29681021,False,62206778,13769058,924478,4323474,1615572
6,fc,75,29687531,False,62220392,13775858,928522,4330015,1614923
