rep,layer,calls,ns,multiplexed,cycles,load_fb_hit,load_l2_hit,load_l3_hit,load_l3_miss
0,conv1,1,2273892,False,4734413,34788,21716,3279,1671
1,conv1,1,2242908,False,4653671,34167,21601,3515,1272
2,conv1,1,2230490,False,4630420,34123,23084,4023,701
3,conv1,1,2209105,False,4598623,32961,22024,3892,533
4,conv1,1,2201424,False,4592044,32310,21135,3863,489
5,conv1,1,2205379,False,4595441,32701,22343,4018,444
6,conv1,1,2208890,False,4575577,33400,21430,4113,399
0,bn1,1,358331,False,770749,62881,22924,8573,1281
1,bn1,1,351325,False,751103,63408,22512,8404,1314
2,bn1,1,348779,False,746666,62571,22329,8783,1396
3,bn1,1,347360,False,742582,63087,22234,8706,1357
4,bn1,1,345017,False,738040,62718,22421,8730,1349
5,bn1,1,349619,False,746981,62688,22292,8741,1346
6,bn1,1,343467,False,734167,63265,22298,8663,1351
0,relu,1,192468,False,419093,52061,19516,28017,1660
1,relu,1,200411,False,435231,52919,17154,21086,10001
2,relu,1,200482,False,435305,53255,16812,21915,9329
3,relu,1,195746,False,425537,53060,17285,20796,10011
4,relu,1,200342,False,435685,52964,17194,19675,11318
5,relu,1,201696,False,438223,53117,17000,18793,12163
6,relu,1,198115,False,429676,53109,16740,19667,11687
0,maxpool,1,10221991,False,21434680,4511,3316,924,333
1,maxpool,1,10039804,False,21051328,4545,3210,998,314
2,maxpool,1,10186937,False,21358405,4729,3251,988,318
3,maxpool,1,10109319,False,21195269,4659,3195,1005,326
4,maxpool,1,10183780,False,21350625,4650,2996,1129,387
5,maxpool,1,10087090,False,21147727,4378,2832,1092,291
6,maxpool,1,10157815,False,21296062,4660,3259,1009,286
0,layer1.0.conv1,1,265626,False,533498,5263,2708,733,203
1,layer1.0.conv1,1,266011,False,521468,5453,2706,880,178
2,layer1.0.conv1,1,257636,False,505651,5324,2651,808,165
3,layer1.0.conv1,1,263724,False,517751,5478,2691,937,165
4,layer1.0.conv1,1,252153,False,509103,5451,2667,789,176
5,layer1.0.conv1,1,261054,False,513779,5375,2694,914,170
6,layer1.0.conv1,1,256983,False,505604,5294,2669,801,150
0,layer1.0.bn1,1,133380,False,297066,16152,5986,2007,1534
1,layer1.0.bn1,1,125041,False,276100,16423,5970,2147,1390
2,layer1.0.bn1,1,119874,False,264484,16399,5938,2233,1359
3,layer1.0.bn1,1,117726,False,258433,16081,5939,2284,1315
4,layer1.0.bn1,1,117484,False,258515,16537,5979,2305,1325
5,layer1.0.bn1,1,116992,False,256934,16118,5966,2321,1236
6,layer1.0.bn1,1,119188,False,261754,16705,6081,2377,1290
0,layer1.0.relu1,1,67479,False,154985,13907,4446,4531,3729
1,layer1.0.relu1,1,64752,False,148100,13948,4398,4657,3681
2,layer1.0.relu1,1,64717,False,146793,13941,4563,4512,3614
3,layer1.0.relu1,1,64695,False,146390,14007,4516,4471,3601
4,layer1.0.relu1,1,64659,False,146941,13819,4554,4506,3649
5,layer1.0.relu1,1,62098,False,141264,13937,4674,4549,3590
6,layer1.0.relu1,1,64922,False,147365,14035,4672,4150,3875
0,layer1.0.conv2,1,2096327,False,4350887,14318,55829,2284,1640
1,layer1.0.conv2,1,2076093,False,4296354,14089,55277,2600,1321
2,layer1.0.conv2,1,2052280,False,4269837,14278,55069,2714,1172
3,layer1.0.conv2,1,2048971,False,4250970,14513,55871,2917,1031
4,layer1.0.conv2,1,2033367,False,4238287,14366,56070,2831,960
5,layer1.0.conv2,1,2037444,False,4234088,14450,56262,2953,890
6,layer1.0.conv2,1,2043839,False,4228276,14496,55914,2923,798
0,layer1.0.bn2,1,123633,False,275083,15980,6144,2619,861
1,layer1.0.bn2,1,118709,False,262745,16318,6155,2498,911
2,layer1.0.bn2,1,114136,False,251665,16189,5945,2461,925
3,layer1.0.bn2,1,113657,False,250426,16017,6094,2461,852
4,layer1.0.bn2,1,112589,False,248051,16563,6129,2562,871
5,layer1.0.bn2,1,113240,False,249211,16160,6257,2520,840
6,layer1.0.bn2,1,113916,False,251195,16176,6108,2522,839
0,layer1.0.relu2,1,66930,False,153306,13839,4582,4664,3438
1,layer1.0.relu2,1,64881,False,147727,13930,4646,4724,3400
2,layer1.0.relu2,1,64490,False,147519,13934,4573,4878,3301
3,layer1.0.relu2,1,63094,False,144954,13972,4549,4939,3249
4,layer1.0.relu2,1,63194,False,144787,13921,4616,4910,3258
5,layer1.0.relu2,1,67410,False,152626,13985,4370,5099,3331
6,layer1.0.relu2,1,63359,False,144474,13930,4398,4924,3363
0,layer1.0.conv3,1,973363,False,2009237,7573,6498,4854,4073
1,layer1.0.conv3,1,957492,False,1972469,7603,6546,5147,3711
2,layer1.0.conv3,1,947158,False,1953434,7497,6602,5227,3463
3,layer1.0.conv3,1,947601,False,1953632,7086,6444,5655,3357
4,layer1.0.conv3,1,951013,False,1958107,7444,6417,5547,3434
5,layer1.0.conv3,1,953148,False,1953242,7864,6484,5546,3338
6,layer1.0.conv3,1,937570,False,1943309,7263,6545,5706,3180
0,layer1.0.bn3,1,388303,False,832300,58654,24188,8146,2386
1,layer1.0.bn3,1,374595,False,801083,57934,24095,7991,2513
2,layer1.0.bn3,1,384044,False,820348,58683,23827,8131,3223
3,layer1.0.bn3,1,375127,False,800995,59520,23986,7646,3266
4,layer1.0.bn3,1,381823,False,814628,59350,23605,7391,4069
5,layer1.0.bn3,1,376490,False,804111,58705,23665,6864,4120
6,layer1.0.bn3,1,377802,False,806386,59815,23547,7539,3932
0,layer1.0.downsample.0,1,934425,False,1923109,6927,6155,5723,3470
1,layer1.0.downsample.0,1,929376,False,1906990,7498,6226,6090,3187
2,layer1.0.downsample.0,1,933655,False,1903318,7659,6206,6153,3028
3,layer1.0.downsample.0,1,926108,False,1897388,7345,6224,6156,2989
4,layer1.0.downsample.0,1,918595,False,1895591,7891,6254,6471,2746
5,layer1.0.downsample.0,1,910241,False,1889729,7030,6112,6476,2675
6,layer1.0.downsample.0,1,914386,False,1887170,7683,6349,6598,2656
0,layer1.0.downsample.1,1,378687,False,812668,58918,23754,7535,3085
1,layer1.0.downsample.1,1,369190,False,789331,58922,23696,7146,2971
2,layer1.0.downsample.1,1,364189,False,778287,60834,23252,7861,2931
3,layer1.0.downsample.1,1,366215,False,782507,59938,23012,7800,2983
4,layer1.0.downsample.1,1,362681,False,774788,61039,23191,7499,2990
5,layer1.0.downsample.1,1,371280,False,792602,60017,22705,7300,3879
6,layer1.0.downsample.1,1,369947,False,790954,60207,22623,6321,4849
0,layer1.0.add,1,352746,False,755992,105322,47346,14756,29539
1,layer1.0.add,1,349844,False,748722,105906,46682,16401,28680
2,layer1.0.add,1,350370,False,750052,106156,43998,15120,32592
3,layer1.0.add,1,351467,False,753335,106709,45396,15533,30712
4,layer1.0.add,1,344346,False,736362,105668,46988,15141,29703
5,layer1.0.add,1,350278,False,749319,105612,47574,15839,28775
6,layer1.0.add,1,341894,False,731396,105653,47864,15869,28209
0,layer1.0.relu3,1,201479,False,437922,53180,17227,23228,7823
1,layer1.0.relu3,1,193511,False,419952,52740,17579,23561,7377
2,layer1.0.relu3,1,191156,False,415229,52829,18027,23996,6597
3,layer1.0.relu3,1,191158,False,414315,52902,17765,24334,6441
4,layer1.0.relu3,1,192682,False,417264,52959,17874,23128,7553
5,layer1.0.relu3,1,193344,False,419080,53034,17315,23028,8176
6,layer1.0.relu3,1,192359,False,416458,53090,17338,23374,7802
0,layer1.1.conv1,1,870916,False,1796941,118981,14020,1010,407
1,layer1.1.conv1,1,861126,False,1781113,118583,13580,1101,392
2,layer1.1.conv1,1,852745,False,1770779,117491,13361,1116,369
3,layer1.1.conv1,1,866920,False,1772183,116330,12983,1138,355
4,layer1.1.conv1,1,860970,False,1767523,117080,12590,1126,367
5,layer1.1.conv1,1,860908,False,1773273,115608,12835,1141,361
6,layer1.1.conv1,1,859961,False,1765203,117442,12887,1105,363
0,layer1.1.bn1,1,130062,False,287700,15994,6204,2298,944
1,layer1.1.bn1,1,121299,False,268520,16355,6057,2603,799
2,layer1.1.bn1,1,116475,False,256388,16429,6154,2465,772
3,layer1.1.bn1,1,115146,False,253862,16164,6030,2571,748
4,layer1.1.bn1,1,127424,False,278533,17027,6212,2696,777
5,layer1.1.bn1,1,113348,False,249798,16300,6127,2598,749
6,layer1.1.bn1,1,114935,False,253407,16321,6024,2645,694
0,layer1.1.relu1,1,67877,False,155300,14086,4622,5737,2524
1,layer1.1.relu1,1,62066,False,141677,14005,4705,5594,2535
2,layer1.1.relu1,1,62556,False,142184,13943,4704,5562,2520
3,layer1.1.relu1,1,61817,False,141056,14042,4733,5541,2541
4,layer1.1.relu1,1,60425,False,137809,14054,4592,5639,2565
5,layer1.1.relu1,1,60659,False,138845,14126,4676,5620,2536
6,layer1.1.relu1,1,60336,False,137724,14066,4562,5766,2531
0,layer1.1.conv2,1,2072144,False,4322126,13740,54144,2259,1506
1,layer1.1.conv2,1,2080015,False,4305118,14336,56107,2656,1287
2,layer1.1.conv2,1,2055587,False,4279103,14842,56178,2858,1205
3,layer1.1.conv2,1,2050370,False,4256728,14397,55945,2788,1027
4,layer1.1.conv2,1,2050069,False,4262123,15056,56001,2990,994
5,layer1.1.conv2,1,2036380,False,4251213,14934,56317,2965,934
6,layer1.1.conv2,1,2048928,False,4247944,14538,55177,2873,1010
0,layer1.1.bn2,1,127474,False,283080,15727,6278,2544,817
1,layer1.1.bn2,1,125982,False,277098,16315,6087,2670,849
2,layer1.1.bn2,1,120272,False,265218,16152,6086,2438,1125
3,layer1.1.bn2,1,120133,False,264128,16271,6119,2379,1085
4,layer1.1.bn2,1,116604,False,257066,15897,6115,2372,1026
5,layer1.1.bn2,1,117788,False,259412,15980,6046,2560,1000
6,layer1.1.bn2,1,114591,False,252107,16508,5986,2579,1074
0,layer1.1.relu2,1,70402,False,162307,13762,4573,3629,4495
1,layer1.1.relu2,1,72746,False,164492,13942,4427,3698,4596
2,layer1.1.relu2,1,65890,False,150064,14039,4471,3731,4497
3,layer1.1.relu2,1,67269,False,152422,13957,4391,3866,4437
4,layer1.1.relu2,1,66328,False,151052,13886,4680,3722,4314
5,layer1.1.relu2,1,67320,False,152915,13881,4367,3981,4344
6,layer1.1.relu2,1,66151,False,149742,13921,4431,3548,4649
0,layer1.1.conv3,1,995041,False,2039910,7378,6436,4621,4361
1,layer1.1.conv3,1,974617,False,2009676,7845,6429,4958,4019
2,layer1.1.conv3,1,956850,False,1990603,7584,6634,5257,3758
3,layer1.1.conv3,1,968061,False,1974619,7830,6650,5310,3533
4,layer1.1.conv3,1,960208,False,1977152,7678,6552,5378,3569
5,layer1.1.conv3,1,961851,False,1964601,7931,6526,5563,3443
6,layer1.1.conv3,1,952674,False,1955883,7519,6492,5625,3381
0,layer1.1.bn3,1,385340,False,826692,57086,24754,8039,2514
1,layer1.1.bn3,1,380374,False,812938,57571,24219,7787,2777
2,layer1.1.bn3,1,376684,False,803931,59234,24224,7522,3194
3,layer1.1.bn3,1,378017,False,807601,58629,23779,7898,3251
4,layer1.1.bn3,1,375814,False,802236,59795,23768,7264,3852
5,layer1.1.bn3,1,377580,False,806063,60269,23418,7764,3792
6,layer1.1.bn3,1,371310,False,793214,58637,23564,7289,3639
0,layer1.1.add,1,348711,False,748621,108038,46142,14908,29508
1,layer1.1.add,1,375426,False,805573,106342,37512,8527,44051
2,layer1.1.add,1,381825,False,817832,107873,34647,8704,45974
3,layer1.1.add,1,368391,False,788739,106315,36827,9148,44379
4,layer1.1.add,1,367492,False,786476,107111,37820,10208,42366
5,layer1.1.add,1,366525,False,784441,106433,39078,10801,40681
6,layer1.1.add,1,361618,False,774590,106012,40196,10991,39669
0,layer1.1.relu3,1,201763,False,439054,53027,17443,23772,7160
1,layer1.1.relu3,1,194867,False,422663,52786,17913,23251,7318
2,layer1.1.relu3,1,193601,False,419773,52850,17565,24107,6854
3,layer1.1.relu3,1,191331,False,414833,52932,18037,24137,6383
4,layer1.1.relu3,1,191835,False,416133,52731,18016,24603,6101
5,layer1.1.relu3,1,192151,False,416713,52883,17241,25208,6017
6,layer1.1.relu3,1,191562,False,416002,52822,18030,24689,5894
0,layer1.2.conv1,1,880097,False,1814218,122254,15764,939,444
1,layer1.2.conv1,1,879874,False,1818117,120438,15042,959,477
2,layer1.2.conv1,1,892295,False,1834083,125154,16915,858,603
3,layer1.2.conv1,1,900211,False,1845784,124649,17568,850,671
4,layer1.2.conv1,1,881502,False,1829829,124675,17870,811,624
5,layer1.2.conv1,1,874887,False,1820505,124648,16838,785,563
6,layer1.2.conv1,1,881002,False,1806755,123140,16236,955,527
0,layer1.2.bn1,1,140148,False,309962,15885,6170,2068,1953
1,layer1.2.bn1,1,130154,False,288105,15614,6175,2027,1790
2,layer1.2.bn1,1,127341,False,279831,15986,6241,2102,1618
3,layer1.2.bn1,1,125852,False,276953,15691,6048,2263,1628
4,layer1.2.bn1,1,123514,False,272584,16024,6323,2177,1645
5,layer1.2.bn1,1,125304,False,275059,16246,6115,2336,1575
6,layer1.2.bn1,1,122054,False,268803,16042,5901,2517,1538
0,layer1.2.relu1,1,73344,False,166975,13980,4026,2903,5744
1,layer1.2.relu1,1,69623,False,158558,13823,4012,2860,5754
2,layer1.2.relu1,1,68744,False,155795,13991,4145,2800,5643
3,layer1.2.relu1,1,69116,False,156150,13922,4136,2830,5597
4,layer1.2.relu1,1,66941,False,151618,14041,4264,2809,5584
5,layer1.2.relu1,1,67035,False,151822,14036,4080,2954,5653
6,layer1.2.relu1,1,67442,False,153232,13896,4119,2969,5574
0,layer1.2.conv2,1,2096843,False,4352445,13851,55397,2223,1702
1,layer1.2.conv2,1,2069930,False,4305946,14548,56019,2560,1349
2,layer1.2.conv2,1,2075923,False,4312629,14680,56070,2643,1185
3,layer1.2.conv2,1,2068616,False,4299050,14778,56383,2472,1431
4,layer1.2.conv2,1,2062842,False,4268892,14300,54683,2594,1278
5,layer1.2.conv2,1,2037194,False,4245037,14908,55907,2823,1117
6,layer1.2.conv2,1,2045352,False,4243610,14734,55822,2932,1029
0,layer1.2.bn2,1,133554,False,295548,15782,6302,2731,886
1,layer1.2.bn2,1,127897,False,281644,15766,6402,2509,1042
2,layer1.2.bn2,1,122383,False,277631,15849,6521,2435,1036
3,layer1.2.bn2,1,130708,False,287865,15799,5997,1948,1966
4,layer1.2.bn2,1,133520,False,294688,15868,5731,1590,2474
5,layer1.2.bn2,1,132048,False,290029,15871,5787,1515,2430
6,layer1.2.bn2,1,128033,False,283538,15994,5628,1719,2363
0,layer1.2.relu2,1,73681,False,168335,13769,3984,2905,5714
1,layer1.2.relu2,1,71027,False,162105,13962,4210,2931,5445
2,layer1.2.relu2,1,69112,False,157197,13916,4226,3045,5417
3,layer1.2.relu2,1,68830,False,156201,14078,4303,3018,5330
4,layer1.2.relu2,1,68143,False,155783,13950,4329,3009,5334
5,layer1.2.relu2,1,68012,False,155055,14013,4250,3144,5300
6,layer1.2.relu2,1,68731,False,156556,14097,4072,3312,5313
0,layer1.2.conv3,1,989435,False,2022410,7548,6365,4693,4369
1,layer1.2.conv3,1,975566,False,2000709,7645,6605,4858,3894
2,layer1.2.conv3,1,962324,False,1975551,7423,6469,5120,3730
3,layer1.2.conv3,1,964319,False,1969312,7343,6319,5446,3641
4,layer1.2.conv3,1,949807,False,1961781,7567,6529,5424,3449
5,layer1.2.conv3,1,955700,False,1961960,7229,6465,5660,3398
6,layer1.2.conv3,1,951914,False,1954728,7914,6544,5763,3278
0,layer1.2.bn3,1,387273,False,831371,57906,24467,8492,2497
1,layer1.2.bn3,1,377448,False,806379,58769,24113,8012,2454
2,layer1.2.bn3,1,371885,False,795086,59064,24237,8321,2463
3,layer1.2.bn3,1,368556,False,789332,59196,23952,7817,2559
4,layer1.2.bn3,1,370804,False,792197,59534,23704,7962,2938
5,layer1.2.bn3,1,373647,False,797989,59751,24034,7794,2953
6,layer1.2.bn3,1,366423,False,782711,60122,23749,8150,2915
0,layer1.2.add,1,341883,False,733277,104726,52224,17614,23071
1,layer1.2.add,1,345166,False,739018,105100,51457,18392,22879
2,layer1.2.add,1,338144,False,725316,104873,52093,18375,22613
3,layer1.2.add,1,341155,False,729370,106246,51456,18932,22595
4,layer1.2.add,1,336632,False,719515,104761,53058,18198,21831
5,layer1.2.add,1,340841,False,728625,105972,52459,18657,21855
6,layer1.2.add,1,337261,False,720559,106405,52821,18752,21537
0,layer1.2.relu3,1,196492,False,427095,52833,17722,23149,7609
1,layer1.2.relu3,1,197731,False,427986,52808,17591,24285,6787
2,layer1.2.relu3,1,194201,False,420197,53023,17540,22730,8132
3,layer1.2.relu3,1,191969,False,415375,52977,17472,23186,7868
4,layer1.2.relu3,1,192123,False,415838,53032,17473,23531,7438
5,layer1.2.relu3,1,192419,False,416941,52996,17745,23570,7222
6,layer1.2.relu3,1,194226,False,420851,53126,17337,24312,6907
0,layer2.0.conv1,1,1650035,False,3423895,216524,19010,1321,330
1,layer2.0.conv1,1,1649163,False,3405321,215395,18593,1347,314
2,layer2.0.conv1,1,1633041,False,3385580,215338,18463,1281,292
3,layer2.0.conv1,1,1637174,False,3390804,216004,18500,1406,290
4,layer2.0.conv1,1,1642684,False,3387433,215135,18596,1407,293
5,layer2.0.conv1,1,1644069,False,3395780,214504,18511,1366,277
6,layer2.0.conv1,1,1624062,False,3384034,214865,18687,1439,257
0,layer2.0.bn1,1,222877,False,486785,30251,11233,3490,2503
1,layer2.0.bn1,1,209195,False,453792,30671,11351,3854,2203
2,layer2.0.bn1,1,203050,False,440596,31237,11399,3859,1916
3,layer2.0.bn1,1,200119,False,433740,31393,11427,4018,1920
4,layer2.0.bn1,1,205679,False,444653,31090,11170,4233,1798
5,layer2.0.bn1,1,197007,False,427020,31220,11248,4142,1753
6,layer2.0.bn1,1,200401,False,433581,31096,11335,4067,1706
0,layer2.0.relu1,1,106760,False,237390,26655,9656,13841,1530
1,layer2.0.relu1,1,105755,False,233985,26662,9523,13923,1526
2,layer2.0.relu1,1,109495,False,241769,26901,9204,14212,1542
3,layer2.0.relu1,1,103776,False,229027,26905,8978,13842,2010
4,layer2.0.relu1,1,102759,False,227277,26827,9332,13667,2032
5,layer2.0.relu1,1,103408,False,228356,26788,9356,13473,2105
6,layer2.0.relu1,1,106158,False,233916,27094,8799,14005,2086
0,layer2.0.conv2,1,2235191,False,4637801,66173,123356,7166,1360
1,layer2.0.conv2,1,2200688,False,4585151,66062,123578,7427,1117
2,layer2.0.conv2,1,2193138,False,4580345,66081,123126,7180,1207
3,layer2.0.conv2,1,2221887,False,4611307,66128,126008,7038,1571
4,layer2.0.conv2,1,2209131,False,4597074,67356,124737,7208,1374
5,layer2.0.conv2,1,2225395,False,4602140,67523,123091,7249,1337
6,layer2.0.conv2,1,2216828,False,4601302,67648,124988,6954,1726
0,layer2.0.bn2,1,94788,False,213190,9292,2893,1194,1223
1,layer2.0.bn2,1,85558,False,192317,9222,2940,1044,1197
2,layer2.0.bn2,1,81724,False,183009,9342,2892,1090,1208
3,layer2.0.bn2,1,79401,False,177606,9260,2894,1092,1119
4,layer2.0.bn2,1,79789,False,178769,9433,2994,1126,1151
5,layer2.0.bn2,1,80262,False,180150,9285,2972,1100,1131
6,layer2.0.bn2,1,79795,False,179216,9401,2996,1080,1117
0,layer2.0.relu2,1,43433,False,103741,7380,2524,3377,1044
1,layer2.0.relu2,1,43337,False,102330,7464,2549,3329,1044
2,layer2.0.relu2,1,41831,False,99382,7527,2627,3290,1053
3,layer2.0.relu2,1,46609,False,109010,7521,2632,3386,1054
4,layer2.0.relu2,1,42313,False,99652,7418,2480,3373,1038
5,layer2.0.relu2,1,40736,False,96884,7476,2543,3351,1026
6,layer2.0.relu2,1,41282,False,98566,7497,2461,3428,1026
0,layer2.0.conv3,1,920706,False,1895941,12273,5651,2541,3204
1,layer2.0.conv3,1,921206,False,1874815,12249,5589,2916,2902
2,layer2.0.conv3,1,902573,False,1859312,12282,5735,3213,2603
3,layer2.0.conv3,1,898102,False,1856923,12064,5570,3394,2266
4,layer2.0.conv3,1,893125,False,1853245,12031,5706,3473,2184
5,layer2.0.conv3,1,895428,False,1846881,11615,5599,3543,2065
6,layer2.0.conv3,1,890975,False,1850036,11880,5643,3659,1962
0,layer2.0.bn3,1,213520,False,464461,29876,12645,4507,1331
1,layer2.0.bn3,1,217161,False,470058,29988,12180,4858,1311
2,layer2.0.bn3,1,206439,False,446348,30221,12186,4393,1301
3,layer2.0.bn3,1,201961,False,437335,30596,12168,4387,1349
4,layer2.0.bn3,1,205698,False,445279,30978,11610,4706,1462
5,layer2.0.bn3,1,201527,False,436532,30692,12126,4279,1422
6,layer2.0.bn3,1,201396,False,436952,30741,12109,4422,1448
0,layer2.0.downsample.0,1,2371608,False,4949591,162991,370325,13187,2023
1,layer2.0.downsample.0,1,2366677,False,4942612,161034,369269,13049,1928
2,layer2.0.downsample.0,1,2343491,False,4890221,160937,370970,13393,1711
3,layer2.0.downsample.0,1,2394238,False,4962637,160814,370974,11159,3520
4,layer2.0.downsample.0,1,2359348,False,4911515,161711,370104,11854,2893
5,layer2.0.downsample.0,1,2351632,False,4899958,161656,369053,12116,2607
6,layer2.0.downsample.0,1,2365637,False,4904232,162710,370805,12830,2419
0,layer2.0.downsample.1,1,209507,False,457599,30948,11465,4276,1252
1,layer2.0.downsample.1,1,208688,False,451884,30951,11441,4371,1331
2,layer2.0.downsample.1,1,200885,False,436101,31119,11558,4311,1216
3,layer2.0.downsample.1,1,199422,False,432266,31096,11578,4329,1248
4,layer2.0.downsample.1,1,195754,False,425181,31492,11608,4246,1205
5,layer2.0.downsample.1,1,195496,False,423171,31342,11621,4306,1165
6,layer2.0.downsample.1,1,195776,False,423699,31621,11457,4241,1237
0,layer2.0.add,1,177089,False,387010,52732,29491,11506,6581
1,layer2.0.add,1,176172,False,382921,53527,29665,11868,6150
2,layer2.0.add,1,172949,False,376591,53467,29543,12498,5815
3,layer2.0.add,1,172784,False,375655,53354,29881,12267,5660
4,layer2.0.add,1,176482,False,384086,52702,28997,11034,7730
5,layer2.0.add,1,174310,False,379637,53437,28767,11865,7071
6,layer2.0.add,1,174367,False,379284,52740,28886,11550,7396
0,layer2.0.relu3,1,118300,False,262301,26754,7258,4411,12495
1,layer2.0.relu3,1,116040,False,257332,27030,7284,4943,11938
2,layer2.0.relu3,1,114610,False,252829,26858,7558,5159,11561
3,layer2.0.relu3,1,114162,False,251953,26929,7683,5200,11362
4,layer2.0.relu3,1,111947,False,246656,27047,7422,5489,11358
5,layer2.0.relu3,1,112718,False,248290,26877,7812,5217,11245
6,layer2.0.relu3,1,112967,False,249300,26957,7777,5271,11101
0,layer2.1.conv1,1,876630,False,1803332,36463,8799,956,401
1,layer2.1.conv1,1,861717,False,1787582,36413,8798,1062,323
2,layer2.1.conv1,1,861313,False,1773488,36709,8777,1096,313
3,layer2.1.conv1,1,868845,False,1773341,35843,8704,1118,291
4,layer2.1.conv1,1,864246,False,1772019,36219,8755,1182,273
5,layer2.1.conv1,1,874529,False,1777542,36636,8782,1129,271
6,layer2.1.conv1,1,868824,False,1765242,36182,8781,1199,241
0,layer2.1.bn1,1,84667,False,192019,8479,3819,1519,713
1,layer2.1.bn1,1,84044,False,188948,8753,3843,1659,699
2,layer2.1.bn1,1,77248,False,173749,8654,3723,1594,734
3,layer2.1.bn1,1,77846,False,174886,8579,3859,1535,759
4,layer2.1.bn1,1,76790,False,172477,8696,3820,1596,766
5,layer2.1.bn1,1,78581,False,176714,8579,3807,1546,799
6,layer2.1.bn1,1,76231,False,171640,8676,3769,1579,753
0,layer2.1.relu1,1,42872,False,102750,7421,2470,2972,1489
1,layer2.1.relu1,1,41170,False,96975,7467,2482,2931,1525
2,layer2.1.relu1,1,41654,False,98694,7476,2421,2987,1518
3,layer2.1.relu1,1,43712,False,102852,7478,2435,2630,1802
4,layer2.1.relu1,1,41836,False,98659,7496,2386,2755,1737
5,layer2.1.relu1,1,41659,False,107265,7591,2576,2646,1718
6,layer2.1.relu1,1,41879,False,98759,7536,2415,2715,1700
0,layer2.1.conv2,1,2033598,False,4243231,14273,53128,2526,2377
1,layer2.1.conv2,1,2018530,False,4210872,14034,53934,2529,1986
2,layer2.1.conv2,1,2042676,False,4189323,14285,53961,2968,1757
3,layer2.1.conv2,1,2007240,False,4159609,14538,54598,2857,1627
4,layer2.1.conv2,1,1991270,False,4155954,14250,54234,2858,1449
5,layer2.1.conv2,1,2034181,False,4154975,13875,54195,3015,1396
6,layer2.1.conv2,1,2005195,False,4152107,14409,55368,2969,1311
0,layer2.1.bn2,1,96571,False,218041,9166,2295,713,2015
1,layer2.1.bn2,1,91450,False,204681,9294,2343,794,1962
2,layer2.1.bn2,1,85548,False,190957,9275,2501,744,1854
3,layer2.1.bn2,1,83536,False,186798,9606,2431,779,1812
4,layer2.1.bn2,1,84519,False,188716,9338,2463,859,1863
5,layer2.1.bn2,1,82928,False,185515,9390,2499,787,1882
6,layer2.1.bn2,1,82700,False,185302,9344,2430,843,1784
0,layer2.1.relu2,1,44505,False,107359,7422,2349,3009,1564
1,layer2.1.relu2,1,43420,False,102436,7479,2484,2919,1519
2,layer2.1.relu2,1,41586,False,98776,7561,2362,3012,1525
3,layer2.1.relu2,1,43178,False,102258,7555,2364,2946,1567
4,layer2.1.relu2,1,41010,False,97242,7552,2494,2888,1543
5,layer2.1.relu2,1,45152,False,105726,7602,2378,3057,1521
6,layer2.1.relu2,1,42913,False,100991,7412,2382,2954,1532
0,layer2.1.conv3,1,922054,False,1892012,12243,5640,2541,3255
1,layer2.1.conv3,1,910696,False,1878915,12512,5813,2876,2823
2,layer2.1.conv3,1,904680,False,1872332,12194,5759,3010,2757
3,layer2.1.conv3,1,903160,False,1865952,12069,5696,3064,2563
4,layer2.1.conv3,1,903870,False,1865405,12254,5810,3236,2576
5,layer2.1.conv3,1,898177,False,1858403,11945,5561,3428,2380
6,layer2.1.conv3,1,908158,False,1853399,11992,5725,3461,2242
0,layer2.1.bn3,1,223896,False,486700,29846,12274,4682,1688
1,layer2.1.bn3,1,213022,False,461986,29830,12388,4436,1686
2,layer2.1.bn3,1,210646,False,455513,30328,12174,4366,1706
3,layer2.1.bn3,1,209011,False,452940,30581,12074,4073,1919
4,layer2.1.bn3,1,209746,False,454018,30919,11763,4483,1967
5,layer2.1.bn3,1,204386,False,442527,30599,11901,4188,1828
6,layer2.1.bn3,1,204845,False,443260,30880,11767,4281,1868
0,layer2.1.add,1,186400,False,409965,53640,25638,9355,11944
1,layer2.1.add,1,187239,False,408705,53239,25804,9918,11316
2,layer2.1.add,1,181650,False,395407,53609,26215,9948,10887
3,layer2.1.add,1,179144,False,391493,53491,27211,10113,9942
4,layer2.1.add,1,182307,False,396168,53405,26897,10670,9620
5,layer2.1.add,1,176483,False,384669,52722,28246,9992,9277
6,layer2.1.add,1,178073,False,387416,52931,27275,10830,9239
0,layer2.1.relu3,1,119698,False,265759,26850,7494,5277,11473
1,layer2.1.relu3,1,117241,False,258692,26913,7924,5685,10692
2,layer2.1.relu3,1,114712,False,252665,27046,7719,5619,10891
3,layer2.1.relu3,1,111435,False,246028,27080,7644,5939,10653
4,layer2.1.relu3,1,111877,False,246094,26903,8030,5918,10327
5,layer2.1.relu3,1,112153,False,246673,26945,7963,5990,10364
6,layer2.1.relu3,1,112299,False,247610,26924,7945,5859,10488
0,layer2.2.conv1,1,885460,False,1823897,32776,9114,782,482
1,layer2.2.conv1,1,879980,False,1792107,32566,8962,886,454
2,layer2.2.conv1,1,860464,False,1776730,32441,8940,929,380
3,layer2.2.conv1,1,857917,False,1776829,32706,8955,951,363
4,layer2.2.conv1,1,862971,False,1774071,32234,8938,1103,336
5,layer2.2.conv1,1,858433,False,1776647,32083,8961,1113,313
6,layer2.2.conv1,1,864183,False,1774085,32185,8922,1141,318
0,layer2.2.bn1,1,92350,False,208064,8646,3519,1273,880
1,layer2.2.bn1,1,84308,False,188689,8814,3257,1407,896
2,layer2.2.bn1,1,84404,False,188587,8882,3177,1430,935
3,layer2.2.bn1,1,84166,False,188088,9062,3364,1530,926
4,layer2.2.bn1,1,81302,False,181934,8986,3215,1363,918
5,layer2.2.bn1,1,84788,False,189727,9069,3288,1088,1181
6,layer2.2.bn1,1,83475,False,186994,9000,3354,1081,1215
0,layer2.2.relu1,1,49759,False,117803,7396,2027,1005,3728
1,layer2.2.relu1,1,47663,False,111855,7425,2067,1043,3691
2,layer2.2.relu1,1,47589,False,111320,7489,2132,1085,3577
3,layer2.2.relu1,1,45645,False,106970,7536,2141,1081,3613
4,layer2.2.relu1,1,49550,False,116072,7622,2124,1262,3540
5,layer2.2.relu1,1,44445,False,104260,7477,2120,1154,3617
6,layer2.2.relu1,1,45916,False,108226,7570,2072,1199,3545
0,layer2.2.conv2,1,2061375,False,4269760,14785,55092,2330,2777
1,layer2.2.conv2,1,2076798,False,4291556,14577,53103,2004,3644
2,layer2.2.conv2,1,2034733,False,4214736,14423,53746,2239,2970
3,layer2.2.conv2,1,2030119,False,4235280,14266,53074,2545,2436
4,layer2.2.conv2,1,2013532,False,4190065,14834,55448,2574,2198
5,layer2.2.conv2,1,2014297,False,4174694,14017,53127,2705,1953
6,layer2.2.conv2,1,2013432,False,4166822,14251,53896,2885,1805
0,layer2.2.bn2,1,94128,False,212368,8566,3444,1322,900
1,layer2.2.bn2,1,88149,False,198298,8631,3485,1272,926
2,layer2.2.bn2,1,83382,False,186833,8830,3360,1278,976
3,layer2.2.bn2,1,83028,False,186261,8870,3390,1319,899
4,layer2.2.bn2,1,82758,False,185519,8766,3417,1289,893
5,layer2.2.bn2,1,85583,False,190966,8999,3418,1483,874
6,layer2.2.bn2,1,82038,False,184544,8932,3378,1353,892
0,layer2.2.relu2,1,49749,False,117793,7305,1893,883,4016
1,layer2.2.relu2,1,50004,False,116896,7395,1927,912,3983
2,layer2.2.relu2,1,46704,False,109155,7424,1999,857,3972
3,layer2.2.relu2,1,54991,False,129035,7416,1840,578,4400
4,layer2.2.relu2,1,53433,False,124792,7315,1780,529,4475
5,layer2.2.relu2,1,52685,False,124148,7411,1817,519,4402
6,layer2.2.relu2,1,53286,False,126394,7538,1718,473,4544
0,layer2.2.conv3,1,952113,False,1960873,12276,5892,1602,4331
1,layer2.2.conv3,1,949834,False,1936195,12476,5759,1740,4197
2,layer2.2.conv3,1,911863,False,1897258,12703,5855,2071,3814
3,layer2.2.conv3,1,907472,False,1884711,12481,5778,2395,3498
4,layer2.2.conv3,1,922340,False,1876895,12311,5708,2600,3212
5,layer2.2.conv3,1,898809,False,1868272,12084,5671,2694,3003
6,layer2.2.conv3,1,911036,False,1873679,12310,5833,2945,2812
0,layer2.2.bn3,1,222730,False,486410,29626,12493,4365,1732
1,layer2.2.bn3,1,223003,False,483912,30135,12484,4323,1576
2,layer2.2.bn3,1,213706,False,463481,30000,12511,3974,1595
3,layer2.2.bn3,1,216553,False,468750,30694,12397,4360,1518
4,layer2.2.bn3,1,206443,False,448859,30462,12347,4397,1511
5,layer2.2.bn3,1,214386,False,465486,30889,12140,4509,1544
6,layer2.2.bn3,1,207367,False,449788,30654,12206,4006,1819
0,layer2.2.add,1,179302,False,392278,53363,28028,10100,9123
1,layer2.2.add,1,179214,False,390147,52628,28455,10620,8400
2,layer2.2.add,1,175245,False,381051,52739,28738,10729,8059
3,layer2.2.add,1,176639,False,384769,52634,28545,11128,7802
4,layer2.2.add,1,175529,False,382643,53588,28470,11255,7809
5,layer2.2.add,1,179125,False,390416,53685,28240,11816,7674
6,layer2.2.add,1,174941,False,380639,52519,29094,11011,7457
0,layer2.2.relu3,1,117201,False,258390,26892,7793,6005,10478
1,layer2.2.relu3,1,114555,False,252812,27024,7827,6234,10203
2,layer2.2.relu3,1,115719,False,254500,27034,7807,5923,10471
3,layer2.2.relu3,1,115109,False,253253,26822,7997,6099,10187
4,layer2.2.relu3,1,112726,False,247988,27110,7904,6277,10018
5,layer2.2.relu3,1,111393,False,244908,27006,7787,6633,9952
6,layer2.2.relu3,1,112087,False,246750,27055,8007,6474,9648
0,layer2.3.conv1,1,876616,False,1795183,32344,8917,913,386
1,layer2.3.conv1,1,872874,False,1786319,32951,8870,1100,354
2,layer2.3.conv1,1,866639,False,1781005,32579,8937,1114,321
3,layer2.3.conv1,1,859565,False,1781689,32618,8826,1156,332
4,layer2.3.conv1,1,859908,False,1778769,31321,8822,1130,307
5,layer2.3.conv1,1,876646,False,1776319,32630,8866,1160,289
6,layer2.3.conv1,1,858224,False,1777495,32164,8830,1148,287
0,layer2.3.bn1,1,88493,False,200084,8851,3303,1367,885
1,layer2.3.bn1,1,84834,False,189824,8881,3308,1370,881
2,layer2.3.bn1,1,81540,False,182901,8877,3482,1264,842
3,layer2.3.bn1,1,83643,False,187034,8952,3414,1267,950
4,layer2.3.bn1,1,80695,False,180567,8950,3361,1313,960
5,layer2.3.bn1,1,80594,False,180677,8962,3393,1277,942
6,layer2.3.bn1,1,80543,False,180550,8897,3330,1293,900
0,layer2.3.relu1,1,44519,False,106453,7371,2134,1282,3416
1,layer2.3.relu1,1,43126,False,101980,7403,2113,1348,3337
2,layer2.3.relu1,1,44474,False,104539,7429,2157,1301,3317
3,layer2.3.relu1,1,46324,False,108429,7497,2179,1402,3307
4,layer2.3.relu1,1,41895,False,99209,7516,2179,1339,3258
5,layer2.3.relu1,1,42935,False,101721,7314,2171,1328,3230
6,layer2.3.relu1,1,42141,False,99570,7472,2239,1400,3226
0,layer2.3.conv2,1,2038580,False,4256604,13699,53547,2539,2155
1,layer2.3.conv2,1,2030581,False,4221073,14757,54850,2745,1905
2,layer2.3.conv2,1,2014619,False,4176905,14749,54369,2924,1694
3,layer2.3.conv2,1,1997228,False,4162610,13783,53266,2911,1534
4,layer2.3.conv2,1,2013394,False,4176315,13819,53340,3043,1391
5,layer2.3.conv2,1,1999628,False,4166200,13908,53696,3073,1351
6,layer2.3.conv2,1,2005823,False,4161773,14335,53993,3178,1260
0,layer2.3.bn2,1,90637,False,204919,8603,3424,1437,616
1,layer2.3.bn2,1,89856,False,200548,8672,3579,1619,605
2,layer2.3.bn2,1,82119,False,184447,8796,3569,1436,578
3,layer2.3.bn2,1,78307,False,175880,8871,3568,1457,608
4,layer2.3.bn2,1,80305,False,179922,8847,3576,1435,671
5,layer2.3.bn2,1,78514,False,176326,8790,3506,1506,652
6,layer2.3.bn2,1,78403,False,175583,8774,3456,1466,686
0,layer2.3.relu2,1,47338,False,113207,7284,1989,978,3774
1,layer2.3.relu2,1,45461,False,107455,7328,2090,994,3715
2,layer2.3.relu2,1,45745,False,106906,7316,2037,952,3724
3,layer2.3.relu2,1,45463,False,106554,7333,2011,998,3733
4,layer2.3.relu2,1,45634,False,107050,7443,2064,1029,3703
5,layer2.3.relu2,1,43990,False,104041,7441,1953,1071,3676
6,layer2.3.relu2,1,44297,False,104616,7384,2034,1045,3631
0,layer2.3.conv3,1,925076,False,1886311,12272,5606,2694,3076
1,layer2.3.conv3,1,914596,False,1872836,12095,5668,2897,2750
2,layer2.3.conv3,1,913312,False,1865367,12373,5516,3030,2604
3,layer2.3.conv3,1,912767,False,1859907,12202,5609,3222,2549
4,layer2.3.conv3,1,905458,False,1858192,12218,5620,3330,2346
5,layer2.3.conv3,1,902044,False,1861327,12250,5626,3253,2555
6,layer2.3.conv3,1,899826,False,1867061,12275,5711,3137,2687
0,layer2.3.bn3,1,222732,False,485530,29844,12464,4614,1454
1,layer2.3.bn3,1,215899,False,474644,30265,12669,4386,1496
2,layer2.3.bn3,1,207704,False,448914,30199,12159,4373,1401
3,layer2.3.bn3,1,205800,False,446043,30412,12170,4148,1386
4,layer2.3.bn3,1,204749,False,443467,30608,12177,4360,1368
5,layer2.3.bn3,1,203001,False,439365,30295,12244,4133,1324
6,layer2.3.bn3,1,201747,False,437069,30981,12097,4258,1555
0,layer2.3.add,1,181652,False,394913,53380,27354,10140,9742
1,layer2.3.add,1,178120,False,394671,53684,27310,10597,9519
2,layer2.3.add,1,176733,False,384993,53492,27492,10579,9354
3,layer2.3.add,1,174763,False,380446,53526,28312,10169,8759
4,layer2.3.add,1,178698,False,388177,53247,27924,10418,9037
5,layer2.3.add,1,173800,False,378469,52921,28201,10427,8821
6,layer2.3.add,1,175011,False,380285,52740,27851,11096,8665
0,layer2.3.relu3,1,116243,False,258105,26844,7700,5824,10725
1,layer2.3.relu3,1,112956,False,250209,26904,7970,6260,10084
2,layer2.3.relu3,1,112916,False,249072,26898,7967,6298,9915
3,layer2.3.relu3,1,111788,False,246638,26893,8061,6514,9799
4,layer2.3.relu3,1,110527,False,243816,26946,8184,6391,9743
5,layer2.3.relu3,1,111523,False,246218,26774,8191,6572,9640
6,layer2.3.relu3,1,110681,False,244912,27093,8133,6564,9558
0,layer3.0.conv1,1,1795968,False,3713207,23830,54398,9376,5408
1,layer3.0.conv1,1,1813659,False,3778887,22798,53758,9904,4738
2,layer3.0.conv1,1,1803740,False,3744156,23246,53584,10690,3949
3,layer3.0.conv1,1,1803293,False,3719319,22869,53930,11032,3857
4,layer3.0.conv1,1,1778755,False,3694472,22891,53880,11058,3793
5,layer3.0.conv1,1,1814110,False,3756267,21974,53069,11197,3567
6,layer3.0.conv1,1,1805484,False,3753732,22593,54988,9940,4904
0,layer3.0.bn1,1,130703,False,290826,15809,6233,2442,938
1,layer3.0.bn1,1,124800,False,275575,16033,6236,2548,843
2,layer3.0.bn1,1,119857,False,263530,16248,6384,2496,810
3,layer3.0.bn1,1,119904,False,264300,16234,6316,2548,948
4,layer3.0.bn1,1,118719,False,261719,16300,6368,2642,889
5,layer3.0.bn1,1,116709,False,257451,16371,6323,2443,856
6,layer3.0.bn1,1,118767,False,261529,16101,6241,2621,803
0,layer3.0.relu1,1,69938,False,160274,13807,4415,3688,4477
1,layer3.0.relu1,1,68106,False,156255,13966,4513,3683,4487
2,layer3.0.relu1,1,67029,False,152353,13878,4528,3724,4424
3,layer3.0.relu1,1,65786,False,149690,14083,4483,3710,4400
4,layer3.0.relu1,1,64688,False,147275,13917,4447,3797,4379
5,layer3.0.relu1,1,64539,False,147241,13957,4404,3835,4433
6,layer3.0.relu1,1,64770,False,147689,13884,4376,3920,4362
0,layer3.0.conv2,1,2327191,False,4864120,44839,81905,11594,5125
1,layer3.0.conv2,1,2337505,False,4856376,45687,81224,11346,5384
2,layer3.0.conv2,1,2304481,False,4810461,45249,81301,11792,4829
3,layer3.0.conv2,1,2301054,False,4785014,43333,79172,12387,4177
4,layer3.0.conv2,1,2281090,False,4764042,49356,82857,12448,4017
5,layer3.0.conv2,1,2287390,False,4759242,40599,79096,12235,3917
6,layer3.0.conv2,1,2304045,False,4789901,43399,82905,11919,4360
0,layer3.0.bn2,1,75670,False,174201,5011,1842,708,875
1,layer3.0.bn2,1,65760,False,150174,5124,1952,734,766
2,layer3.0.bn2,1,64632,False,147244,5094,1867,729,781
3,layer3.0.bn2,1,63831,False,145264,5369,1866,751,891
4,layer3.0.bn2,1,62379,False,142550,5137,1920,735,836
5,layer3.0.bn2,1,61518,False,140633,5241,1896,760,848
6,layer3.0.bn2,1,61877,False,141311,5130,1807,775,842
0,layer3.0.relu2,1,35580,False,87428,4094,1337,1375,1223
1,layer3.0.relu2,1,34482,False,84373,4199,1290,1425,1185
2,layer3.0.relu2,1,33536,False,82345,4233,1305,1436,1193
3,layer3.0.relu2,1,35168,False,85375,4162,1344,1345,1188
4,layer3.0.relu2,1,32150,False,80121,4214,1352,1306,1191
5,layer3.0.relu2,1,31438,False,77171,4206,1348,1399,1218
6,layer3.0.relu2,1,32841,False,80309,4115,1297,1360,1208
0,layer3.0.conv3,1,1039014,False,2123436,36264,31432,3216,3049
1,layer3.0.conv3,1,1017458,False,2108580,36468,31314,3310,2819
2,layer3.0.conv3,1,1017180,False,2108955,35545,31552,3248,2849
3,layer3.0.conv3,1,1017303,False,2105284,36101,31221,3266,2905
4,layer3.0.conv3,1,1028973,False,2100080,35610,30838,3357,2762
5,layer3.0.conv3,1,1026300,False,2102499,36131,30774,3466,2713
6,layer3.0.conv3,1,1015667,False,2093193,36228,30770,3643,2563
0,layer3.0.bn3,1,132498,False,292357,17360,5556,1315,1401
1,layer3.0.bn3,1,128892,False,292579,17922,5668,1494,1340
2,layer3.0.bn3,1,124528,False,273425,17356,5702,1382,1261
3,layer3.0.bn3,1,123745,False,272367,17353,5785,1399,1231
4,layer3.0.bn3,1,121645,False,267255,17780,5800,1467,1237
5,layer3.0.bn3,1,120227,False,264055,17174,5637,1584,1164
6,layer3.0.bn3,1,125339,False,274615,17842,5675,1800,1065
0,layer3.0.downsample.0,1,2332274,False,4843644,41004,289425,12096,5202
1,layer3.0.downsample.0,1,2328178,False,4865073,42516,289123,11828,5983
2,layer3.0.downsample.0,1,2294230,False,4760967,41679,288319,11861,5296
3,layer3.0.downsample.0,1,2273873,False,4751416,42385,288919,12590,4639
4,layer3.0.downsample.0,1,2279047,False,4733583,41653,289416,12376,4623
5,layer3.0.downsample.0,1,2299255,False,4767169,42091,289740,11971,5422
6,layer3.0.downsample.0,1,2272687,False,4746040,41843,288321,12455,5214
0,layer3.0.downsample.1,1,134949,False,298312,17587,4837,1373,2029
1,layer3.0.downsample.1,1,129143,False,283455,17497,4980,1407,1831
2,layer3.0.downsample.1,1,126165,False,276488,17765,5098,1422,1734
3,layer3.0.downsample.1,1,128193,False,280581,17608,4966,1625,1727
4,layer3.0.downsample.1,1,121956,False,268154,17650,5076,1406,1756
5,layer3.0.downsample.1,1,121213,False,266705,17493,5166,1426,1706
6,layer3.0.downsample.1,1,125752,False,276407,17922,5067,1618,1593
0,layer3.0.add,1,101351,False,227095,27274,12291,4586,6863
1,layer3.0.add,1,134849,False,244241,27629,12281,5228,6357
2,layer3.0.add,1,97521,False,217310,27030,12888,5205,5924
3,layer3.0.add,1,97371,False,216972,27012,12939,5414,5738
4,layer3.0.add,1,97849,False,218112,27378,13164,5085,5701
5,layer3.0.add,1,98163,False,218318,27049,12946,5416,5667
6,layer3.0.add,1,96689,False,215566,26980,13504,4902,5523
0,layer3.0.relu3,1,74566,False,170591,13858,2851,935,8721
1,layer3.0.relu3,1,72241,False,163346,13829,3253,1091,8159
2,layer3.0.relu3,1,70959,False,160310,13842,3258,1237,8038
3,layer3.0.relu3,1,68831,False,156087,13962,3172,1252,8110
4,layer3.0.relu3,1,69733,False,157982,13933,3352,1286,7909
5,layer3.0.relu3,1,69793,False,158093,13929,3328,1292,7809
6,layer3.0.relu3,1,70457,False,159110,13857,3389,1292,7760
0,layer3.1.conv1,1,1090930,False,2256091,39035,36143,3370,2191
1,layer3.1.conv1,1,1077324,False,2235491,38513,36553,3892,1211
2,layer3.1.conv1,1,1074025,False,2202668,38413,36363,4127,987
3,layer3.1.conv1,1,1083260,False,2219527,38277,36179,4300,847
4,layer3.1.conv1,1,1081373,False,2224691,38475,36411,4366,749
5,layer3.1.conv1,1,1077976,False,2196205,38430,36705,4233,691
6,layer3.1.conv1,1,1068548,False,2219045,37685,36131,4394,646
0,layer3.1.bn1,1,77880,False,177488,5023,2117,739,834
1,layer3.1.bn1,1,68695,False,155557,4859,2149,640,796
2,layer3.1.bn1,1,64369,False,146788,5225,2021,654,836
3,layer3.1.bn1,1,63551,False,144651,5073,2127,683,837
4,layer3.1.bn1,1,61684,False,140143,5268,2063,694,789
5,layer3.1.bn1,1,62519,False,142994,5109,2004,666,862
6,layer3.1.bn1,1,61818,False,140749,5160,2093,668,793
0,layer3.1.relu1,1,36545,False,89451,4112,1065,501,2300
1,layer3.1.relu1,1,34590,False,84508,4128,1094,461,2347
2,layer3.1.relu1,1,33045,False,80068,4231,1044,508,2315
3,layer3.1.relu1,1,31582,False,77152,4136,1022,546,2306
4,layer3.1.relu1,1,31745,False,77850,4432,1141,543,2072
5,layer3.1.relu1,1,32441,False,78699,4224,1097,540,2285
6,layer3.1.relu1,1,32472,False,79280,4236,1031,554,2280
0,layer3.1.conv2,1,2191852,False,4563489,30028,61736,9467,5257
1,layer3.1.conv2,1,2156708,False,4468062,30152,63131,9954,4677
2,layer3.1.conv2,1,2125789,False,4418641,29522,62570,9856,3939
3,layer3.1.conv2,1,2126799,False,4419884,30067,61161,10424,3587
4,layer3.1.conv2,1,2119742,False,4402020,29967,61569,10360,3431
5,layer3.1.conv2,1,2128846,False,4430981,30164,61489,10727,3371
6,layer3.1.conv2,1,2116223,False,4385312,30490,61749,10647,3354
0,layer3.1.bn2,1,73969,False,169193,4892,2265,849,441
1,layer3.1.bn2,1,68857,False,156878,4986,2153,878,514
2,layer3.1.bn2,1,66726,False,150792,5235,2110,870,529
3,layer3.1.bn2,1,63212,False,144188,5196,2166,895,538
4,layer3.1.bn2,1,64659,False,146720,5263,2158,1014,519
5,layer3.1.bn2,1,61953,False,141111,5125,2165,828,514
6,layer3.1.bn2,1,61745,False,140403,5102,2176,875,512
0,layer3.1.relu2,1,37167,False,91112,4052,1407,1028,1428
1,layer3.1.relu2,1,35486,False,86384,4222,1558,971,1419
2,layer3.1.relu2,1,34241,False,82680,4192,1542,998,1403
3,layer3.1.relu2,1,33982,False,82393,4164,1472,1040,1400
4,layer3.1.relu2,1,33207,False,81132,4287,1477,1039,1422
5,layer3.1.relu2,1,33274,False,80885,4275,1483,1074,1400
6,layer3.1.relu2,1,34801,False,83994,4173,1472,1069,1400
0,layer3.1.conv3,1,1042735,False,2138863,35920,31619,2898,3232
1,layer3.1.conv3,1,1036917,False,2132162,35405,31244,2871,3148
2,layer3.1.conv3,1,1022336,False,2114033,36168,30812,3165,3113
3,layer3.1.conv3,1,1017079,False,2110381,36176,30600,3348,2960
4,layer3.1.conv3,1,1028180,False,2103253,36177,30923,3448,2839
5,layer3.1.conv3,1,1013203,False,2104130,36237,30279,3510,2651
6,layer3.1.conv3,1,1026554,False,2100139,35842,30727,3523,2641
0,layer3.1.bn3,1,137989,False,306114,17339,5440,1228,1531
1,layer3.1.bn3,1,133720,False,295542,17627,5486,1239,1506
2,layer3.1.bn3,1,125386,False,276139,17388,5417,1348,1421
3,layer3.1.bn3,1,123252,False,271347,17392,5498,1312,1433
4,layer3.1.bn3,1,123919,False,272456,17292,5393,1341,1577
5,layer3.1.bn3,1,122054,False,269488,17640,5360,1335,1476
6,layer3.1.bn3,1,121155,False,266869,17662,5393,1400,1439
0,layer3.1.add,1,106607,False,237745,27214,10544,3876,9059
1,layer3.1.add,1,106314,False,235649,27330,10199,3625,9633
2,layer3.1.add,1,106988,False,237470,27591,10198,4259,8958
3,layer3.1.add,1,102451,False,226701,27279,11013,4088,8482
4,layer3.1.add,1,101659,False,225516,27434,11094,4207,8264
5,layer3.1.add,1,101827,False,225984,27573,11048,4220,8221
6,layer3.1.add,1,106022,False,235143,27736,11016,4511,8241
0,layer3.1.relu3,1,79705,False,180266,14000,2289,551,9722
1,layer3.1.relu3,1,76913,False,173486,13874,2506,610,9427
2,layer3.1.relu3,1,76936,False,173105,14019,2553,737,9221
3,layer3.1.relu3,1,74908,False,169383,14059,2639,772,9089
4,layer3.1.relu3,1,75537,False,170070,14041,2742,828,8983
5,layer3.1.relu3,1,73959,False,167078,14030,2697,800,9142
6,layer3.1.relu3,1,74424,False,168010,13956,2721,820,8903
0,layer3.2.conv1,1,1085041,False,2254230,38712,36185,3570,2050
1,layer3.2.conv1,1,1070185,False,2223294,38999,36729,3870,1367
2,layer3.2.conv1,1,1090718,False,2226925,37659,36442,4048,1106
3,layer3.2.conv1,1,1074725,False,2205271,37563,36310,4150,922
4,layer3.2.conv1,1,1075680,False,2225103,38168,36202,4346,858
5,layer3.2.conv1,1,1065824,False,2215718,39275,36798,4020,1150
6,layer3.2.conv1,1,1076225,False,2233339,39319,36743,4091,1116
0,layer3.2.bn1,1,78392,False,179537,5001,1993,607,971
1,layer3.2.bn1,1,67520,False,154257,5043,1963,624,950
2,layer3.2.bn1,1,69702,False,157680,5242,1903,807,1010
3,layer3.2.bn1,1,65719,False,149128,5229,1888,650,974
4,layer3.2.bn1,1,64408,False,146400,5229,1942,681,931
5,layer3.2.bn1,1,62843,False,143240,5229,1948,688,940
6,layer3.2.bn1,1,64437,False,146476,5233,1961,652,931
0,layer3.2.relu1,1,37656,False,91703,4053,1148,480,2267
1,layer3.2.relu1,1,35809,False,86534,4212,1130,512,2262
2,layer3.2.relu1,1,34481,False,83625,4259,1151,541,2214
3,layer3.2.relu1,1,33506,False,81470,4237,1239,546,2117
4,layer3.2.relu1,1,33790,False,81850,4226,1164,555,2177
5,layer3.2.relu1,1,34221,False,82692,4503,1198,566,2010
6,layer3.2.relu1,1,32701,False,79867,4305,1193,580,2181
0,layer3.2.conv2,1,2188782,False,4575723,30189,61979,9150,5232
1,layer3.2.conv2,1,2163026,False,4499499,29790,61184,9522,4779
2,layer3.2.conv2,1,2147044,False,4453272,30338,62014,10070,4388
3,layer3.2.conv2,1,2125563,False,4415765,30447,62989,9796,3874
4,layer3.2.conv2,1,2127317,False,4428746,30172,60933,10283,3519
5,layer3.2.conv2,1,2128769,False,4413606,30345,61444,10302,3425
6,layer3.2.conv2,1,2118195,False,4410790,30311,61948,10205,3412
0,layer3.2.bn2,1,73140,False,168758,4937,2181,868,478
1,layer3.2.bn2,1,65593,False,151113,5022,2163,909,493
2,layer3.2.bn2,1,68161,False,154990,5284,2180,1028,507
3,layer3.2.bn2,1,63750,False,145019,5290,2131,897,479
4,layer3.2.bn2,1,61500,False,139975,5214,2235,884,496
5,layer3.2.bn2,1,62137,False,141501,5244,2164,878,507
6,layer3.2.bn2,1,61907,False,140583,5224,2083,931,504
0,layer3.2.relu2,1,39081,False,96269,4087,1416,1101,1387
1,layer3.2.relu2,1,38817,False,94283,4159,1439,955,1560
2,layer3.2.relu2,1,37833,False,91894,4200,1426,899,1542
3,layer3.2.relu2,1,36148,False,88272,4140,1434,935,1485
4,layer3.2.relu2,1,34405,False,83618,4283,1493,971,1509
5,layer3.2.relu2,1,34542,False,83877,4093,1436,947,1483
6,layer3.2.relu2,1,33822,False,82331,4327,1411,1054,1448
0,layer3.2.conv3,1,1042438,False,2128780,36321,31850,2774,3466
1,layer3.2.conv3,1,1031662,False,2125739,36171,31555,3140,3165
2,layer3.2.conv3,1,1026578,False,2106168,36682,30925,3223,3140
3,layer3.2.conv3,1,1025877,False,2127627,36354,31518,3204,3049
4,layer3.2.conv3,1,1032100,False,2104732,36266,31057,3264,2926
5,layer3.2.conv3,1,1026115,False,2105133,36350,30856,3355,2879
6,layer3.2.conv3,1,1018851,False,2093321,36572,31004,3439,2751
0,layer3.2.bn3,1,133226,False,294390,17397,5524,1247,1497
1,layer3.2.bn3,1,133279,False,292393,17494,5474,1268,1452
2,layer3.2.bn3,1,127804,False,280556,17479,5430,1422,1389
3,layer3.2.bn3,1,125327,False,275640,17744,5604,1452,1270
4,layer3.2.bn3,1,121170,False,266053,17557,5698,1476,1227
5,layer3.2.bn3,1,131724,False,289233,17883,5515,1576,1425
6,layer3.2.bn3,1,122951,False,270007,17739,5548,1398,1401
0,layer3.2.add,1,105945,False,236701,27344,10692,3925,8787
1,layer3.2.add,1,104575,False,242237,27390,10930,4161,8514
2,layer3.2.add,1,108797,False,241136,27554,9855,3042,10366
3,layer3.2.add,1,106536,False,236725,27549,10020,3237,9924
4,layer3.2.add,1,105432,False,235618,27338,10278,3585,9436
5,layer3.2.add,1,105245,False,233658,27387,10530,3674,9243
6,layer3.2.add,1,103956,False,232048,27347,10619,3779,8990
0,layer3.2.relu3,1,77449,False,175979,14001,2412,569,9525
1,layer3.2.relu3,1,76900,False,174113,14009,2471,613,9387
2,layer3.2.relu3,1,76853,False,173842,14044,2491,707,9301
3,layer3.2.relu3,1,76970,False,174096,14002,2653,699,9191
4,layer3.2.relu3,1,75953,False,170902,14016,2742,783,8964
5,layer3.2.relu3,1,74920,False,169207,13938,2670,851,8999
6,layer3.2.relu3,1,73838,False,167578,13987,2826,836,8869
0,layer3.3.conv1,1,1094171,False,2239865,38941,35024,3461,2822
1,layer3.3.conv1,1,1093128,False,2241333,39167,35914,3709,1947
2,layer3.3.conv1,1,1071260,False,2214353,39248,36279,4063,1375
3,layer3.3.conv1,1,1078692,False,2221316,38206,35847,4230,1036
4,layer3.3.conv1,1,1070787,False,2200442,38769,36454,4188,872
5,layer3.3.conv1,1,1084687,False,2222214,38436,36346,4290,842
6,layer3.3.conv1,1,1076755,False,2206836,38991,36175,4506,854
0,layer3.3.bn1,1,73538,False,169918,4905,2130,624,830
1,layer3.3.bn1,1,69243,False,157926,5018,2108,662,840
2,layer3.3.bn1,1,64867,False,148762,5127,2139,653,820
3,layer3.3.bn1,1,65434,False,148682,5044,2093,678,823
4,layer3.3.bn1,1,70393,False,159314,5277,2070,775,805
5,layer3.3.bn1,1,63811,False,145168,5222,2087,666,831
6,layer3.3.bn1,1,63850,False,145642,5233,2137,673,842
0,layer3.3.relu1,1,35749,False,87799,4077,1093,498,2273
1,layer3.3.relu1,1,35936,False,86774,4159,1120,541,2232
2,layer3.3.relu1,1,33713,False,82210,4195,1099,547,2271
3,layer3.3.relu1,1,33148,False,81061,4321,1084,542,2252
4,layer3.3.relu1,1,33439,False,81333,4136,1084,529,2231
5,layer3.3.relu1,1,33856,False,82937,4180,1167,576,2218
6,layer3.3.relu1,1,35252,False,86251,4206,1100,471,2315
0,layer3.3.conv2,1,2150837,False,4487154,29755,59634,10316,4057
1,layer3.3.conv2,1,2165241,False,4487254,30529,61314,10787,3876
2,layer3.3.conv2,1,2124189,False,4416084,30262,61423,10590,3547
3,layer3.3.conv2,1,2124918,False,4408971,30114,62062,10868,3549
4,layer3.3.conv2,1,2133931,False,4421118,30098,61063,10846,3541
5,layer3.3.conv2,1,2159784,False,4493256,30145,61261,9029,5227
6,layer3.3.conv2,1,2130698,False,4449442,30282,61613,9602,4646
0,layer3.3.bn2,1,73587,False,168982,5021,2139,885,528
1,layer3.3.bn2,1,71253,False,162340,5225,2234,1009,539
2,layer3.3.bn2,1,66727,False,152273,5065,2152,879,560
3,layer3.3.bn2,1,65448,False,149200,5153,2195,862,541
4,layer3.3.bn2,1,72734,False,164711,5339,2113,839,708
5,layer3.3.bn2,1,66857,False,152991,5120,2078,728,682
6,layer3.3.bn2,1,66697,False,152311,5133,2070,720,655
0,layer3.3.relu2,1,39550,False,97807,4069,1433,749,1673
1,layer3.3.relu2,1,36407,False,88435,4080,1403,792,1682
2,layer3.3.relu2,1,36726,False,88284,4077,1388,808,1678
3,layer3.3.relu2,1,34011,False,83033,4125,1406,824,1667
4,layer3.3.relu2,1,34485,False,84215,4142,1446,847,1630
5,layer3.3.relu2,1,35282,False,85766,4155,1440,822,1658
6,layer3.3.relu2,1,34614,False,85318,4140,1398,748,1717
0,layer3.3.conv3,1,1048985,False,2160712,36516,32118,2474,3989
1,layer3.3.conv3,1,1041791,False,2145576,36335,31636,2587,3752
2,layer3.3.conv3,1,1037913,False,2115039,36011,31285,2847,3545
3,layer3.3.conv3,1,1027320,False,2120659,35869,30872,3006,3310
4,layer3.3.conv3,1,1032009,False,2112568,35972,31179,2985,3158
5,layer3.3.conv3,1,1019917,False,2117247,36129,30617,3039,3164
6,layer3.3.conv3,1,1030922,False,2111885,36260,30899,3274,3040
0,layer3.3.bn3,1,134956,False,298382,17242,5399,1202,1676
1,layer3.3.bn3,1,131901,False,289218,17299,5397,1263,1491
2,layer3.3.bn3,1,126937,False,278453,17704,5584,1385,1391
3,layer3.3.bn3,1,123856,False,271832,17423,5525,1390,1437
4,layer3.3.bn3,1,128066,False,280830,17828,5510,1616,1339
5,layer3.3.bn3,1,125945,False,276150,17521,5475,1438,1318
6,layer3.3.bn3,1,121438,False,267266,17569,5675,1498,1302
0,layer3.3.add,1,109982,False,244763,27360,10548,4066,8828
1,layer3.3.add,1,103792,False,230547,27450,10865,4168,8426
2,layer3.3.add,1,101877,False,225541,27354,10927,4297,8331
3,layer3.3.add,1,103323,False,229288,27573,11188,4113,8030
4,layer3.3.add,1,101592,False,225521,27423,11027,4673,7812
5,layer3.3.add,1,100000,False,221754,27519,11441,4549,7663
6,layer3.3.add,1,103812,False,229909,27154,11718,4543,7552
0,layer3.3.relu3,1,78465,False,178388,13932,2391,593,9546
1,layer3.3.relu3,1,76187,False,172610,13893,2587,606,9274
2,layer3.3.relu3,1,74291,False,167535,14046,2528,720,9240
3,layer3.3.relu3,1,73275,False,165522,13987,2595,742,9236
4,layer3.3.relu3,1,74955,False,168976,13886,2803,737,8922
5,layer3.3.relu3,1,73738,False,166470,13983,2753,791,8899
6,layer3.3.relu3,1,73327,False,166071,13935,2771,793,9047
0,layer3.4.conv1,1,1095499,False,2255963,38656,36264,3620,2149
1,layer3.4.conv1,1,1087478,False,2238152,39060,36409,3880,1678
2,layer3.4.conv1,1,1092210,False,2226046,38277,36243,4138,1073
3,layer3.4.conv1,1,1081570,False,2237237,38829,36370,3765,1686
4,layer3.4.conv1,1,1069955,False,2206225,38517,36539,3939,1189
5,layer3.4.conv1,1,1070823,False,2220511,38542,36798,4136,950
6,layer3.4.conv1,1,1057892,False,2197584,38512,36783,4265,884
0,layer3.4.bn1,1,76216,False,174100,4975,2013,656,857
1,layer3.4.bn1,1,70730,False,161145,5046,2033,672,872
2,layer3.4.bn1,1,67369,False,153072,5145,1947,720,906
3,layer3.4.bn1,1,67587,False,153601,5282,2035,841,870
4,layer3.4.bn1,1,63962,False,145653,5219,1954,716,936
5,layer3.4.bn1,1,66335,False,151050,5270,1932,663,927
6,layer3.4.bn1,1,66624,False,151694,5156,2009,663,909
0,layer3.4.relu1,1,37712,False,93308,4086,1110,482,2278
1,layer3.4.relu1,1,36783,False,89095,4166,1138,521,2270
2,layer3.4.relu1,1,36347,False,96657,4169,1173,534,2244
3,layer3.4.relu1,1,34663,False,84270,4162,1136,518,2233
4,layer3.4.relu1,1,34691,False,84964,4192,1164,513,2165
5,layer3.4.relu1,1,34021,False,83462,4277,1186,563,2190
6,layer3.4.relu1,1,34521,False,83805,4128,1100,591,2202
0,layer3.4.conv2,1,2149875,False,4474467,29883,60817,10780,3752
1,layer3.4.conv2,1,2138526,False,4443785,29793,61151,10707,3538
2,layer3.4.conv2,1,2134981,False,4421102,29964,60737,10600,3184
3,layer3.4.conv2,1,2108768,False,4404551,29757,61838,10963,3352
4,layer3.4.conv2,1,2115187,False,4414069,30312,61317,9745,3751
5,layer3.4.conv2,1,2201088,False,4563596,30434,59796,8048,8365
6,layer3.4.conv2,1,2164306,False,4496693,30125,60612,8736,6721
0,layer3.4.bn2,1,80401,False,183729,4943,2009,583,821
1,layer3.4.bn2,1,80565,False,182778,5145,1966,435,1129
2,layer3.4.bn2,1,74225,False,168663,5191,1882,453,1141
3,layer3.4.bn2,1,72963,False,166270,5345,1961,467,1119
4,layer3.4.bn2,1,75163,False,171941,5185,1894,460,1111
5,layer3.4.bn2,1,72447,False,164563,5103,1916,468,1111
6,layer3.4.bn2,1,72814,False,164594,5237,1967,463,1071
0,layer3.4.relu2,1,42017,False,102605,4034,1353,583,1939
1,layer3.4.relu2,1,39940,False,95935,4143,1370,640,1858
2,layer3.4.relu2,1,38464,False,93017,4237,1384,608,1913
3,layer3.4.relu2,1,37551,False,90892,4217,1454,628,1874
4,layer3.4.relu2,1,38484,False,93381,4098,1411,638,1854
5,layer3.4.relu2,1,36272,False,88774,4178,1339,647,1898
6,layer3.4.relu2,1,35674,False,87222,4204,1332,684,1859
0,layer3.4.conv3,1,1034521,False,2155067,36260,31799,2708,3565
1,layer3.4.conv3,1,1030609,False,2136069,35663,31362,2799,3328
2,layer3.4.conv3,1,1038613,False,2125900,36502,31728,3074,3263
3,layer3.4.conv3,1,1029136,False,2110464,35720,31527,3185,3053
4,layer3.4.conv3,1,1038420,False,2117913,36727,30745,3213,2976
5,layer3.4.conv3,1,1029371,False,2112346,36318,31371,3344,2910
6,layer3.4.conv3,1,1020622,False,2108253,36386,31245,3434,2798
0,layer3.4.bn3,1,135359,False,299978,17165,5509,1314,1446
1,layer3.4.bn3,1,129994,False,286117,17674,5666,1313,1369
2,layer3.4.bn3,1,124760,False,273895,17306,5638,1435,1310
3,layer3.4.bn3,1,122670,False,270341,17229,5620,1405,1255
4,layer3.4.bn3,1,124287,False,273589,17819,5681,1394,1383
5,layer3.4.bn3,1,135816,False,299024,17323,5152,1123,1898
6,layer3.4.bn3,1,130906,False,288127,17174,5112,1233,1844
0,layer3.4.add,1,110903,False,248407,27083,10532,2560,10120
1,layer3.4.add,1,108973,False,242318,27686,10056,3735,9676
2,layer3.4.add,1,104826,False,233280,27341,10520,3610,9263
3,layer3.4.add,1,106365,False,236359,27761,10776,3752,8961
4,layer3.4.add,1,103207,False,228898,27466,10695,4123,8734
5,layer3.4.add,1,105871,False,235736,27659,10812,4235,8470
6,layer3.4.add,1,101747,False,227544,27349,10996,4305,8264
0,layer3.4.relu3,1,78210,False,177619,13855,2211,505,9849
1,layer3.4.relu3,1,77474,False,174500,13878,2354,595,9610
2,layer3.4.relu3,1,75306,False,170562,13974,2468,634,9341
3,layer3.4.relu3,1,75847,False,171253,14035,2502,600,9358
4,layer3.4.relu3,1,74285,False,167849,13999,2476,681,9443
5,layer3.4.relu3,1,74667,False,169223,13961,2609,684,9186
6,layer3.4.relu3,1,74430,False,168286,14029,2572,657,9270
0,layer3.5.conv1,1,1083115,False,2245525,37982,36261,4093,1156
1,layer3.5.conv1,1,1076153,False,2238711,38142,36672,4205,854
2,layer3.5.conv1,1,1069373,False,2217037,38468,36803,4206,791
3,layer3.5.conv1,1,1082580,False,2222246,38328,36211,4381,688
4,layer3.5.conv1,1,1070157,False,2222444,37901,36187,4414,588
5,layer3.5.conv1,1,1065851,False,2197275,38508,36324,4390,586
6,layer3.5.conv1,1,1061119,False,2196899,38584,36581,4476,552
0,layer3.5.bn1,1,70608,False,163273,4792,2093,679,744
1,layer3.5.bn1,1,66902,False,153392,5181,2076,706,768
2,layer3.5.bn1,1,62404,False,142922,5136,2129,666,821
3,layer3.5.bn1,1,63649,False,145155,5233,2086,692,788
4,layer3.5.bn1,1,61434,False,140881,5118,2095,708,757
5,layer3.5.bn1,1,60545,False,138209,5235,2105,722,820
6,layer3.5.bn1,1,61881,False,141549,5252,2078,721,785
0,layer3.5.relu1,1,36071,False,89383,4095,964,469,2419
1,layer3.5.relu1,1,38182,False,91548,4257,1135,575,2339
2,layer3.5.relu1,1,32337,False,79535,4257,1099,538,2267
3,layer3.5.relu1,1,32738,False,80502,4212,1051,510,2333
4,layer3.5.relu1,1,32811,False,81277,4244,1126,490,2329
5,layer3.5.relu1,1,32942,False,80374,4233,1080,485,2307
6,layer3.5.relu1,1,33883,False,82959,4162,1071,493,2326
0,layer3.5.conv2,1,2143063,False,4465085,29769,60908,10703,4276
1,layer3.5.conv2,1,2137683,False,4436763,29959,60433,10397,3988
2,layer3.5.conv2,1,2114410,False,4400676,30330,61323,10603,3703
3,layer3.5.conv2,1,2118728,False,4390995,30271,60143,10859,3674
4,layer3.5.conv2,1,2104552,False,4391701,30005,60134,10907,3735
5,layer3.5.conv2,1,2115040,False,4390275,30204,61911,10757,3500
6,layer3.5.conv2,1,2107515,False,4379464,30315,60696,10789,3185
0,layer3.5.bn2,1,68715,False,159656,5029,2286,957,420
1,layer3.5.bn2,1,63937,False,146912,5068,2232,975,412
2,layer3.5.bn2,1,60311,False,138127,5226,2208,1040,409
3,layer3.5.bn2,1,61631,False,140839,5047,2245,979,408
4,layer3.5.bn2,1,58133,False,134191,5088,2229,966,414
5,layer3.5.bn2,1,58236,False,133874,5172,2148,1025,423
6,layer3.5.bn2,1,57673,False,132969,5405,2248,985,427
0,layer3.5.relu2,1,33957,False,84440,4125,1443,1058,1408
1,layer3.5.relu2,1,33564,False,82035,4153,1431,1039,1407
2,layer3.5.relu2,1,34952,False,86578,4125,1360,952,1583
3,layer3.5.relu2,1,33995,False,83478,4299,1371,1041,1489
4,layer3.5.relu2,1,34522,False,85698,4218,1428,916,1514
5,layer3.5.relu2,1,33106,False,82138,4280,1446,984,1519
6,layer3.5.relu2,1,32743,False,80978,4196,1450,970,1473
0,layer3.5.conv3,1,1044478,False,2140865,35707,31947,2830,3431
1,layer3.5.conv3,1,1042865,False,2118889,36213,30888,3094,3268
2,layer3.5.conv3,1,1024294,False,2118915,36251,31180,3328,3041
3,layer3.5.conv3,1,1035890,False,2111121,36421,31179,3358,2973
4,layer3.5.conv3,1,1024155,False,2099124,36639,30745,3555,2824
5,layer3.5.conv3,1,1027680,False,2099079,36070,30882,3598,2664
6,layer3.5.conv3,1,1020336,False,2098112,36193,30710,3627,2596
0,layer3.5.bn3,1,134069,False,296510,17655,5607,1228,1444
1,layer3.5.bn3,1,133452,False,294480,17560,5633,1268,1506
2,layer3.5.bn3,1,127974,False,280664,17748,5501,1549,1358
3,layer3.5.bn3,1,124196,False,273930,17375,5717,1440,1289
4,layer3.5.bn3,1,120735,False,265579,17470,5642,1466,1245
5,layer3.5.bn3,1,121238,False,266625,17666,5739,1580,1165
6,layer3.5.bn3,1,126232,False,277260,17664,5489,1739,1183
0,layer3.5.add,1,105112,False,234299,27320,10810,3922,8549
1,layer3.5.add,1,102266,False,227283,27576,11116,4188,8160
2,layer3.5.add,1,104374,False,231240,27567,11047,4948,7752
3,layer3.5.add,1,99895,False,222297,27489,11591,4453,7510
4,layer3.5.add,1,99493,False,220623,27523,11982,4226,7391
5,layer3.5.add,1,101836,False,225776,27701,10862,4280,8420
6,layer3.5.add,1,103314,False,229480,27429,10963,3822,8823
0,layer3.5.relu3,1,77078,False,174678,13967,2337,604,9516
1,layer3.5.relu3,1,75598,False,170367,14030,2588,648,9250
2,layer3.5.relu3,1,72961,False,164985,13996,2689,753,9062
3,layer3.5.relu3,1,79231,False,178775,14053,2751,841,8914
4,layer3.5.relu3,1,72951,False,164940,14053,2741,815,9015
5,layer3.5.relu3,1,73125,False,165315,14018,2826,817,8885
6,layer3.5.relu3,1,72935,False,165028,14064,2885,890,8777
0,layer4.0.conv1,1,2075186,False,4296091,75819,66795,6018,3668
1,layer4.0.conv1,1,2043154,False,4236366,75032,67410,7166,1788
2,layer4.0.conv1,1,2030560,False,4222481,74613,67472,7709,1242
3,layer4.0.conv1,1,2022569,False,4207802,74656,67961,7515,1029
4,layer4.0.conv1,1,2038854,False,4219641,74551,67729,7040,1182
5,layer4.0.conv1,1,2024328,False,4210977,74775,68343,7450,935
6,layer4.0.conv1,1,2026029,False,4209899,74736,67974,7831,920
0,layer4.0.bn1,1,88873,False,200176,9449,3414,857,584
1,layer4.0.bn1,1,84557,False,190175,9461,3438,836,599
2,layer4.0.bn1,1,86780,False,194873,9407,3316,838,622
3,layer4.0.bn1,1,84824,False,189818,9476,3421,848,684
4,layer4.0.bn1,1,82637,False,185628,9556,3411,806,718
5,layer4.0.bn1,1,79856,False,179780,9425,3217,857,726
6,layer4.0.bn1,1,83401,False,186820,9610,3309,803,789
0,layer4.0.relu1,1,44946,False,107492,7390,2637,3166,1078
1,layer4.0.relu1,1,45320,False,107081,7335,2530,3312,1092
2,layer4.0.relu1,1,42318,False,100344,7457,2438,3361,1096
3,layer4.0.relu1,1,45778,False,107664,7569,2551,3424,1086
4,layer4.0.relu1,1,42023,False,100113,7453,2458,3337,1068
5,layer4.0.relu1,1,42542,False,100142,7434,2515,3334,1069
6,layer4.0.relu1,1,42382,False,99953,7551,2560,3291,1095
0,layer4.0.conv2,1,3630945,False,7574427,128214,191625,38042,22773
1,layer4.0.conv2,1,3646639,False,7625848,124983,191052,35333,26266
2,layer4.0.conv2,1,3579781,False,7465212,129097,191301,42387,20957
3,layer4.0.conv2,1,3557483,False,7403766,133835,190605,45105,18531
4,layer4.0.conv2,1,3537193,False,7388067,131577,190987,46295,18220
5,layer4.0.conv2,1,3510250,False,7337560,134420,190965,45014,16193
6,layer4.0.conv2,1,3517178,False,7343922,132617,192555,47921,15907
0,layer4.0.bn2,1,62435,False,147152,3520,1244,541,409
1,layer4.0.bn2,1,60587,False,140007,3572,1270,573,421
2,layer4.0.bn2,1,54739,False,126438,3833,1295,582,418
3,layer4.0.bn2,1,53886,False,124840,3791,1225,609,422
4,layer4.0.bn2,1,51558,False,120248,3806,1271,605,408
5,layer4.0.bn2,1,53676,False,124061,3692,1203,582,411
6,layer4.0.bn2,1,51297,False,120497,3742,1211,620,411
0,layer4.0.relu2,1,28360,False,74350,2520,987,961,532
1,layer4.0.relu2,1,28491,False,72949,2547,961,997,515
2,layer4.0.relu2,1,25796,False,66420,2588,862,1078,514
3,layer4.0.relu2,1,26671,False,67315,2601,893,1038,507
4,layer4.0.relu2,1,25701,False,66194,2543,921,1024,510
5,layer4.0.relu2,1,25780,False,66411,2607,955,994,523
6,layer4.0.relu2,1,25201,False,64670,2618,956,1012,531
0,layer4.0.conv3,1,1283031,False,2666077,122032,36034,4287,653
1,layer4.0.conv3,1,1273366,False,2644788,119901,35527,4113,750
2,layer4.0.conv3,1,1255001,False,2606536,117633,35567,4554,456
3,layer4.0.conv3,1,1232189,False,2567933,117454,35647,4488,378
4,layer4.0.conv3,1,1233842,False,2567234,116629,35216,4643,334
5,layer4.0.conv3,1,1239338,False,2548998,116576,35413,4540,303
6,layer4.0.conv3,1,1229446,False,2551974,117981,35203,4544,290
0,layer4.0.bn3,1,98891,False,222090,10802,2605,619,529
1,layer4.0.bn3,1,96416,False,215639,11063,2508,611,579
2,layer4.0.bn3,1,91308,False,204231,11029,2450,668,541
3,layer4.0.bn3,1,90099,False,201559,11069,2752,622,527
4,layer4.0.bn3,1,87699,False,196108,11594,2679,664,522
5,layer4.0.bn3,1,88213,False,197125,11047,2586,659,516
6,layer4.0.bn3,1,88484,False,197671,11327,2665,661,535
0,layer4.0.downsample.0,1,2997903,False,6250132,73337,413236,22609,8746
1,layer4.0.downsample.0,1,2970198,False,6195320,73691,418016,23505,8012
2,layer4.0.downsample.0,1,2953666,False,6142506,75128,415203,23694,7697
3,layer4.0.downsample.0,1,2955668,False,6142656,75627,413743,24010,7494
4,layer4.0.downsample.0,1,2936870,False,6126862,74063,415170,24358,7455
5,layer4.0.downsample.0,1,2950578,False,6141895,73874,413788,23225,8541
6,layer4.0.downsample.0,1,2927878,False,6105629,73740,413856,23797,7387
0,layer4.0.downsample.1,1,113606,False,254804,10974,1947,700,919
1,layer4.0.downsample.1,1,99899,False,223636,10574,2005,582,875
2,layer4.0.downsample.1,1,96435,False,216361,11285,2098,607,950
3,layer4.0.downsample.1,1,96660,False,215605,10603,2069,620,848
4,layer4.0.downsample.1,1,89595,False,200407,10833,2041,625,895
5,layer4.0.downsample.1,1,91122,False,202479,10992,2255,622,843
6,layer4.0.downsample.1,1,93347,False,207863,10717,2115,615,826
0,layer4.0.add,1,63626,False,148818,14081,5878,2488,3783
1,layer4.0.add,1,63874,False,146792,14059,6013,2453,3824
2,layer4.0.add,1,61299,False,140830,14175,5737,2553,4085
3,layer4.0.add,1,59732,False,138133,14198,5882,2514,3974
4,layer4.0.add,1,63114,False,145343,14412,5854,2619,3912
5,layer4.0.add,1,59531,False,137018,14207,5909,2651,3858
6,layer4.0.add,1,59751,False,137697,14491,5984,2450,3772
0,layer4.0.relu3,1,51646,False,122678,7378,1548,558,4620
1,layer4.0.relu3,1,50323,False,117874,7886,1654,609,4155
2,layer4.0.relu3,1,48996,False,114794,7374,1584,609,4535
3,layer4.0.relu3,1,48996,False,115226,7398,1663,647,4427
4,layer4.0.relu3,1,47647,False,111811,7547,1815,653,4322
5,layer4.0.relu3,1,48888,False,114081,7588,1765,698,4363
6,layer4.0.relu3,1,46679,False,110141,7505,1767,722,4366
0,layer4.1.conv1,1,1274552,False,2630369,120694,40135,2964,804
1,layer4.1.conv1,1,1262632,False,2585143,117205,39808,3123,569
2,layer4.1.conv1,1,1234274,False,2571004,116684,39841,3312,483
3,layer4.1.conv1,1,1238719,False,2557776,116985,40202,3246,419
4,layer4.1.conv1,1,1224350,False,2558877,117515,40095,3453,356
5,layer4.1.conv1,1,1243943,False,2559221,115861,39936,3345,396
6,layer4.1.conv1,1,1235867,False,2572550,119452,40304,3217,520
0,layer4.1.bn1,1,61443,False,143594,3469,1324,552,409
1,layer4.1.bn1,1,57378,False,132267,3587,1278,588,422
2,layer4.1.bn1,1,54635,False,126859,3713,1256,594,412
3,layer4.1.bn1,1,54405,False,125466,3642,1325,598,419
4,layer4.1.bn1,1,54606,False,132847,3908,1300,558,422
5,layer4.1.bn1,1,53662,False,124117,3736,1325,576,429
6,layer4.1.bn1,1,53649,False,124239,3669,1233,590,431
0,layer4.1.relu1,1,29134,False,74414,2551,819,448,1224
1,layer4.1.relu1,1,28280,False,70713,2578,863,463,1183
2,layer4.1.relu1,1,27315,False,68605,2625,835,463,1205
3,layer4.1.relu1,1,25100,False,64541,2639,761,469,1207
4,layer4.1.relu1,1,27529,False,69246,2566,784,492,1165
5,layer4.1.relu1,1,27145,False,68345,2563,804,498,1149
6,layer4.1.relu1,1,27896,False,69819,2634,823,471,1189
0,layer4.1.conv2,1,3330202,False,6964503,111893,176075,47821,20720
1,layer4.1.conv2,1,3300830,False,6882652,112967,174971,51273,18209
2,layer4.1.conv2,1,3309282,False,6893348,109841,176727,47463,19117
3,layer4.1.conv2,1,3262814,False,6793956,111814,176318,53271,15576
4,layer4.1.conv2,1,3233638,False,6745130,110991,175708,54804,14657
5,layer4.1.conv2,1,3271789,False,6759213,114494,175465,54278,14883
6,layer4.1.conv2,1,3229941,False,6723065,111434,176226,54649,14112
0,layer4.1.bn2,1,65256,False,152229,3221,1267,585,359
1,layer4.1.bn2,1,59937,False,139486,3480,1249,547,405
2,layer4.1.bn2,1,54052,False,124655,3651,1307,591,390
3,layer4.1.bn2,1,52568,False,121897,3641,1190,613,388
4,layer4.1.bn2,1,50860,False,118535,3618,1276,609,382
5,layer4.1.bn2,1,68418,False,157724,3805,1104,270,823
6,layer4.1.bn2,1,66801,False,153916,3851,1149,248,807
0,layer4.1.relu2,1,35940,False,91382,2476,787,242,1331
1,layer4.1.relu2,1,38238,False,92658,2502,814,276,1296
2,layer4.1.relu2,1,34677,False,87234,2592,860,308,1295
3,layer4.1.relu2,1,35743,False,89896,2482,866,282,1272
4,layer4.1.relu2,1,34032,False,85169,2483,842,277,1307
5,layer4.1.relu2,1,37015,False,90960,2728,934,376,1278
6,layer4.1.relu2,1,33190,False,83074,2560,853,314,1205
0,layer4.1.conv3,1,1304929,False,2693212,122933,36740,4021,889
1,layer4.1.conv3,1,1261258,False,2629223,117453,35658,4351,570
2,layer4.1.conv3,1,1261026,False,2606171,117906,35482,4527,551
3,layer4.1.conv3,1,1249986,False,2591035,117090,35471,4615,480
4,layer4.1.conv3,1,1235339,False,2572848,117004,35366,4450,445
5,layer4.1.conv3,1,1230341,False,2558403,116204,35608,4532,412
6,layer4.1.conv3,1,1231158,False,2561285,115813,35460,4522,421
0,layer4.1.bn3,1,101036,False,227437,10968,2687,546,576
1,layer4.1.bn3,1,97248,False,226579,11191,2684,672,610
2,layer4.1.bn3,1,93072,False,206637,11232,2642,597,600
3,layer4.1.bn3,1,92840,False,213830,11233,2587,626,567
4,layer4.1.bn3,1,90660,False,201854,11055,2581,613,576
5,layer4.1.bn3,1,92357,False,205649,11118,2667,594,561
6,layer4.1.bn3,1,90116,False,200698,10964,2520,625,583
0,layer4.1.add,1,61255,False,142127,13875,6914,3661,2051
1,layer4.1.add,1,62072,False,143589,13953,6594,3962,2068
2,layer4.1.add,1,59215,False,136512,13963,6614,3881,2045
3,layer4.1.add,1,58451,False,134687,14118,6910,3728,2004
4,layer4.1.add,1,58780,False,134761,13890,6601,4024,2033
5,layer4.1.add,1,58866,False,135019,14108,6556,3975,2015
6,layer4.1.add,1,59717,False,136516,13971,6690,3751,2096
0,layer4.1.relu3,1,46790,False,110803,7397,2354,1738,2728
1,layer4.1.relu3,1,45632,False,107280,7458,2410,1758,2650
2,layer4.1.relu3,1,45029,False,105914,7473,2366,1863,2557
3,layer4.1.relu3,1,45592,False,106989,7317,2435,1861,2500
4,layer4.1.relu3,1,43972,False,103670,7442,2347,1959,2480
5,layer4.1.relu3,1,44058,False,104430,7411,2338,1960,2485
6,layer4.1.relu3,1,45162,False,105652,7460,2385,1999,2420
0,layer4.2.conv1,1,1267446,False,2628584,118992,40032,3242,687
1,layer4.2.conv1,1,1241566,False,2572735,117936,40123,3447,439
2,layer4.2.conv1,1,1239543,False,2567276,118545,39980,3665,358
3,layer4.2.conv1,1,1237682,False,2552637,116276,39849,3532,324
4,layer4.2.conv1,1,1236242,False,2566220,119271,39997,3614,324
5,layer4.2.conv1,1,1225445,False,2552081,117965,39871,3539,319
6,layer4.2.conv1,1,1229313,False,2560078,118304,40138,3713,333
0,layer4.2.bn1,1,63346,False,146331,3573,1338,586,360
1,layer4.2.bn1,1,57329,False,132731,3725,1317,597,367
2,layer4.2.bn1,1,57799,False,132219,3810,1323,575,405
3,layer4.2.bn1,1,55763,False,127837,3704,1296,608,400
4,layer4.2.bn1,1,54376,False,125286,3810,1289,614,401
5,layer4.2.bn1,1,52688,False,121670,3962,1266,630,405
6,layer4.2.bn1,1,55066,False,127213,3792,1236,612,386
0,layer4.2.relu1,1,31386,False,78691,2547,826,432,1194
1,layer4.2.relu1,1,27652,False,70406,2583,761,455,1256
2,layer4.2.relu1,1,27365,False,68736,2636,846,463,1231
3,layer4.2.relu1,1,27214,False,68235,2570,783,439,1207
4,layer4.2.relu1,1,26785,False,67199,2644,821,444,1199
5,layer4.2.relu1,1,26315,False,66364,2598,797,466,1197
6,layer4.2.relu1,1,26559,False,66703,2604,816,466,1203
0,layer4.2.conv2,1,3363849,False,7013774,109179,179342,42881,20717
1,layer4.2.conv2,1,3378688,False,7027263,106757,180247,41488,23072
2,layer4.2.conv2,1,3351070,False,6965856,110012,179750,43889,21405
3,layer4.2.conv2,1,3286244,False,6859654,110854,178782,49509,18173
4,layer4.2.conv2,1,3263436,False,6802507,110497,178431,49471,16398
5,layer4.2.conv2,1,3243145,False,6772635,108490,177286,51544,14956
6,layer4.2.conv2,1,3239406,False,6755820,110416,179306,52791,14816
0,layer4.2.bn2,1,67733,False,156358,3781,1297,681,392
1,layer4.2.bn2,1,60323,False,138699,3527,1286,540,413
2,layer4.2.bn2,1,55289,False,127007,3707,1269,579,393
3,layer4.2.bn2,1,53322,False,123215,3818,1259,590,399
4,layer4.2.bn2,1,53535,False,131051,3961,1266,722,394
5,layer4.2.bn2,1,53386,False,122974,3837,1279,598,389
6,layer4.2.bn2,1,54078,False,124226,3783,1293,609,378
0,layer4.2.relu2,1,29661,False,75373,2548,992,786,701
1,layer4.2.relu2,1,30472,False,75200,2572,958,841,678
2,layer4.2.relu2,1,28597,False,70839,2572,971,818,679
3,layer4.2.relu2,1,28070,False,69968,2631,1015,792,660
4,layer4.2.relu2,1,28277,False,71126,2550,929,796,709
5,layer4.2.relu2,1,28175,False,70588,2705,970,856,684
6,layer4.2.relu2,1,26507,False,66744,2605,938,813,693
0,layer4.2.conv3,1,1271617,False,2634702,120227,35558,4320,455
1,layer4.2.conv3,1,1254664,False,2599620,119260,35530,4491,389
2,layer4.2.conv3,1,1248169,False,2595057,120180,35559,4321,463
3,layer4.2.conv3,1,1241936,False,2584980,116706,35580,4483,357
4,layer4.2.conv3,1,1250619,False,2594218,118443,35135,4468,349
5,layer4.2.conv3,1,1250395,False,2572551,117819,35328,4605,303
6,layer4.2.conv3,1,1231769,False,2555093,117552,35053,4610,299
0,layer4.2.bn3,1,98199,False,220019,10814,2535,636,480
1,layer4.2.bn3,1,97649,False,217412,11197,2475,598,594
2,layer4.2.bn3,1,93764,False,208244,11379,2569,621,579
3,layer4.2.bn3,1,90986,False,202656,11825,2655,668,577
4,layer4.2.bn3,1,89530,False,199263,11544,2549,630,577
5,layer4.2.bn3,1,88808,False,197926,11332,2481,654,540
6,layer4.2.bn3,1,93924,False,208412,11383,2631,764,536
0,layer4.2.add,1,62001,False,143691,14131,6099,3255,3117
1,layer4.2.add,1,61068,False,138956,14255,6358,2934,3008
2,layer4.2.add,1,66383,False,150401,14289,5960,3488,3009
3,layer4.2.add,1,58726,False,134460,14146,6255,3204,2989
4,layer4.2.add,1,58622,False,134436,14262,6030,3405,2984
5,layer4.2.add,1,58806,False,134715,14246,6152,3338,3019
6,layer4.2.add,1,58491,False,134146,14127,6270,3253,2952
0,layer4.2.relu3,1,49329,False,116633,7429,2154,1290,3337
1,layer4.2.relu3,1,48042,False,111981,7437,2248,1301,3285
2,layer4.2.relu3,1,46137,False,107903,7433,2137,1452,3183
3,layer4.2.relu3,1,46492,False,109610,7394,2198,1403,3230
4,layer4.2.relu3,1,45029,False,105464,7428,2181,1420,3154
5,layer4.2.relu3,1,43684,False,103302,7465,2215,1395,3168
6,layer4.2.relu3,1,44999,False,105814,7499,2222,1465,3133
0,avgpool,1,99432,False,223726,9873,1066,602,562
1,avgpool,1,88114,False,196557,9719,1060,527,559
2,avgpool,1,86057,False,192310,9770,1089,556,555
3,avgpool,1,85896,False,191823,9852,1069,544,545
4,avgpool,1,87485,False,195173,10080,1087,675,539
5,avgpool,1,87173,False,194809,9799,1090,538,567
6,avgpool,1,85079,False,190898,9801,1059,539,553
0,flatten,1,24799,False,65390,752,349,333,157
1,flatten,1,22857,False,59731,793,350,340,154
2,flatten,1,20749,False,54371,764,348,349,147
3,flatten,1,21474,False,56025,809,341,342,150
4,flatten,1,21795,False,56865,792,344,345,145
5,flatten,1,20499,False,54442,801,326,349,147
6,flatten,1,26891,False,69054,836,355,426,159
0,fc,1,461173,False,919695,103415,14137,3336,3819
1,fc,1,453442,False,914845,104544,13598,3343,3948
2,fc,1,447585,False,906548,104777,13560,3483,3791
3,fc,1,437970,False,901118,104505,13603,3413,3808
4,fc,1,450950,False,901665,104083,13706,3268,4019
5,fc,1,442251,False,906173,104448,13483,3521,3990
6,fc,1,440993,False,905378,104541,13549,3615,3827
