block,time_ms,gflop,cycles,flop_per_cycle
conv1,2.1741025,0.236027904,4561614.5,51.7421855792505
bn1,0.3369555,0.001605632,712750.5,2.252726585249677
relu,0.1749385,0.000802816,371295.0,2.162205254581936
maxpool,10.21505,0.001605632,21514749.0,0.07462936239693059
layer1.0,5.324444,0.468443136,11152781.5,42.002359321753055
layer1.1,4.6641885,0.441147392,9840863.0,44.82812046057343
layer1.2,4.646114,0.441147392,9801823.0,45.006667841278094
layer2.0,7.751314499999999,0.748926976,16334137.5,45.85041456887454
layer2.1,4.108878,0.438939648,8675238.0,50.59684218461788
layer2.2,4.100411,0.438939648,8653304.0,50.725092750699616
layer2.3,4.1025115,0.438939648,8658212.0,50.696338689789535
layer3.0,7.5601475,0.746970112,15905552.0,46.962853725541876
layer3.1,4.2947120000000005,0.437835776,9056242.5,48.346295497277154
layer3.2,4.288126,0.437835776,9017499.5,48.5540116747442
layer3.3,4.283373,0.437835776,9022101.5,48.529245209666506
layer3.4,4.3112555,0.437835776,9065378.5,48.29757257239728
layer3.5,4.2837695,0.437835776,9016532.5,48.55921896804564
layer4.0,9.822595999999999,0.74599168,20586356.0,36.2371893306421
layer4.1,5.8522825,0.43728384,12277673.0,35.61618231728439
layer4.2,5.838908999999999,0.43728384,12248935.0,35.69974369200261
avgpool,0.0856725,0.000100352,181394.5,0.5532251529125746
flatten,0.008421,0.0,18826.5,0.0
fc,0.502904,0.004097,1059296.5,3.8676612261061942
