config,attempt,max_other_cpu_pct,clean
threads_baseline_1,1,4,1
threads_baseline_2,1,2,1
threads_baseline_4,1,3,1
threads_baseline_8,1,3,1
threads_baseline_16,1,2,1
threads_baseline_26,1,2,1
threads_fold_bn+channels_last_1,1,4,1
threads_fold_bn+channels_last_2,1,2,1
threads_fold_bn+channels_last_4,1,4,1
threads_fold_bn+channels_last_8,1,2,1
threads_fold_bn+channels_last_16,1,1,1
threads_fold_bn+channels_last_26,1,3,1
threads_inductor_1,1,3,1
threads_inductor_2,1,5,1
threads_inductor_4,1,6,1
threads_inductor_8,1,3,1
threads_inductor_16,1,4,1
threads_inductor_26,1,3,1
instances_baseline_1,1,6,1
instances_baseline_2,1,5,1
instances_baseline_4,1,3,1
instances_baseline_8,1,5,1
instances_baseline_16,1,9,1
instances_baseline_26,1,11,1
instances_fold_bn+channels_last_1,1,5,1
instances_fold_bn+channels_last_2,1,5,1
instances_fold_bn+channels_last_4,1,3,1
instances_fold_bn+channels_last_8,1,6,1
instances_fold_bn+channels_last_16,1,31,1
instances_fold_bn+channels_last_26,1,7,1
instances_inductor_1,1,8,1
instances_inductor_2,1,6,1
instances_inductor_4,1,12,1
instances_inductor_8,1,84,1
instances_inductor_16,1,13,1
instances_inductor_26,1,34,1
