layer,op,input_shape,output_shape,calculations,unit,time_ms,time_ms_p5,time_ms_p95,kernel_ms,weight_relayout_ms,act_relayout_ms,other_library_ms,framework_other_ms
conv1,conv7x7,1x3x224x224,1x64x112x112,118013952,MAC,2.168838,2.164615,2.173469,1.76221,0.00805664,0.301025,0,0.09754636
bn1,batchnorm,1x64x112x112,1x64x112x112,802816,element,0.337317,0.335188,0.341051,0.0,0.0,0.0,0,0.337317
relu,relu,1x64x112x112,1x64x112x112,802816,element,0.176411,0.175469,0.180919,0.0,0.0,0.0,0,0.176411
maxpool,maxpool,1x64x112x112,1x64x56x56,1784896,comparison,10.200192,10.107525,10.316113,0.0,0.0,0.0,0,10.200192
layer1.0.conv1,conv1x1,1x64x56x56,1x64x56x56,12845056,MAC,0.264511,0.262995,0.271001,0.23607,0.0,0.0,0,0.028440999999999994
layer1.0.bn1,batchnorm,1x64x56x56,1x64x56x56,200704,element,0.093066,0.083789,0.094607,0.0,0.0,0.0,0,0.093066
layer1.0.relu1,relu,1x64x56x56,1x64x56x56,200704,element,0.033744,0.030732,0.036308,0.0,0.0,0.0,0,0.033744
layer1.0.conv2,conv3x3,1x64x56x56,1x64x56x56,115605504,MAC,1.994175,1.986745,2.003301,1.74097,0.0219727,0.12011720000000001,0,0.1111151000000001
layer1.0.bn2,batchnorm,1x64x56x56,1x64x56x56,200704,element,0.079555,0.077406,0.084014,0.0,0.0,0.0,0,0.079555
layer1.0.relu2,relu,1x64x56x56,1x64x56x56,200704,element,0.03157,0.030924,0.032126,0.0,0.0,0.0,0,0.03157
layer1.0.conv3,conv1x1,1x64x56x56,1x256x56x56,51380224,MAC,0.852134,0.847637,0.853397,0.83368,0.0,0.0,0,0.01845399999999997
layer1.0.bn3,batchnorm,1x256x56x56,1x256x56x56,802816,element,0.327452,0.325724,0.330896,0.0,0.0,0.0,0,0.327452
layer1.0.downsample.0,conv1x1,1x64x56x56,1x256x56x56,51380224,MAC,0.876685,0.87076,0.879568,0.85557,0.0,0.0,0,0.021114999999999995
layer1.0.downsample.1,batchnorm,1x256x56x56,1x256x56x56,802816,element,0.328313,0.323629,0.337185,0.0,0.0,0.0,0,0.328313
layer1.0.add,add,1x256x56x56,1x256x56x56,802816,element,0.321202,0.316427,0.325782,0.0,0.0,0.0,0,0.321202
layer1.0.relu3,relu,1x256x56x56,1x256x56x56,802816,element,0.174701,0.173754,0.179417,0.0,0.0,0.0,0,0.174701
layer1.1.conv1,conv1x1,1x256x56x56,1x64x56x56,51380224,MAC,0.809396,0.802936,0.810589,0.78983,0.0,0.0,0,0.019565999999999972
layer1.1.bn1,batchnorm,1x64x56x56,1x64x56x56,200704,element,0.093476,0.092509,0.094582,0.0,0.0,0.0,0,0.093476
layer1.1.relu1,relu,1x64x56x56,1x64x56x56,200704,element,0.030174,0.029595,0.030609,0.0,0.0,0.0,0,0.030174
layer1.1.conv2,conv3x3,1x64x56x56,1x64x56x56,115605504,MAC,1.981744,1.978932,1.986025,1.74097,0.0209961,0.12011720000000001,0,0.09966070000000005
layer1.1.bn2,batchnorm,1x64x56x56,1x64x56x56,200704,element,0.077648,0.076304,0.081654,0.0,0.0,0.0,0,0.077648
layer1.1.relu2,relu,1x64x56x56,1x64x56x56,200704,element,0.030702,0.030203,0.031475,0.0,0.0,0.0,0,0.030702
layer1.1.conv3,conv1x1,1x64x56x56,1x256x56x56,51380224,MAC,0.850704,0.845614,0.85186,0.8324600000000001,0.0,0.0,0,0.018243999999999927
layer1.1.bn3,batchnorm,1x256x56x56,1x256x56x56,802816,element,0.326246,0.323371,0.330037,0.0,0.0,0.0,0,0.326246
layer1.1.add,add,1x256x56x56,1x256x56x56,802816,element,0.316516,0.314406,0.3217,0.0,0.0,0.0,0,0.316516
layer1.1.relu3,relu,1x256x56x56,1x256x56x56,802816,element,0.174139,0.173285,0.178468,0.0,0.0,0.0,0,0.174139
layer1.2.conv1,conv1x1,1x256x56x56,1x64x56x56,51380224,MAC,0.808042,0.802449,0.810254,0.78818,0.0,0.0,0,0.019862000000000046
layer1.2.bn1,batchnorm,1x64x56x56,1x64x56x56,200704,element,0.093371,0.092737,0.094393,0.0,0.0,0.0,0,0.093371
layer1.2.relu1,relu,1x64x56x56,1x64x56x56,200704,element,0.029876,0.029275,0.030337,0.0,0.0,0.0,0,0.029876
layer1.2.conv2,conv3x3,1x64x56x56,1x64x56x56,115605504,MAC,1.976087,1.970378,1.978901,1.74097,0.0209961,0.1181641,0,0.09595680000000004
layer1.2.bn2,batchnorm,1x64x56x56,1x64x56x56,200704,element,0.077388,0.07568,0.08274,0.0,0.0,0.0,0,0.077388
layer1.2.relu2,relu,1x64x56x56,1x64x56x56,200704,element,0.030771,0.030228,0.0311,0.0,0.0,0.0,0,0.030771
layer1.2.conv3,conv1x1,1x64x56x56,1x256x56x56,51380224,MAC,0.849582,0.843556,0.851052,0.83124,0.0,0.0,0,0.01834199999999997
layer1.2.bn3,batchnorm,1x256x56x56,1x256x56x56,802816,element,0.328878,0.325719,0.332086,0.0,0.0,0.0,0,0.328878
layer1.2.add,add,1x256x56x56,1x256x56x56,802816,element,0.313352,0.312391,0.317989,0.0,0.0,0.0,0,0.313352
layer1.2.relu3,relu,1x256x56x56,1x256x56x56,802816,element,0.174183,0.173182,0.178348,0.0,0.0,0.0,0,0.174183
layer2.0.conv1,conv1x1,1x256x56x56,1x128x56x56,102760448,MAC,1.594437,1.587833,1.599341,1.57,0.0,0.0,0,0.024437000000000042
layer2.0.bn1,batchnorm,1x128x56x56,1x128x56x56,401408,element,0.173562,0.172117,0.178924,0.0,0.0,0.0,0,0.173562
layer2.0.relu1,relu,1x128x56x56,1x128x56x56,401408,element,0.076177,0.07544,0.076936,0.0,0.0,0.0,0,0.076177
layer2.0.conv2,conv3x3,1x128x56x56,1x128x28x28,115605504,MAC,2.132148,2.125656,2.137344,1.78296,0.0739746,0.1760254,0,0.09918799999999983
layer2.0.bn2,batchnorm,1x128x28x28,1x128x28x28,100352,element,0.046369,0.044783,0.048101,0.0,0.0,0.0,0,0.046369
layer2.0.relu2,relu,1x128x28x28,1x128x28x28,100352,element,0.01799,0.017522,0.018529,0.0,0.0,0.0,0,0.01799
layer2.0.conv3,conv1x1,1x128x28x28,1x512x28x28,51380224,MAC,0.848188,0.842505,0.857554,0.83098,0.0,0.0,0,0.017208
layer2.0.bn3,batchnorm,1x512x28x28,1x512x28x28,401408,element,0.170695,0.169428,0.17506,0.0,0.0,0.0,0,0.170695
layer2.0.downsample.0,conv1x1,1x256x56x56,1x512x28x28,102760448,MAC,2.308342,2.302016,2.31721,1.68384,0.059082,0.450195,0,0.11522500000000013
layer2.0.downsample.1,batchnorm,1x512x28x28,1x512x28x28,401408,element,0.175849,0.173946,0.179446,0.0,0.0,0.0,0,0.175849
layer2.0.add,add,1x512x28x28,1x512x28x28,401408,element,0.15835,0.157304,0.162507,0.0,0.0,0.0,0,0.15835
layer2.0.relu3,relu,1x512x28x28,1x512x28x28,401408,element,0.078834,0.077432,0.079911,0.0,0.0,0.0,0,0.078834
layer2.1.conv1,conv1x1,1x512x28x28,1x128x28x28,51380224,MAC,0.81972,0.812191,0.826344,0.7988500000000001,0.0,0.0,0,0.020869999999999944
layer2.1.bn1,batchnorm,1x128x28x28,1x128x28x28,100352,element,0.047422,0.046375,0.051161,0.0,0.0,0.0,0,0.047422
layer2.1.relu1,relu,1x128x28x28,1x128x28x28,100352,element,0.017854,0.017492,0.018283,0.0,0.0,0.0,0,0.017854
layer2.1.conv2,conv3x3,1x128x28x28,1x128x28x28,115605504,MAC,1.916887,1.912899,1.92564,1.70898,0.072998,0.0419922,0,0.09291680000000005
layer2.1.bn2,batchnorm,1x128x28x28,1x128x28x28,100352,element,0.042417,0.041321,0.045493,0.0,0.0,0.0,0,0.042417
layer2.1.relu2,relu,1x128x28x28,1x128x28x28,100352,element,0.017583,0.016979,0.017824,0.0,0.0,0.0,0,0.017583
layer2.1.conv3,conv1x1,1x128x28x28,1x512x28x28,51380224,MAC,0.84731,0.841961,0.847929,0.8303400000000001,0.0,0.0,0,0.01696999999999993
layer2.1.bn3,batchnorm,1x512x28x28,1x512x28x28,401408,element,0.170106,0.168489,0.174027,0.0,0.0,0.0,0,0.170106
layer2.1.add,add,1x512x28x28,1x512x28x28,401408,element,0.159302,0.158547,0.163916,0.0,0.0,0.0,0,0.159302
layer2.1.relu3,relu,1x512x28x28,1x512x28x28,401408,element,0.075608,0.074775,0.079595,0.0,0.0,0.0,0,0.075608
layer2.2.conv1,conv1x1,1x512x28x28,1x128x28x28,51380224,MAC,0.815368,0.809412,0.819209,0.7965,0.0,0.0,0,0.018867999999999996
layer2.2.bn1,batchnorm,1x128x28x28,1x128x28x28,100352,element,0.045382,0.04444,0.046825,0.0,0.0,0.0,0,0.045382
layer2.2.relu1,relu,1x128x28x28,1x128x28x28,100352,element,0.017402,0.016819,0.017966,0.0,0.0,0.0,0,0.017402
layer2.2.conv2,conv3x3,1x128x28x28,1x128x28x28,115605504,MAC,1.916319,1.911539,1.921325,1.71094,0.072998,0.0419922,0,0.09038880000000019
layer2.2.bn2,batchnorm,1x128x28x28,1x128x28x28,100352,element,0.042872,0.041948,0.043956,0.0,0.0,0.0,0,0.042872
layer2.2.relu2,relu,1x128x28x28,1x128x28x28,100352,element,0.017204,0.01666,0.017788,0.0,0.0,0.0,0,0.017204
layer2.2.conv3,conv1x1,1x128x28x28,1x512x28x28,51380224,MAC,0.846247,0.840914,0.847258,0.8300700000000001,0.0,0.0,0,0.016176999999999886
layer2.2.bn3,batchnorm,1x512x28x28,1x512x28x28,401408,element,0.168739,0.167912,0.173016,0.0,0.0,0.0,0,0.168739
layer2.2.add,add,1x512x28x28,1x512x28x28,401408,element,0.158995,0.158426,0.162704,0.0,0.0,0.0,0,0.158995
layer2.2.relu3,relu,1x512x28x28,1x512x28x28,401408,element,0.076646,0.075643,0.081402,0.0,0.0,0.0,0,0.076646
layer2.3.conv1,conv1x1,1x512x28x28,1x128x28x28,51380224,MAC,0.817416,0.811744,0.819076,0.79764,0.0,0.0,0,0.019776000000000016
layer2.3.bn1,batchnorm,1x128x28x28,1x128x28x28,100352,element,0.046181,0.044737,0.047386,0.0,0.0,0.0,0,0.046181
layer2.3.relu1,relu,1x128x28x28,1x128x28x28,100352,element,0.017038,0.016718,0.017594,0.0,0.0,0.0,0,0.017038
layer2.3.conv2,conv3x3,1x128x28x28,1x128x28x28,115605504,MAC,1.913298,1.908975,1.917744,1.70508,0.072998,0.0429687,0,0.09225130000000001
layer2.3.bn2,batchnorm,1x128x28x28,1x128x28x28,100352,element,0.042211,0.040731,0.044724,0.0,0.0,0.0,0,0.042211
layer2.3.relu2,relu,1x128x28x28,1x128x28x28,100352,element,0.017431,0.016732,0.017714,0.0,0.0,0.0,0,0.017431
layer2.3.conv3,conv1x1,1x128x28x28,1x512x28x28,51380224,MAC,0.846585,0.840689,0.848194,0.8295800000000001,0.0,0.0,0,0.017004999999999937
layer2.3.bn3,batchnorm,1x512x28x28,1x512x28x28,401408,element,0.170396,0.169315,0.17395,0.0,0.0,0.0,0,0.170396
layer2.3.add,add,1x512x28x28,1x512x28x28,401408,element,0.159403,0.158141,0.162655,0.0,0.0,0.0,0,0.159403
layer2.3.relu3,relu,1x512x28x28,1x512x28x28,401408,element,0.075468,0.074345,0.078936,0.0,0.0,0.0,0,0.075468
layer3.0.conv1,conv1x1,1x512x28x28,1x256x28x28,102760448,MAC,1.748121,1.721202,1.755004,1.73,0.0,0.0,0,0.018121000000000054
layer3.0.bn1,batchnorm,1x256x28x28,1x256x28x28,200704,element,0.084791,0.083733,0.088319,0.0,0.0,0.0,0,0.084791
layer3.0.relu1,relu,1x256x28x28,1x256x28x28,200704,element,0.029804,0.029344,0.030257,0.0,0.0,0.0,0,0.029804
layer3.0.conv2,conv3x3,1x256x28x28,1x256x14x14,115605504,MAC,2.207053,2.200529,2.222185,1.73804,0.283936,0.078125,0,0.1069520000000001
layer3.0.bn2,batchnorm,1x256x14x14,1x256x14x14,50176,element,0.034149,0.03282,0.034786,0.0,0.0,0.0,0,0.034149
layer3.0.relu2,relu,1x256x14x14,1x256x14x14,50176,element,0.011464,0.01097,0.011968,0.0,0.0,0.0,0,0.011464
layer3.0.conv3,conv1x1,1x256x14x14,1x1024x14x14,51380224,MAC,0.970442,0.967645,0.977631,0.95104,0.0,0.0,0,0.01940200000000003
layer3.0.bn3,batchnorm,1x1024x14x14,1x1024x14x14,200704,element,0.091718,0.090779,0.093147,0.0,0.0,0.0,0,0.091718
layer3.0.downsample.0,conv1x1,1x512x28x28,1x1024x14x14,102760448,MAC,2.220895,2.21681,2.227377,1.64722,0.2229,0.2409668,0,0.10980820000000016
layer3.0.downsample.1,batchnorm,1x1024x14x14,1x1024x14x14,200704,element,0.088486,0.087232,0.089938,0.0,0.0,0.0,0,0.088486
layer3.0.add,add,1x1024x14x14,1x1024x14x14,200704,element,0.062837,0.06152,0.066444,0.0,0.0,0.0,0,0.062837
layer3.0.relu3,relu,1x1024x14x14,1x1024x14x14,200704,element,0.030736,0.029855,0.031386,0.0,0.0,0.0,0,0.030736
layer3.1.conv1,conv1x1,1x1024x14x14,1x256x14x14,51380224,MAC,1.021301,1.013776,1.026821,1.0,0.0,0.0,0,0.021301000000000014
layer3.1.bn1,batchnorm,1x256x14x14,1x256x14x14,50176,element,0.033767,0.03295,0.034386,0.0,0.0,0.0,0,0.033767
layer3.1.relu1,relu,1x256x14x14,1x256x14x14,50176,element,0.011105,0.010551,0.011504,0.0,0.0,0.0,0,0.011105
layer3.1.conv2,conv3x3,1x256x14x14,1x256x14x14,115605504,MAC,2.03534,2.031459,2.039072,1.62793,0.283936,0.0251465,0,0.09832750000000003
layer3.1.bn2,batchnorm,1x256x14x14,1x256x14x14,50176,element,0.033205,0.03224,0.036761,0.0,0.0,0.0,0,0.033205
layer3.1.relu2,relu,1x256x14x14,1x256x14x14,50176,element,0.011339,0.01085,0.011897,0.0,0.0,0.0,0,0.011339
layer3.1.conv3,conv1x1,1x256x14x14,1x1024x14x14,51380224,MAC,0.969246,0.966481,0.97171,0.9558200000000001,0.0,0.0,0,0.013425999999999938
layer3.1.bn3,batchnorm,1x1024x14x14,1x1024x14x14,200704,element,0.09059,0.089463,0.091515,0.0,0.0,0.0,0,0.09059
layer3.1.add,add,1x1024x14x14,1x1024x14x14,200704,element,0.06225,0.061453,0.062977,0.0,0.0,0.0,0,0.06225
layer3.1.relu3,relu,1x1024x14x14,1x1024x14x14,200704,element,0.029845,0.029341,0.030972,0.0,0.0,0.0,0,0.029845
layer3.2.conv1,conv1x1,1x1024x14x14,1x256x14x14,51380224,MAC,1.011182,1.003351,1.024743,0.99211,0.0,0.0,0,0.019071999999999978
layer3.2.bn1,batchnorm,1x256x14x14,1x256x14x14,50176,element,0.033622,0.032776,0.03438,0.0,0.0,0.0,0,0.033622
layer3.2.relu1,relu,1x256x14x14,1x256x14x14,50176,element,0.010609,0.010175,0.011051,0.0,0.0,0.0,0,0.010609
layer3.2.conv2,conv3x3,1x256x14x14,1x256x14x14,115605504,MAC,2.035282,2.030887,2.045238,1.63013,0.281006,0.0251465,0,0.09899949999999998
layer3.2.bn2,batchnorm,1x256x14x14,1x256x14x14,50176,element,0.033627,0.032442,0.034731,0.0,0.0,0.0,0,0.033627
layer3.2.relu2,relu,1x256x14x14,1x256x14x14,50176,element,0.011556,0.011026,0.011946,0.0,0.0,0.0,0,0.011556
layer3.2.conv3,conv1x1,1x256x14x14,1x1024x14x14,51380224,MAC,0.969723,0.966339,0.972909,0.9518099999999999,0.0,0.0,0,0.017913000000000068
layer3.2.bn3,batchnorm,1x1024x14x14,1x1024x14x14,200704,element,0.090711,0.089909,0.092641,0.0,0.0,0.0,0,0.090711
layer3.2.add,add,1x1024x14x14,1x1024x14x14,200704,element,0.06436,0.063963,0.064943,0.0,0.0,0.0,0,0.06436
layer3.2.relu3,relu,1x1024x14x14,1x1024x14x14,200704,element,0.031921,0.031128,0.032262,0.0,0.0,0.0,0,0.031921
layer3.3.conv1,conv1x1,1x1024x14x14,1x256x14x14,51380224,MAC,1.013907,1.004655,1.021719,0.99579,0.0,0.0,0,0.01811699999999994
layer3.3.bn1,batchnorm,1x256x14x14,1x256x14x14,50176,element,0.033191,0.032053,0.034176,0.0,0.0,0.0,0,0.033191
layer3.3.relu1,relu,1x256x14x14,1x256x14x14,50176,element,0.010653,0.01018,0.010932,0.0,0.0,0.0,0,0.010653
layer3.3.conv2,conv3x3,1x256x14x14,1x256x14x14,115605504,MAC,2.034507,2.027475,2.037871,1.62793,0.283936,0.0258789,0,0.09676209999999995
layer3.3.bn2,batchnorm,1x256x14x14,1x256x14x14,50176,element,0.033226,0.032378,0.035694,0.0,0.0,0.0,0,0.033226
layer3.3.relu2,relu,1x256x14x14,1x256x14x14,50176,element,0.011561,0.010763,0.011948,0.0,0.0,0.0,0,0.011561
layer3.3.conv3,conv1x1,1x256x14x14,1x1024x14x14,51380224,MAC,0.969153,0.966574,0.972724,0.9509,0.0,0.0,0,0.018253000000000075
layer3.3.bn3,batchnorm,1x1024x14x14,1x1024x14x14,200704,element,0.088085,0.086906,0.091883,0.0,0.0,0.0,0,0.088085
layer3.3.add,add,1x1024x14x14,1x1024x14x14,200704,element,0.061851,0.061532,0.062534,0.0,0.0,0.0,0,0.061851
layer3.3.relu3,relu,1x1024x14x14,1x1024x14x14,200704,element,0.03005,0.0296,0.030945,0.0,0.0,0.0,0,0.03005
layer3.4.conv1,conv1x1,1x1024x14x14,1x256x14x14,51380224,MAC,1.01417,1.004196,1.023863,0.9988300000000001,0.0,0.0,0,0.01533999999999991
layer3.4.bn1,batchnorm,1x256x14x14,1x256x14x14,50176,element,0.032932,0.032319,0.033699,0.0,0.0,0.0,0,0.032932
layer3.4.relu1,relu,1x256x14x14,1x256x14x14,50176,element,0.011008,0.010621,0.011572,0.0,0.0,0.0,0,0.011008
layer3.4.conv2,conv3x3,1x256x14x14,1x256x14x14,115605504,MAC,2.04078,2.034014,2.050581,1.63892,0.283936,0.0251465,0,0.09277749999999986
layer3.4.bn2,batchnorm,1x256x14x14,1x256x14x14,50176,element,0.033842,0.032827,0.034644,0.0,0.0,0.0,0,0.033842
layer3.4.relu2,relu,1x256x14x14,1x256x14x14,50176,element,0.011699,0.011127,0.012093,0.0,0.0,0.0,0,0.011699
layer3.4.conv3,conv1x1,1x256x14x14,1x1024x14x14,51380224,MAC,0.969737,0.96736,0.974557,0.95214,0.0,0.0,0,0.017596999999999974
layer3.4.bn3,batchnorm,1x1024x14x14,1x1024x14x14,200704,element,0.091489,0.090063,0.092248,0.0,0.0,0.0,0,0.091489
layer3.4.add,add,1x1024x14x14,1x1024x14x14,200704,element,0.061205,0.060635,0.061699,0.0,0.0,0.0,0,0.061205
layer3.4.relu3,relu,1x1024x14x14,1x1024x14x14,200704,element,0.030344,0.029726,0.030754,0.0,0.0,0.0,0,0.030344
layer3.5.conv1,conv1x1,1x1024x14x14,1x256x14x14,51380224,MAC,1.013738,1.003909,1.023341,0.9877100000000001,0.0,0.0,0,0.02602799999999994
layer3.5.bn1,batchnorm,1x256x14x14,1x256x14x14,50176,element,0.033405,0.03221,0.036711,0.0,0.0,0.0,0,0.033405
layer3.5.relu1,relu,1x256x14x14,1x256x14x14,50176,element,0.010832,0.010427,0.011322,0.0,0.0,0.0,0,0.010832
layer3.5.conv2,conv3x3,1x256x14x14,1x256x14x14,115605504,MAC,2.032455,2.026293,2.041374,1.62695,0.285156,0.024902399999999998,0,0.09544660000000021
layer3.5.bn2,batchnorm,1x256x14x14,1x256x14x14,50176,element,0.033459,0.032585,0.034483,0.0,0.0,0.0,0,0.033459
layer3.5.relu2,relu,1x256x14x14,1x256x14x14,50176,element,0.011401,0.010889,0.012201,0.0,0.0,0.0,0,0.011401
layer3.5.conv3,conv1x1,1x256x14x14,1x1024x14x14,51380224,MAC,0.968636,0.964152,0.975629,0.95215,0.0,0.0,0,0.016486
layer3.5.bn3,batchnorm,1x1024x14x14,1x1024x14x14,200704,element,0.090726,0.089716,0.093988,0.0,0.0,0.0,0,0.090726
layer3.5.add,add,1x1024x14x14,1x1024x14x14,200704,element,0.062072,0.061229,0.062665,0.0,0.0,0.0,0,0.062072
layer3.5.relu3,relu,1x1024x14x14,1x1024x14x14,200704,element,0.029568,0.029224,0.030098,0.0,0.0,0.0,0,0.029568
layer4.0.conv1,conv1x1,1x1024x14x14,1x512x14x14,102760448,MAC,1.972622,1.966254,1.983369,1.95,0.0,0.0,0,0.022622000000000142
layer4.0.bn1,batchnorm,1x512x14x14,1x512x14x14,100352,element,0.050501,0.049592,0.05122,0.0,0.0,0.0,0,0.050501
layer4.0.relu1,relu,1x512x14x14,1x512x14x14,100352,element,0.017035,0.016717,0.017614,0.0,0.0,0.0,0,0.017035
layer4.0.conv2,conv3x3,1x512x14x14,1x512x7x7,115605504,MAC,3.425766,3.411919,3.467485,2.20312,1.08813,0.034912200000000004,0,0.09960379999999963
layer4.0.bn2,batchnorm,1x512x7x7,1x512x7x7,25088,element,0.029758,0.029146,0.030821,0.0,0.0,0.0,0,0.029758
layer4.0.relu2,relu,1x512x7x7,1x512x7x7,25088,element,0.008635,0.008007,0.009116,0.0,0.0,0.0,0,0.008635
layer4.0.conv3,conv1x1,1x512x7x7,1x2048x7x7,51380224,MAC,1.271947,1.260263,1.28789,1.25,0.0,0.0,0,0.02194699999999994
layer4.0.bn3,batchnorm,1x2048x7x7,1x2048x7x7,100352,element,0.0617,0.060434,0.062547,0.0,0.0,0.0,0,0.0617
layer4.0.downsample.0,conv1x1,1x1024x14x14,1x2048x7x7,102760448,MAC,2.907552,2.900886,2.920687,1.7771,0.905029,0.11889649999999999,0,0.10652650000000005
layer4.0.downsample.1,batchnorm,1x2048x7x7,1x2048x7x7,100352,element,0.058607,0.057912,0.059308,0.0,0.0,0.0,0,0.058607
layer4.0.add,add,1x2048x7x7,1x2048x7x7,100352,element,0.03148,0.030869,0.031873,0.0,0.0,0.0,0,0.03148
layer4.0.relu3,relu,1x2048x7x7,1x2048x7x7,100352,element,0.017525,0.017128,0.018021,0.0,0.0,0.0,0,0.017525
layer4.1.conv1,conv1x1,1x2048x7x7,1x512x7x7,51380224,MAC,1.228019,1.22175,1.233978,1.21,0.0,0.0,0,0.018019000000000007
layer4.1.bn1,batchnorm,1x512x7x7,1x512x7x7,25088,element,0.029106,0.028561,0.030268,0.0,0.0,0.0,0,0.029106
layer4.1.relu1,relu,1x512x7x7,1x512x7x7,25088,element,0.008264,0.007652,0.008838,0.0,0.0,0.0,0,0.008264
layer4.1.conv2,conv3x3,1x512x7x7,1x512x7x7,115605504,MAC,3.163282,3.154697,3.178918,1.96191,1.08691,0.019042999999999997,0,0.09541900000000006
layer4.1.bn2,batchnorm,1x512x7x7,1x512x7x7,25088,element,0.030223,0.029395,0.031017,0.0,0.0,0.0,0,0.030223
layer4.1.relu2,relu,1x512x7x7,1x512x7x7,25088,element,0.008763,0.008124,0.009118,0.0,0.0,0.0,0,0.008763
layer4.1.conv3,conv1x1,1x512x7x7,1x2048x7x7,51380224,MAC,1.267889,1.250202,1.280553,1.25,0.0,0.0,0,0.017889000000000044
layer4.1.bn3,batchnorm,1x2048x7x7,1x2048x7x7,100352,element,0.060261,0.059494,0.061004,0.0,0.0,0.0,0,0.060261
layer4.1.add,add,1x2048x7x7,1x2048x7x7,100352,element,0.030873,0.030171,0.031385,0.0,0.0,0.0,0,0.030873
layer4.1.relu3,relu,1x2048x7x7,1x2048x7x7,100352,element,0.016982,0.016464,0.017484,0.0,0.0,0.0,0,0.016982
layer4.2.conv1,conv1x1,1x2048x7x7,1x512x7x7,51380224,MAC,1.231358,1.223969,1.237654,1.22,0.0,0.0,0,0.01135799999999998
layer4.2.bn1,batchnorm,1x512x7x7,1x512x7x7,25088,element,0.029236,0.028425,0.030227,0.0,0.0,0.0,0,0.029236
layer4.2.relu1,relu,1x512x7x7,1x512x7x7,25088,element,0.007884,0.007479,0.008441,0.0,0.0,0.0,0,0.007884
layer4.2.conv2,conv3x3,1x512x7x7,1x512x7x7,115605504,MAC,3.162806,3.15506,3.174034,1.95898,1.09009,0.0178223,0,0.09591369999999984
layer4.2.bn2,batchnorm,1x512x7x7,1x512x7x7,25088,element,0.029714,0.029236,0.033852,0.0,0.0,0.0,0,0.029714
layer4.2.relu2,relu,1x512x7x7,1x512x7x7,25088,element,0.008466,0.007983,0.008877,0.0,0.0,0.0,0,0.008466
layer4.2.conv3,conv1x1,1x512x7x7,1x2048x7x7,51380224,MAC,1.264592,1.254193,1.27768,1.25,0.0,0.0,0,0.014591999999999938
layer4.2.bn3,batchnorm,1x2048x7x7,1x2048x7x7,100352,element,0.06102,0.060159,0.064717,0.0,0.0,0.0,0,0.06102
layer4.2.add,add,1x2048x7x7,1x2048x7x7,100352,element,0.03118,0.030687,0.031688,0.0,0.0,0.0,0,0.03118
layer4.2.relu3,relu,1x2048x7x7,1x2048x7x7,100352,element,0.016557,0.016214,0.017166,0.0,0.0,0.0,0,0.016557
avgpool,avgpool,1x2048x7x7,1x2048x1x1,100352,element,0.084269,0.080188,0.088882,0.0,0.0,0.0,0,0.084269
fc,fc,1x2048,1x1000,2048000,MAC,0.50841,0.502926,0.510615,0.47226,0.0,0.0,0,0.036150000000000015
