CPU1,12578258078,,cycles,6003026933,100.00,,
CPU2,12578474373,,cycles,6003004373,100.00,,
CPU3,12578185102,,cycles,6002977810,100.00,,
CPU4,12577089408,,cycles,6002949057,100.00,,
CPU5,12578289620,,cycles,6002920397,100.00,,
CPU6,12577089551,,cycles,6002889594,100.00,,
CPU7,12576088792,,cycles,6002859583,100.00,,
CPU8,12578058238,,cycles,6002833783,100.00,,
CPU9,12577997470,,cycles,6002803756,100.00,,
CPU10,12577812693,,cycles,6002776166,100.00,,
CPU11,12577838407,,cycles,6002747046,100.00,,
CPU12,12577474889,,cycles,6002718969,100.00,,
CPU13,12577811933,,cycles,6002689714,100.00,,
CPU14,12559418498,,cycles,6002657727,100.00,,
CPU15,12577497761,,cycles,6002623033,100.00,,
CPU16,12565108971,,cycles,6002596803,100.00,,
CPU1,34969827809,,instructions,6003024082,100.00,2.78,insn per cycle
CPU2,33468516516,,instructions,6003000119,100.00,2.66,insn per cycle
CPU3,34963471379,,instructions,6002974976,100.00,2.78,insn per cycle
CPU4,33445641313,,instructions,6002945645,100.00,2.66,insn per cycle
CPU5,35037227984,,instructions,6002917429,100.00,2.79,insn per cycle
CPU6,33527959539,,instructions,6002885846,100.00,2.67,insn per cycle
CPU7,34889543111,,instructions,6002856972,100.00,2.77,insn per cycle
CPU8,33373611354,,instructions,6002830030,100.00,2.65,insn per cycle
CPU9,35034743511,,instructions,6002801348,100.00,2.79,insn per cycle
CPU10,33527305505,,instructions,6002772745,100.00,2.67,insn per cycle
CPU11,34894034963,,instructions,6002744404,100.00,2.77,insn per cycle
CPU12,33408760034,,instructions,6002715734,100.00,2.66,insn per cycle
CPU13,34941364893,,instructions,6002687475,100.00,2.78,insn per cycle
CPU14,33420572899,,instructions,6002653808,100.00,2.66,insn per cycle
CPU15,35061439956,,instructions,6002620825,100.00,2.79,insn per cycle
CPU16,33552497728,,instructions,6002593345,100.00,2.67,insn per cycle
CPU1,12606300504,,ref-cycles,6003023677,100.00,,
CPU2,12606253800,,ref-cycles,6002999214,100.00,,
CPU3,12606194832,,ref-cycles,6002973342,100.00,,
CPU4,12606139728,,ref-cycles,6002944051,100.00,,
CPU5,12606075384,,ref-cycles,6002915588,100.00,,
CPU6,12606012636,,ref-cycles,6002883803,100.00,,
CPU7,12605948880,,ref-cycles,6002855412,100.00,,
CPU8,12605895708,,ref-cycles,6002828149,100.00,,
CPU9,12605832372,,ref-cycles,6002799814,100.00,,
CPU10,12605775000,,ref-cycles,6002770896,100.00,,
CPU11,12605712084,,ref-cycles,6002742408,100.00,,
CPU12,12605656896,,ref-cycles,6002714672,100.00,,
CPU13,12605592300,,ref-cycles,6002685948,100.00,,
CPU14,12605524260,,ref-cycles,6002651575,100.00,,
CPU15,12605452944,,ref-cycles,6002618921,100.00,,
CPU16,12605396076,,ref-cycles,6002591510,100.00,,
CPU1,153189536,,longest_lat_cache.miss [cpu],6003022194,100.00,,
CPU2,145800590,,longest_lat_cache.miss [cpu],6002998043,100.00,,
CPU3,151884743,,longest_lat_cache.miss [cpu],6002971856,100.00,,
CPU4,146160174,,longest_lat_cache.miss [cpu],6002942629,100.00,,
CPU5,153679216,,longest_lat_cache.miss [cpu],6002913925,100.00,,
CPU6,146005881,,longest_lat_cache.miss [cpu],6002882183,100.00,,
CPU7,155415977,,longest_lat_cache.miss [cpu],6002853969,100.00,,
CPU8,149892101,,longest_lat_cache.miss [cpu],6002826836,100.00,,
CPU9,159930972,,longest_lat_cache.miss [cpu],6002798498,100.00,,
CPU10,153153030,,longest_lat_cache.miss [cpu],6002769257,100.00,,
CPU11,158018870,,longest_lat_cache.miss [cpu],6002740867,100.00,,
CPU12,153627748,,longest_lat_cache.miss [cpu],6002713001,100.00,,
CPU13,151965346,,longest_lat_cache.miss [cpu],6002684396,100.00,,
CPU14,145873887,,longest_lat_cache.miss [cpu],6002650183,100.00,,
CPU15,153400522,,longest_lat_cache.miss [cpu],6002617248,100.00,,
CPU16,145409443,,longest_lat_cache.miss [cpu],6002589952,100.00,,
CPU1,307015368,,l2_lines_in.all [cpu],6003020667,100.00,,
CPU2,252586853,,l2_lines_in.all [cpu],6002996361,100.00,,
CPU3,306614152,,l2_lines_in.all [cpu],6002969462,100.00,,
CPU4,254818374,,l2_lines_in.all [cpu],6002940753,100.00,,
CPU5,306823955,,l2_lines_in.all [cpu],6002911965,100.00,,
CPU6,261783542,,l2_lines_in.all [cpu],6002880447,100.00,,
CPU7,308949856,,l2_lines_in.all [cpu],6002851935,100.00,,
CPU8,253742134,,l2_lines_in.all [cpu],6002824951,100.00,,
CPU9,306769128,,l2_lines_in.all [cpu],6002796573,100.00,,
CPU10,257280117,,l2_lines_in.all [cpu],6002767472,100.00,,
CPU11,308047522,,l2_lines_in.all [cpu],6002739138,100.00,,
CPU12,257058841,,l2_lines_in.all [cpu],6002711174,100.00,,
CPU13,308753116,,l2_lines_in.all [cpu],6002682751,100.00,,
CPU14,253023534,,l2_lines_in.all [cpu],6002648295,100.00,,
CPU15,308724342,,l2_lines_in.all [cpu],6002615591,100.00,,
CPU16,259128043,,l2_lines_in.all [cpu],6002587989,100.00,,
CPU1,38868019628,,fp_arith_inst_retired.512b_packed_single [cpu],6003018590,100.00,,
CPU2,38710721284,,fp_arith_inst_retired.512b_packed_single [cpu],6002994093,100.00,,
CPU3,38844644447,,fp_arith_inst_retired.512b_packed_single [cpu],6002966975,100.00,,
CPU4,38686809907,,fp_arith_inst_retired.512b_packed_single [cpu],6002938234,100.00,,
CPU5,38944937544,,fp_arith_inst_retired.512b_packed_single [cpu],6002909455,100.00,,
CPU6,38786018977,,fp_arith_inst_retired.512b_packed_single [cpu],6002878024,100.00,,
CPU7,38756132060,,fp_arith_inst_retired.512b_packed_single [cpu],6002849308,100.00,,
CPU8,38598690693,,fp_arith_inst_retired.512b_packed_single [cpu],6002822718,100.00,,
CPU9,38938946403,,fp_arith_inst_retired.512b_packed_single [cpu],6002794090,100.00,,
CPU10,38780877549,,fp_arith_inst_retired.512b_packed_single [cpu],6002765182,100.00,,
CPU11,38794446102,,fp_arith_inst_retired.512b_packed_single [cpu],6002736804,100.00,,
CPU12,38637501011,,fp_arith_inst_retired.512b_packed_single [cpu],6002708909,100.00,,
CPU13,38814971618,,fp_arith_inst_retired.512b_packed_single [cpu],6002680260,100.00,,
CPU14,38657524552,,fp_arith_inst_retired.512b_packed_single [cpu],6002645684,100.00,,
CPU15,38973256143,,fp_arith_inst_retired.512b_packed_single [cpu],6002613043,100.00,,
CPU16,38814399878,,fp_arith_inst_retired.512b_packed_single [cpu],6002585704,100.00,,
CPU1,0,,fp_arith_inst_retired.256b_packed_single [cpu],6003016089,100.00,,
CPU2,0,,fp_arith_inst_retired.256b_packed_single [cpu],6002991317,100.00,,
CPU3,0,,fp_arith_inst_retired.256b_packed_single [cpu],6002963786,100.00,,
CPU4,0,,fp_arith_inst_retired.256b_packed_single [cpu],6002935365,100.00,,
CPU5,0,,fp_arith_inst_retired.256b_packed_single [cpu],6002906119,100.00,,
CPU6,0,,fp_arith_inst_retired.256b_packed_single [cpu],6002875081,100.00,,
CPU7,0,,fp_arith_inst_retired.256b_packed_single [cpu],6002846509,100.00,,
CPU8,0,,fp_arith_inst_retired.256b_packed_single [cpu],6002819954,100.00,,
CPU9,0,,fp_arith_inst_retired.256b_packed_single [cpu],6002790947,100.00,,
CPU10,0,,fp_arith_inst_retired.256b_packed_single [cpu],6002762277,100.00,,
CPU11,0,,fp_arith_inst_retired.256b_packed_single [cpu],6002733740,100.00,,
CPU12,0,,fp_arith_inst_retired.256b_packed_single [cpu],6002705862,100.00,,
CPU13,0,,fp_arith_inst_retired.256b_packed_single [cpu],6002677150,100.00,,
CPU14,0,,fp_arith_inst_retired.256b_packed_single [cpu],6002642640,100.00,,
CPU15,0,,fp_arith_inst_retired.256b_packed_single [cpu],6002609897,100.00,,
CPU16,0,,fp_arith_inst_retired.256b_packed_single [cpu],6002582420,100.00,,
CPU1,766496656,,memory_activity.stalls_l3_miss [cpu],6003012587,100.00,,
CPU2,527745295,,memory_activity.stalls_l3_miss [cpu],6002987748,100.00,,
CPU3,739490840,,memory_activity.stalls_l3_miss [cpu],6002960027,100.00,,
CPU4,526493365,,memory_activity.stalls_l3_miss [cpu],6002931763,100.00,,
CPU5,742106308,,memory_activity.stalls_l3_miss [cpu],6002902413,100.00,,
CPU6,516917987,,memory_activity.stalls_l3_miss [cpu],6002871459,100.00,,
CPU7,741317761,,memory_activity.stalls_l3_miss [cpu],6002842806,100.00,,
CPU8,538223136,,memory_activity.stalls_l3_miss [cpu],6002816737,100.00,,
CPU9,737935648,,memory_activity.stalls_l3_miss [cpu],6002787537,100.00,,
CPU10,522702704,,memory_activity.stalls_l3_miss [cpu],6002758745,100.00,,
CPU11,783361860,,memory_activity.stalls_l3_miss [cpu],6002729971,100.00,,
CPU12,517965342,,memory_activity.stalls_l3_miss [cpu],6002702577,100.00,,
CPU13,744741118,,memory_activity.stalls_l3_miss [cpu],6002673720,100.00,,
CPU14,514628126,,memory_activity.stalls_l3_miss [cpu],6002639230,100.00,,
CPU15,733424316,,memory_activity.stalls_l3_miss [cpu],6002606496,100.00,,
CPU16,523507925,,memory_activity.stalls_l3_miss [cpu],6002576057,100.00,,
