CPU1,12520898189,,cycles,6003005994,100.00,,
CPU2,12514519541,,cycles,6002986648,100.00,,
CPU3,12511903777,,cycles,6002962139,100.00,,
CPU4,12512781489,,cycles,6002936545,100.00,,
CPU5,12504302180,,cycles,6002911573,100.00,,
CPU6,12512381490,,cycles,6002886744,100.00,,
CPU7,12498837031,,cycles,6002862311,100.00,,
CPU8,12520012307,,cycles,6002836205,100.00,,
CPU1,25424825426,,instructions,6003003956,100.00,2.03,insn per cycle
CPU2,20114035013,,instructions,6002984082,100.00,1.61,insn per cycle
CPU3,20161642222,,instructions,6002959499,100.00,1.61,insn per cycle
CPU4,20217275607,,instructions,6002934055,100.00,1.62,insn per cycle
CPU5,20213979442,,instructions,6002908883,100.00,1.62,insn per cycle
CPU6,20224130780,,instructions,6002884000,100.00,1.62,insn per cycle
CPU7,20421559265,,instructions,6002859585,100.00,1.63,insn per cycle
CPU8,20410485969,,instructions,6002833234,100.00,1.63,insn per cycle
CPU1,12606256572,,ref-cycles,6003002587,100.00,,
CPU2,12606217848,,ref-cycles,6002982696,100.00,,
CPU3,12606167364,,ref-cycles,6002958444,100.00,,
CPU4,12606111756,,ref-cycles,6002932634,100.00,,
CPU5,12606062112,,ref-cycles,6002907667,100.00,,
CPU6,12606007932,,ref-cycles,6002882504,100.00,,
CPU7,12605955432,,ref-cycles,6002857864,100.00,,
CPU8,12605902344,,ref-cycles,6002832110,100.00,,
CPU1,62193057,,longest_lat_cache.miss [cpu],6003001611,100.00,,
CPU2,62476121,,longest_lat_cache.miss [cpu],6002981511,100.00,,
CPU3,65945003,,longest_lat_cache.miss [cpu],6002957049,100.00,,
CPU4,66485530,,longest_lat_cache.miss [cpu],6002931149,100.00,,
CPU5,65104980,,longest_lat_cache.miss [cpu],6002906173,100.00,,
CPU6,63566489,,longest_lat_cache.miss [cpu],6002881303,100.00,,
CPU7,69872216,,longest_lat_cache.miss [cpu],6002856344,100.00,,
CPU8,67803986,,longest_lat_cache.miss [cpu],6002830806,100.00,,
CPU1,357653864,,l2_lines_in.all [cpu],6003000047,100.00,,
CPU2,295452932,,l2_lines_in.all [cpu],6002979972,100.00,,
CPU3,296009111,,l2_lines_in.all [cpu],6002955407,100.00,,
CPU4,297799810,,l2_lines_in.all [cpu],6002929627,100.00,,
CPU5,299699520,,l2_lines_in.all [cpu],6002904327,100.00,,
CPU6,296264165,,l2_lines_in.all [cpu],6002880053,100.00,,
CPU7,301754127,,l2_lines_in.all [cpu],6002854566,100.00,,
CPU8,294352736,,l2_lines_in.all [cpu],6002829081,100.00,,
CPU1,20696321576,,fp_arith_inst_retired.512b_packed_single [cpu],6002997938,100.00,,
CPU2,20696753826,,fp_arith_inst_retired.512b_packed_single [cpu],6002977491,100.00,,
CPU3,20697024912,,fp_arith_inst_retired.512b_packed_single [cpu],6002952882,100.00,,
CPU4,20697276010,,fp_arith_inst_retired.512b_packed_single [cpu],6002927371,100.00,,
CPU5,20697549904,,fp_arith_inst_retired.512b_packed_single [cpu],6002902075,100.00,,
CPU6,20697806014,,fp_arith_inst_retired.512b_packed_single [cpu],6002877773,100.00,,
CPU7,20698090164,,fp_arith_inst_retired.512b_packed_single [cpu],6002852361,100.00,,
CPU8,20696273780,,fp_arith_inst_retired.512b_packed_single [cpu],6002826904,100.00,,
CPU1,228244352,,fp_arith_inst_retired.256b_packed_single [cpu],6002995621,100.00,,
CPU2,228158336,,fp_arith_inst_retired.256b_packed_single [cpu],6002974608,100.00,,
CPU3,228158336,,fp_arith_inst_retired.256b_packed_single [cpu],6002949666,100.00,,
CPU4,228158336,,fp_arith_inst_retired.256b_packed_single [cpu],6002924446,100.00,,
CPU5,226841216,,fp_arith_inst_retired.256b_packed_single [cpu],6002899100,100.00,,
CPU6,226841216,,fp_arith_inst_retired.256b_packed_single [cpu],6002874851,100.00,,
CPU7,226841216,,fp_arith_inst_retired.256b_packed_single [cpu],6002849100,100.00,,
CPU8,223529600,,fp_arith_inst_retired.256b_packed_single [cpu],6002823934,100.00,,
CPU1,541032048,,memory_activity.stalls_l3_miss [cpu],6002992604,100.00,,
CPU2,144641709,,memory_activity.stalls_l3_miss [cpu],6002971196,100.00,,
CPU3,153848796,,memory_activity.stalls_l3_miss [cpu],6002946338,100.00,,
CPU4,151036955,,memory_activity.stalls_l3_miss [cpu],6002920432,100.00,,
CPU5,160716957,,memory_activity.stalls_l3_miss [cpu],6002895635,100.00,,
CPU6,147974570,,memory_activity.stalls_l3_miss [cpu],6002871404,100.00,,
CPU7,170114062,,memory_activity.stalls_l3_miss [cpu],6002845306,100.00,,
CPU8,157523877,,memory_activity.stalls_l3_miss [cpu],6002820538,100.00,,
