CPU0,12411000507,,cycles,6006511669,100.00,,
CPU1,12472025230,,cycles,6004291690,100.00,,
CPU2,12462314550,,cycles,6004266030,100.00,,
CPU3,12404378266,,cycles,6004238840,100.00,,
CPU4,12394712383,,cycles,6004216584,100.00,,
CPU5,12440922513,,cycles,6004192796,100.00,,
CPU6,12403166309,,cycles,6004169627,100.00,,
CPU7,12565517068,,cycles,6004139977,100.00,,
CPU8,12570081542,,cycles,6006564441,100.00,,
CPU9,12568175972,,cycles,6006541830,100.00,,
CPU10,12569891659,,cycles,6006517128,100.00,,
CPU11,12570449445,,cycles,6006491557,100.00,,
CPU12,12558840783,,cycles,6006468242,100.00,,
CPU13,12565518558,,cycles,6006435337,100.00,,
CPU14,12569889607,,cycles,6006403795,100.00,,
CPU15,12564169977,,cycles,6006374634,100.00,,
CPU16,12569987523,,cycles,6006350190,100.00,,
CPU17,12564845378,,cycles,6006318122,100.00,,
CPU18,12568632707,,cycles,6006291224,100.00,,
CPU19,12568359257,,cycles,6006264801,100.00,,
CPU20,12564913542,,cycles,6006236181,100.00,,
CPU21,12562821674,,cycles,6006210180,100.00,,
CPU22,12563702528,,cycles,6006188467,100.00,,
CPU23,12547928017,,cycles,6006169659,100.00,,
CPU24,12564704933,,cycles,6006151981,100.00,,
CPU25,12564204205,,cycles,6006130105,100.00,,
CPU26,12558388421,,cycles,6006108823,100.00,,
CPU27,12560595212,,cycles,6006086728,100.00,,
CPU0,21765687626,,instructions,6006484982,100.00,1.75,insn per cycle
CPU1,16311101668,,instructions,6004289602,100.00,1.31,insn per cycle
CPU2,16300545245,,instructions,6004263165,100.00,1.31,insn per cycle
CPU3,16356076312,,instructions,6004237053,100.00,1.32,insn per cycle
CPU4,16469257375,,instructions,6004214193,100.00,1.33,insn per cycle
CPU5,16543131886,,instructions,6004191060,100.00,1.33,insn per cycle
CPU6,15403005415,,instructions,6004166566,100.00,1.24,insn per cycle
CPU7,22113600005,,instructions,6004137243,100.00,1.76,insn per cycle
CPU8,16537569284,,instructions,6006562205,100.00,1.32,insn per cycle
CPU9,16476392508,,instructions,6006539400,100.00,1.31,insn per cycle
CPU10,16659145078,,instructions,6006515004,100.00,1.33,insn per cycle
CPU11,16781922342,,instructions,6006489876,100.00,1.34,insn per cycle
CPU12,16721339364,,instructions,6006464829,100.00,1.33,insn per cycle
CPU13,15686928605,,instructions,6006431564,100.00,1.25,insn per cycle
CPU14,22255353226,,instructions,6006401129,100.00,1.77,insn per cycle
CPU15,16617509227,,instructions,6006371465,100.00,1.32,insn per cycle
CPU16,16547305613,,instructions,6006347447,100.00,1.32,insn per cycle
CPU17,16735826674,,instructions,6006315116,100.00,1.33,insn per cycle
CPU18,16984064540,,instructions,6006289206,100.00,1.35,insn per cycle
CPU19,16795726596,,instructions,6006261309,100.00,1.34,insn per cycle
CPU20,15771910504,,instructions,6006233555,100.00,1.26,insn per cycle
CPU21,21597447816,,instructions,6006207205,100.00,1.72,insn per cycle
CPU22,16117131410,,instructions,6006186593,100.00,1.28,insn per cycle
CPU23,16090081926,,instructions,6006167696,100.00,1.28,insn per cycle
CPU24,16366350014,,instructions,6006150091,100.00,1.30,insn per cycle
CPU25,16372233307,,instructions,6006128386,100.00,1.30,insn per cycle
CPU26,16299321689,,instructions,6006106879,100.00,1.30,insn per cycle
CPU27,15883240315,,instructions,6006083883,100.00,1.26,insn per cycle
CPU0,12453806904,,ref-cycles,6006458394,100.00,,
CPU1,12516379428,,ref-cycles,6004288010,100.00,,
CPU2,12505387776,,ref-cycles,6004261178,100.00,,
CPU3,12448134888,,ref-cycles,6004236072,100.00,,
CPU4,12447461040,,ref-cycles,6004212855,100.00,,
CPU5,12486107592,,ref-cycles,6004189960,100.00,,
CPU6,12447618372,,ref-cycles,6004164739,100.00,,
CPU7,12608635956,,ref-cycles,6004135455,100.00,,
CPU8,12613732152,,ref-cycles,6006561568,100.00,,
CPU9,12613681164,,ref-cycles,6006538051,100.00,,
CPU10,12613632276,,ref-cycles,6006513529,100.00,,
CPU11,12613580700,,ref-cycles,6006489551,100.00,,
CPU12,12613526352,,ref-cycles,6006463217,100.00,,
CPU13,12613457892,,ref-cycles,6006430003,100.00,,
CPU14,12613391784,,ref-cycles,6006399478,100.00,,
CPU15,12613331724,,ref-cycles,6006370007,100.00,,
CPU16,12613278468,,ref-cycles,6006346000,100.00,,
CPU17,12613212360,,ref-cycles,6006313569,100.00,,
CPU18,12613156500,,ref-cycles,6006287709,100.00,,
CPU19,12613099968,,ref-cycles,6006259777,100.00,,
CPU20,12613037892,,ref-cycles,6006232253,100.00,,
CPU21,12612544224,,ref-cycles,6006205587,100.00,,
CPU22,12612592272,,ref-cycles,6006185466,100.00,,
CPU23,12612902064,,ref-cycles,6006167025,100.00,,
CPU24,12612438300,,ref-cycles,6006149305,100.00,,
CPU25,12612380592,,ref-cycles,6006127275,100.00,,
CPU26,12612360096,,ref-cycles,6006105670,100.00,,
CPU27,12612323640,,ref-cycles,6006082751,100.00,,
CPU0,96345663,,longest_lat_cache.miss [cpu],6006432165,100.00,,
CPU1,88017144,,longest_lat_cache.miss [cpu],6004286718,100.00,,
CPU2,86257327,,longest_lat_cache.miss [cpu],6004259528,100.00,,
CPU3,88080725,,longest_lat_cache.miss [cpu],6004234234,100.00,,
CPU4,90408101,,longest_lat_cache.miss [cpu],6004211441,100.00,,
CPU5,91233754,,longest_lat_cache.miss [cpu],6004188759,100.00,,
CPU6,96760925,,longest_lat_cache.miss [cpu],6004162587,100.00,,
CPU7,99005020,,longest_lat_cache.miss [cpu],6004133843,100.00,,
CPU8,87240056,,longest_lat_cache.miss [cpu],6006560590,100.00,,
CPU9,88737236,,longest_lat_cache.miss [cpu],6006536499,100.00,,
CPU10,87641988,,longest_lat_cache.miss [cpu],6006512386,100.00,,
CPU11,88132984,,longest_lat_cache.miss [cpu],6006488265,100.00,,
CPU12,91369751,,longest_lat_cache.miss [cpu],6006461640,100.00,,
CPU13,93868835,,longest_lat_cache.miss [cpu],6006428533,100.00,,
CPU14,102557061,,longest_lat_cache.miss [cpu],6006397841,100.00,,
CPU15,90463978,,longest_lat_cache.miss [cpu],6006368524,100.00,,
CPU16,93880446,,longest_lat_cache.miss [cpu],6006341274,100.00,,
CPU17,95801776,,longest_lat_cache.miss [cpu],6006312187,100.00,,
CPU18,97210624,,longest_lat_cache.miss [cpu],6006286328,100.00,,
CPU19,99358749,,longest_lat_cache.miss [cpu],6006257867,100.00,,
CPU20,100966766,,longest_lat_cache.miss [cpu],6006230857,100.00,,
CPU21,100365337,,longest_lat_cache.miss [cpu],6006204276,100.00,,
CPU22,87420988,,longest_lat_cache.miss [cpu],6006184350,100.00,,
CPU23,89114923,,longest_lat_cache.miss [cpu],6006166226,100.00,,
CPU24,89853042,,longest_lat_cache.miss [cpu],6006148121,100.00,,
CPU25,90919516,,longest_lat_cache.miss [cpu],6006126030,100.00,,
CPU26,92120519,,longest_lat_cache.miss [cpu],6006104269,100.00,,
CPU27,97470570,,longest_lat_cache.miss [cpu],6006081129,100.00,,
CPU0,417924978,,l2_lines_in.all [cpu],6006405463,100.00,,
CPU1,371133400,,l2_lines_in.all [cpu],6004285192,100.00,,
CPU2,361017297,,l2_lines_in.all [cpu],6004257568,100.00,,
CPU3,374336814,,l2_lines_in.all [cpu],6004232439,100.00,,
CPU4,360391704,,l2_lines_in.all [cpu],6004209768,100.00,,
CPU5,370351897,,l2_lines_in.all [cpu],6004186967,100.00,,
CPU6,341473284,,l2_lines_in.all [cpu],6004160224,100.00,,
CPU7,423732347,,l2_lines_in.all [cpu],6004131818,100.00,,
CPU8,379800874,,l2_lines_in.all [cpu],6006558925,100.00,,
CPU9,371038399,,l2_lines_in.all [cpu],6006535416,100.00,,
CPU10,385319627,,l2_lines_in.all [cpu],6006510815,100.00,,
CPU11,371967612,,l2_lines_in.all [cpu],6006487157,100.00,,
CPU12,380640447,,l2_lines_in.all [cpu],6006459443,100.00,,
CPU13,352702005,,l2_lines_in.all [cpu],6006426942,100.00,,
CPU14,414172296,,l2_lines_in.all [cpu],6006395853,100.00,,
CPU15,369964777,,l2_lines_in.all [cpu],6006366720,100.00,,
CPU16,361149091,,l2_lines_in.all [cpu],6006339356,100.00,,
CPU17,377223696,,l2_lines_in.all [cpu],6006310380,100.00,,
CPU18,364420840,,l2_lines_in.all [cpu],6006284487,100.00,,
CPU19,373910239,,l2_lines_in.all [cpu],6006255878,100.00,,
CPU20,344160330,,l2_lines_in.all [cpu],6006228953,100.00,,
CPU21,403223822,,l2_lines_in.all [cpu],6006202714,100.00,,
CPU22,354014530,,l2_lines_in.all [cpu],6006183173,100.00,,
CPU23,346653377,,l2_lines_in.all [cpu],6006165598,100.00,,
CPU24,365280288,,l2_lines_in.all [cpu],6006146165,100.00,,
CPU25,349953161,,l2_lines_in.all [cpu],6006124386,100.00,,
CPU26,355882700,,l2_lines_in.all [cpu],6006102277,100.00,,
CPU27,331162626,,l2_lines_in.all [cpu],6006079269,100.00,,
CPU0,17202596286,,fp_arith_inst_retired.512b_packed_single [cpu],6006378244,100.00,,
CPU1,16919063360,,fp_arith_inst_retired.512b_packed_single [cpu],6004282643,100.00,,
CPU2,16920026915,,fp_arith_inst_retired.512b_packed_single [cpu],6004254944,100.00,,
CPU3,17083926990,,fp_arith_inst_retired.512b_packed_single [cpu],6004230118,100.00,,
CPU4,17423517004,,fp_arith_inst_retired.512b_packed_single [cpu],6004207133,100.00,,
CPU5,17320030102,,fp_arith_inst_retired.512b_packed_single [cpu],6004184269,100.00,,
CPU6,17314000445,,fp_arith_inst_retired.512b_packed_single [cpu],6004157524,100.00,,
CPU7,17537745053,,fp_arith_inst_retired.512b_packed_single [cpu],6004129090,100.00,,
CPU8,17261304807,,fp_arith_inst_retired.512b_packed_single [cpu],6006556390,100.00,,
CPU9,17261939360,,fp_arith_inst_retired.512b_packed_single [cpu],6006533051,100.00,,
CPU10,17429160264,,fp_arith_inst_retired.512b_packed_single [cpu],6006508386,100.00,,
CPU11,17775508955,,fp_arith_inst_retired.512b_packed_single [cpu],6006484981,100.00,,
CPU12,17670105635,,fp_arith_inst_retired.512b_packed_single [cpu],6006456850,100.00,,
CPU13,17664373117,,fp_arith_inst_retired.512b_packed_single [cpu],6006424411,100.00,,
CPU14,17621493514,,fp_arith_inst_retired.512b_packed_single [cpu],6006393215,100.00,,
CPU15,17337664058,,fp_arith_inst_retired.512b_packed_single [cpu],6006364598,100.00,,
CPU16,17338360428,,fp_arith_inst_retired.512b_packed_single [cpu],6006336765,100.00,,
CPU17,17506145924,,fp_arith_inst_retired.512b_packed_single [cpu],6006307781,100.00,,
CPU18,17853845706,,fp_arith_inst_retired.512b_packed_single [cpu],6006281989,100.00,,
CPU19,17747771042,,fp_arith_inst_retired.512b_packed_single [cpu],6006253406,100.00,,
CPU20,17741404831,,fp_arith_inst_retired.512b_packed_single [cpu],6006226969,100.00,,
CPU21,17017436007,,fp_arith_inst_retired.512b_packed_single [cpu],6006200426,100.00,,
CPU22,16742794895,,fp_arith_inst_retired.512b_packed_single [cpu],6006181010,100.00,,
CPU23,16743395390,,fp_arith_inst_retired.512b_packed_single [cpu],6006163624,100.00,,
CPU24,16906064638,,fp_arith_inst_retired.512b_packed_single [cpu],6006143797,100.00,,
CPU25,17241574106,,fp_arith_inst_retired.512b_packed_single [cpu],6006122394,100.00,,
CPU26,17139453420,,fp_arith_inst_retired.512b_packed_single [cpu],6006099599,100.00,,
CPU27,17133926314,,fp_arith_inst_retired.512b_packed_single [cpu],6006076912,100.00,,
CPU0,206189183,,fp_arith_inst_retired.256b_packed_single [cpu],6006350409,100.00,,
CPU1,202263723,,fp_arith_inst_retired.256b_packed_single [cpu],6004279822,100.00,,
CPU2,193881195,,fp_arith_inst_retired.256b_packed_single [cpu],6004252023,100.00,,
CPU3,193881195,,fp_arith_inst_retired.256b_packed_single [cpu],6004227058,100.00,,
CPU4,180926379,,fp_arith_inst_retired.256b_packed_single [cpu],6004204246,100.00,,
CPU5,180926379,,fp_arith_inst_retired.256b_packed_single [cpu],6004181229,100.00,,
CPU6,161960958,,fp_arith_inst_retired.256b_packed_single [cpu],6004154269,100.00,,
CPU7,210268333,,fp_arith_inst_retired.256b_packed_single [cpu],6004126135,100.00,,
CPU8,206359133,,fp_arith_inst_retired.256b_packed_single [cpu],6006553461,100.00,,
CPU9,197804125,,fp_arith_inst_retired.256b_packed_single [cpu],6006530128,100.00,,
CPU10,197804125,,fp_arith_inst_retired.256b_packed_single [cpu],6006505860,100.00,,
CPU11,184592157,,fp_arith_inst_retired.256b_packed_single [cpu],6006482325,100.00,,
CPU12,184592157,,fp_arith_inst_retired.256b_packed_single [cpu],6006453906,100.00,,
CPU13,165255506,,fp_arith_inst_retired.256b_packed_single [cpu],6006421153,100.00,,
CPU14,211225953,,fp_arith_inst_retired.256b_packed_single [cpu],6006390414,100.00,,
CPU15,207257889,,fp_arith_inst_retired.256b_packed_single [cpu],6006361479,100.00,,
CPU16,198669903,,fp_arith_inst_retired.256b_packed_single [cpu],6006333371,100.00,,
CPU17,198676225,,fp_arith_inst_retired.256b_packed_single [cpu],6006304580,100.00,,
CPU18,185401537,,fp_arith_inst_retired.256b_packed_single [cpu],6006279091,100.00,,
CPU19,185405121,,fp_arith_inst_retired.256b_packed_single [cpu],6006250887,100.00,,
CPU20,165966714,,fp_arith_inst_retired.256b_packed_single [cpu],6006224069,100.00,,
CPU21,203880630,,fp_arith_inst_retired.256b_packed_single [cpu],6006197743,100.00,,
CPU22,200052854,,fp_arith_inst_retired.256b_packed_single [cpu],6006178385,100.00,,
CPU23,191739318,,fp_arith_inst_retired.256b_packed_single [cpu],6006161548,100.00,,
CPU24,191739318,,fp_arith_inst_retired.256b_packed_single [cpu],6006140983,100.00,,
CPU25,178928170,,fp_arith_inst_retired.256b_packed_single [cpu],6006119509,100.00,,
CPU26,178928170,,fp_arith_inst_retired.256b_packed_single [cpu],6006096528,100.00,,
CPU27,160188164,,fp_arith_inst_retired.256b_packed_single [cpu],6006073913,100.00,,
CPU0,568604888,,memory_activity.stalls_l3_miss [cpu],6006322310,100.00,,
CPU1,426290202,,memory_activity.stalls_l3_miss [cpu],6004276050,100.00,,
CPU2,333907727,,memory_activity.stalls_l3_miss [cpu],6004248076,100.00,,
CPU3,339554084,,memory_activity.stalls_l3_miss [cpu],6004223365,100.00,,
CPU4,329886873,,memory_activity.stalls_l3_miss [cpu],6004200842,100.00,,
CPU5,336605499,,memory_activity.stalls_l3_miss [cpu],6004177486,100.00,,
CPU6,340452607,,memory_activity.stalls_l3_miss [cpu],6004150532,100.00,,
CPU7,548863685,,memory_activity.stalls_l3_miss [cpu],6004122589,100.00,,
CPU8,334669986,,memory_activity.stalls_l3_miss [cpu],6006549795,100.00,,
CPU9,329032289,,memory_activity.stalls_l3_miss [cpu],6006526568,100.00,,
CPU10,328273008,,memory_activity.stalls_l3_miss [cpu],6006502862,100.00,,
CPU11,335512693,,memory_activity.stalls_l3_miss [cpu],6006479530,100.00,,
CPU12,325048751,,memory_activity.stalls_l3_miss [cpu],6006450667,100.00,,
CPU13,334737684,,memory_activity.stalls_l3_miss [cpu],6006417561,100.00,,
CPU14,592934252,,memory_activity.stalls_l3_miss [cpu],6006386930,100.00,,
CPU15,339479817,,memory_activity.stalls_l3_miss [cpu],6006357920,100.00,,
CPU16,342268307,,memory_activity.stalls_l3_miss [cpu],6006329683,100.00,,
CPU17,357409948,,memory_activity.stalls_l3_miss [cpu],6006301076,100.00,,
CPU18,349121598,,memory_activity.stalls_l3_miss [cpu],6006275510,100.00,,
CPU19,377250410,,memory_activity.stalls_l3_miss [cpu],6006247517,100.00,,
CPU20,357899395,,memory_activity.stalls_l3_miss [cpu],6006220790,100.00,,
CPU21,560718514,,memory_activity.stalls_l3_miss [cpu],6006193965,100.00,,
CPU22,321052811,,memory_activity.stalls_l3_miss [cpu],6006175223,100.00,,
CPU23,344572439,,memory_activity.stalls_l3_miss [cpu],6006158497,100.00,,
CPU24,341264767,,memory_activity.stalls_l3_miss [cpu],6006137227,100.00,,
CPU25,332848276,,memory_activity.stalls_l3_miss [cpu],6006116140,100.00,,
CPU26,328603163,,memory_activity.stalls_l3_miss [cpu],6006092818,100.00,,
CPU27,380292273,,memory_activity.stalls_l3_miss [cpu],6006070684,100.00,,
