CPU0,8252665418,,cycles,4005735644,100.00,,
CPU1,8293589583,,cycles,4004061858,100.00,,
CPU2,8293349518,,cycles,4004054682,100.00,,
CPU3,8292867614,,cycles,4004044431,100.00,,
CPU4,8293755318,,cycles,4004036238,100.00,,
CPU5,8293216132,,cycles,4004027779,100.00,,
CPU6,8281831303,,cycles,4004019315,100.00,,
CPU7,8294074396,,cycles,4004009085,100.00,,
CPU8,8293877210,,cycles,4003998179,100.00,,
CPU9,8293457911,,cycles,4003990378,100.00,,
CPU10,8294003791,,cycles,4003981786,100.00,,
CPU11,8293544786,,cycles,4003974680,100.00,,
CPU12,8293656142,,cycles,4003968701,100.00,,
CPU13,8292851155,,cycles,4003962169,100.00,,
CPU14,8291549075,,cycles,4003952133,100.00,,
CPU15,8293246028,,cycles,4003942947,100.00,,
CPU16,8033248758,,cycles,4003929304,100.00,,
CPU17,7984365903,,cycles,4003918770,100.00,,
CPU18,7974971103,,cycles,4003912021,100.00,,
CPU19,7963618952,,cycles,4003904603,100.00,,
CPU20,7927712114,,cycles,4003897898,100.00,,
CPU21,7905320225,,cycles,4003891550,100.00,,
CPU22,7931328005,,cycles,4003879110,100.00,,
CPU23,7850594554,,cycles,4003869547,100.00,,
CPU24,7822196674,,cycles,4003857212,100.00,,
CPU25,7805138675,,cycles,4003846283,100.00,,
CPU26,7780177666,,cycles,4003836288,100.00,,
CPU27,7805811245,,cycles,4003827123,100.00,,
CPU0,10343616779,,instructions,4005709416,100.00,1.25,insn per cycle
CPU1,4694914024,,instructions,4004061080,100.00,0.57,insn per cycle
CPU2,4645886094,,instructions,4004053514,100.00,0.56,insn per cycle
CPU3,4596119246,,instructions,4004042788,100.00,0.55,insn per cycle
CPU4,4532852200,,instructions,4004034366,100.00,0.55,insn per cycle
CPU5,4557073884,,instructions,4004026568,100.00,0.55,insn per cycle
CPU6,4589744510,,instructions,4004017851,100.00,0.55,insn per cycle
CPU7,4511354688,,instructions,4004007677,100.00,0.54,insn per cycle
CPU8,4496706727,,instructions,4003996485,100.00,0.54,insn per cycle
CPU9,4449096002,,instructions,4003989277,100.00,0.54,insn per cycle
CPU10,4470340804,,instructions,4003980526,100.00,0.54,insn per cycle
CPU11,4515115738,,instructions,4003973495,100.00,0.54,insn per cycle
CPU12,4505954723,,instructions,4003967038,100.00,0.54,insn per cycle
CPU13,4451406585,,instructions,4003960304,100.00,0.54,insn per cycle
CPU14,4388069730,,instructions,4003950969,100.00,0.53,insn per cycle
CPU15,4438526011,,instructions,4003941943,100.00,0.54,insn per cycle
CPU16,4183503109,,instructions,4003925526,100.00,0.52,insn per cycle
CPU17,4119317031,,instructions,4003917955,100.00,0.52,insn per cycle
CPU18,4157153511,,instructions,4003910576,100.00,0.52,insn per cycle
CPU19,4083725916,,instructions,4003903261,100.00,0.51,insn per cycle
CPU20,4121256735,,instructions,4003896492,100.00,0.52,insn per cycle
CPU21,3777571466,,instructions,4003890239,100.00,0.48,insn per cycle
CPU22,3754946701,,instructions,4003876986,100.00,0.47,insn per cycle
CPU23,3651086052,,instructions,4003868514,100.00,0.47,insn per cycle
CPU24,3601834462,,instructions,4003854725,100.00,0.46,insn per cycle
CPU25,3600883915,,instructions,4003844366,100.00,0.46,insn per cycle
CPU26,3499414313,,instructions,4003835373,100.00,0.45,insn per cycle
CPU27,3859939656,,instructions,4003825340,100.00,0.49,insn per cycle
CPU0,26885360948,,offcore_requests_outstanding.data_rd [cpu],4005682777,100.00,,
CPU1,30830255730,,offcore_requests_outstanding.data_rd [cpu],4004060405,100.00,,
CPU2,29429649520,,offcore_requests_outstanding.data_rd [cpu],4004052117,100.00,,
CPU3,31021597937,,offcore_requests_outstanding.data_rd [cpu],4004041655,100.00,,
CPU4,27516401862,,offcore_requests_outstanding.data_rd [cpu],4004033213,100.00,,
CPU5,28398982264,,offcore_requests_outstanding.data_rd [cpu],4004025154,100.00,,
CPU6,27982682996,,offcore_requests_outstanding.data_rd [cpu],4004016200,100.00,,
CPU7,24371525112,,offcore_requests_outstanding.data_rd [cpu],4004006467,100.00,,
CPU8,25643731998,,offcore_requests_outstanding.data_rd [cpu],4003995256,100.00,,
CPU9,26861970504,,offcore_requests_outstanding.data_rd [cpu],4003988042,100.00,,
CPU10,27458783133,,offcore_requests_outstanding.data_rd [cpu],4003979389,100.00,,
CPU11,28219745329,,offcore_requests_outstanding.data_rd [cpu],4003972566,100.00,,
CPU12,28394883302,,offcore_requests_outstanding.data_rd [cpu],4003965655,100.00,,
CPU13,26671651129,,offcore_requests_outstanding.data_rd [cpu],4003958774,100.00,,
CPU14,26011712424,,offcore_requests_outstanding.data_rd [cpu],4003949743,100.00,,
CPU15,26277407383,,offcore_requests_outstanding.data_rd [cpu],4003941375,100.00,,
CPU16,24074941121,,offcore_requests_outstanding.data_rd [cpu],4003924333,100.00,,
CPU17,24150703698,,offcore_requests_outstanding.data_rd [cpu],4003916323,100.00,,
CPU18,23552062115,,offcore_requests_outstanding.data_rd [cpu],4003909714,100.00,,
CPU19,25506642629,,offcore_requests_outstanding.data_rd [cpu],4003902510,100.00,,
CPU20,23705939564,,offcore_requests_outstanding.data_rd [cpu],4003895582,100.00,,
CPU21,22489770080,,offcore_requests_outstanding.data_rd [cpu],4003889374,100.00,,
CPU22,23222397881,,offcore_requests_outstanding.data_rd [cpu],4003875688,100.00,,
CPU23,22935109435,,offcore_requests_outstanding.data_rd [cpu],4003867673,100.00,,
CPU24,23454556320,,offcore_requests_outstanding.data_rd [cpu],4003853640,100.00,,
CPU25,22029028037,,offcore_requests_outstanding.data_rd [cpu],4003842993,100.00,,
CPU26,22962824695,,offcore_requests_outstanding.data_rd [cpu],4003834316,100.00,,
CPU27,20774302692,,offcore_requests_outstanding.data_rd [cpu],4003824178,100.00,,
CPU0,131913397,,offcore_requests.data_rd [cpu],4005656130,100.00,,
CPU1,129506220,,offcore_requests.data_rd [cpu],4004059345,100.00,,
CPU2,123202936,,offcore_requests.data_rd [cpu],4004050661,100.00,,
CPU3,130091267,,offcore_requests.data_rd [cpu],4004039828,100.00,,
CPU4,117671052,,offcore_requests.data_rd [cpu],4004032500,100.00,,
CPU5,123673037,,offcore_requests.data_rd [cpu],4004023629,100.00,,
CPU6,118717665,,offcore_requests.data_rd [cpu],4004014691,100.00,,
CPU7,109932668,,offcore_requests.data_rd [cpu],4004005020,100.00,,
CPU8,116483459,,offcore_requests.data_rd [cpu],4003993848,100.00,,
CPU9,111087813,,offcore_requests.data_rd [cpu],4003986101,100.00,,
CPU10,119346414,,offcore_requests.data_rd [cpu],4003978081,100.00,,
CPU11,116170337,,offcore_requests.data_rd [cpu],4003971043,100.00,,
CPU12,118938210,,offcore_requests.data_rd [cpu],4003964144,100.00,,
CPU13,109091584,,offcore_requests.data_rd [cpu],4003956983,100.00,,
CPU14,107643594,,offcore_requests.data_rd [cpu],4003948057,100.00,,
CPU15,112621268,,offcore_requests.data_rd [cpu],4003939779,100.00,,
CPU16,105997523,,offcore_requests.data_rd [cpu],4003922706,100.00,,
CPU17,110232440,,offcore_requests.data_rd [cpu],4003914637,100.00,,
CPU18,104792635,,offcore_requests.data_rd [cpu],4003908493,100.00,,
CPU19,107712444,,offcore_requests.data_rd [cpu],4003901129,100.00,,
CPU20,102520864,,offcore_requests.data_rd [cpu],4003894072,100.00,,
CPU21,100914000,,offcore_requests.data_rd [cpu],4003887956,100.00,,
CPU22,103961283,,offcore_requests.data_rd [cpu],4003874168,100.00,,
CPU23,100757295,,offcore_requests.data_rd [cpu],4003866134,100.00,,
CPU24,105878792,,offcore_requests.data_rd [cpu],4003851972,100.00,,
CPU25,97132653,,offcore_requests.data_rd [cpu],4003841153,100.00,,
CPU26,97857384,,offcore_requests.data_rd [cpu],4003833046,100.00,,
CPU27,87762178,,offcore_requests.data_rd [cpu],4003822268,100.00,,
CPU0,39082239,,fp_arith_inst_retired.scalar_single [cpu],4005629283,100.00,,
CPU1,215672,,fp_arith_inst_retired.scalar_single [cpu],4004057775,100.00,,
CPU2,215667,,fp_arith_inst_retired.scalar_single [cpu],4004047957,100.00,,
CPU3,215667,,fp_arith_inst_retired.scalar_single [cpu],4004037592,100.00,,
CPU4,215667,,fp_arith_inst_retired.scalar_single [cpu],4004030407,100.00,,
CPU5,215663,,fp_arith_inst_retired.scalar_single [cpu],4004021594,100.00,,
CPU6,215663,,fp_arith_inst_retired.scalar_single [cpu],4004012669,100.00,,
CPU7,215661,,fp_arith_inst_retired.scalar_single [cpu],4004003025,100.00,,
CPU8,215661,,fp_arith_inst_retired.scalar_single [cpu],4003992018,100.00,,
CPU9,215661,,fp_arith_inst_retired.scalar_single [cpu],4003983907,100.00,,
CPU10,215661,,fp_arith_inst_retired.scalar_single [cpu],4003976083,100.00,,
CPU11,215661,,fp_arith_inst_retired.scalar_single [cpu],4003968884,100.00,,
CPU12,209343,,fp_arith_inst_retired.scalar_single [cpu],4003962264,100.00,,
CPU13,209343,,fp_arith_inst_retired.scalar_single [cpu],4003954655,100.00,,
CPU14,209343,,fp_arith_inst_retired.scalar_single [cpu],4003945928,100.00,,
CPU15,209343,,fp_arith_inst_retired.scalar_single [cpu],4003938330,100.00,,
CPU16,209343,,fp_arith_inst_retired.scalar_single [cpu],4003920939,100.00,,
CPU17,209343,,fp_arith_inst_retired.scalar_single [cpu],4003912754,100.00,,
CPU18,209343,,fp_arith_inst_retired.scalar_single [cpu],4003906717,100.00,,
CPU19,209343,,fp_arith_inst_retired.scalar_single [cpu],4003899061,100.00,,
CPU20,209403,,fp_arith_inst_retired.scalar_single [cpu],4003892363,100.00,,
CPU21,209363,,fp_arith_inst_retired.scalar_single [cpu],4003885852,100.00,,
CPU22,209343,,fp_arith_inst_retired.scalar_single [cpu],4003872324,100.00,,
CPU23,209408,,fp_arith_inst_retired.scalar_single [cpu],4003861598,100.00,,
CPU24,206912,,fp_arith_inst_retired.scalar_single [cpu],4003849975,100.00,,
CPU25,206922,,fp_arith_inst_retired.scalar_single [cpu],4003839540,100.00,,
CPU26,207052,,fp_arith_inst_retired.scalar_single [cpu],4003831433,100.00,,
CPU27,156883,,fp_arith_inst_retired.scalar_single [cpu],4003820111,100.00,,
CPU0,4002730714,,cycle_activity.stalls_total [cpu],4005602008,100.00,,
CPU1,5918057271,,cycle_activity.stalls_total [cpu],4004055306,100.00,,
CPU2,5941128947,,cycle_activity.stalls_total [cpu],4004045698,100.00,,
CPU3,5959199531,,cycle_activity.stalls_total [cpu],4004035196,100.00,,
CPU4,5997816077,,cycle_activity.stalls_total [cpu],4004028051,100.00,,
CPU5,5982254356,,cycle_activity.stalls_total [cpu],4004019255,100.00,,
CPU6,5967247165,,cycle_activity.stalls_total [cpu],4004010284,100.00,,
CPU7,6012727581,,cycle_activity.stalls_total [cpu],4004000560,100.00,,
CPU8,6018380305,,cycle_activity.stalls_total [cpu],4003989637,100.00,,
CPU9,6038809956,,cycle_activity.stalls_total [cpu],4003981376,100.00,,
CPU10,6027750596,,cycle_activity.stalls_total [cpu],4003973718,100.00,,
CPU11,6005267738,,cycle_activity.stalls_total [cpu],4003966410,100.00,,
CPU12,6015206762,,cycle_activity.stalls_total [cpu],4003959964,100.00,,
CPU13,6035547206,,cycle_activity.stalls_total [cpu],4003951976,100.00,,
CPU14,6060744829,,cycle_activity.stalls_total [cpu],4003943299,100.00,,
CPU15,6041755902,,cycle_activity.stalls_total [cpu],4003935969,100.00,,
CPU16,5919251679,,cycle_activity.stalls_total [cpu],4003918630,100.00,,
CPU17,5894787521,,cycle_activity.stalls_total [cpu],4003910753,100.00,,
CPU18,5871950759,,cycle_activity.stalls_total [cpu],4003904137,100.00,,
CPU19,5886915287,,cycle_activity.stalls_total [cpu],4003896593,100.00,,
CPU20,5843996003,,cycle_activity.stalls_total [cpu],4003890076,100.00,,
CPU21,5931741850,,cycle_activity.stalls_total [cpu],4003883624,100.00,,
CPU22,5968629663,,cycle_activity.stalls_total [cpu],4003869887,100.00,,
CPU23,5918241309,,cycle_activity.stalls_total [cpu],4003859206,100.00,,
CPU24,5909498621,,cycle_activity.stalls_total [cpu],4003847169,100.00,,
CPU25,5889796077,,cycle_activity.stalls_total [cpu],4003837322,100.00,,
CPU26,5902371485,,cycle_activity.stalls_total [cpu],4003829361,100.00,,
CPU27,5841224390,,cycle_activity.stalls_total [cpu],4003817634,100.00,,
