variant,N,cpu,inferences,window_s,median_ms,p95_ms
baseline,1,1,203,20.0,98.821,99.168
baseline,2,1,201,20.0,99.702,100.004
baseline,2,2,201,20.0,99.468,99.839
baseline,4,1,198,20.0,101.272,101.546
baseline,4,2,198,20.0,101.097,101.429
baseline,4,3,198,20.0,101.165,101.496
baseline,4,4,198,20.0,101.177,101.461
baseline,8,1,192,20.0,104.297,104.684
baseline,8,2,193,20.0,103.56,104.28
baseline,8,3,193,20.0,103.569,104.26
baseline,8,4,193,20.0,103.895,104.501
baseline,8,5,193,20.0,103.635,104.358
baseline,8,6,193,20.0,103.577,104.345
baseline,8,7,193,20.0,103.682,104.374
baseline,8,8,194,20.0,103.343,104.003
baseline,16,1,184,20.0,108.697,109.611
baseline,16,2,186,20.0,107.749,108.771
baseline,16,3,185,20.0,108.244,109.235
baseline,16,4,185,20.0,108.256,109.284
baseline,16,5,184,20.0,108.703,109.515
baseline,16,6,185,20.0,108.009,109.169
baseline,16,7,185,20.0,108.468,109.28
baseline,16,8,184,20.0,108.692,109.557
baseline,16,9,186,20.0,107.867,109.236
baseline,16,10,185,20.0,108.339,109.259
baseline,16,11,184,20.0,109.127,109.994
baseline,16,12,186,20.0,107.936,109.059
baseline,16,13,185,20.0,108.184,109.16
baseline,16,14,186,20.0,107.836,109.041
baseline,16,15,186,20.0,107.823,108.636
baseline,16,16,184,20.0,108.613,109.35
baseline,26,1,169,20.0,118.373,120.726
baseline,26,2,170,20.0,118.02,120.55
baseline,26,3,169,20.0,118.644,121.353
baseline,26,4,170,20.0,117.408,120.17
baseline,26,5,169,20.0,118.304,120.374
baseline,26,6,170,20.0,118.01,120.013
baseline,26,7,169,20.0,118.363,120.746
baseline,26,8,170,20.0,117.891,120.374
baseline,26,9,171,20.0,117.283,120.025
baseline,26,10,170,20.0,117.923,119.887
baseline,26,11,169,20.0,118.72,120.42
baseline,26,12,170,20.0,117.656,119.952
baseline,26,13,170,20.0,118.035,120.162
baseline,26,14,171,20.0,117.271,119.212
baseline,26,15,171,20.0,117.124,119.07
baseline,26,16,170,20.0,117.835,120.136
baseline,26,17,169,20.0,118.552,120.851
baseline,26,18,171,20.0,117.228,119.032
baseline,26,19,169,20.0,118.661,120.872
baseline,26,20,171,20.0,117.41,118.725
baseline,26,21,170,20.0,117.918,119.76
baseline,26,22,171,20.0,117.204,119.023
baseline,26,23,171,20.0,117.269,120.098
baseline,26,24,170,20.0,117.57,119.874
baseline,26,25,171,20.0,117.355,119.178
baseline,26,26,169,20.0,118.368,121.438
fold_bn+channels_last,1,1,235,20.0,85.374,85.872
fold_bn+channels_last,2,1,230,20.0,86.973,87.125
fold_bn+channels_last,2,2,232,20.0,86.292,86.543
fold_bn+channels_last,4,1,228,20.0,87.741,88.01
fold_bn+channels_last,4,2,229,20.0,87.68,87.93
fold_bn+channels_last,4,3,230,20.0,87.256,87.647
fold_bn+channels_last,4,4,229,20.0,87.577,87.858
fold_bn+channels_last,8,1,224,20.0,89.547,89.942
fold_bn+channels_last,8,2,226,20.0,88.714,89.485
fold_bn+channels_last,8,3,224,20.0,89.561,89.919
fold_bn+channels_last,8,4,226,20.0,88.736,89.453
fold_bn+channels_last,8,5,224,20.0,89.555,89.865
fold_bn+channels_last,8,6,224,20.0,89.566,89.947
fold_bn+channels_last,8,7,224,20.0,89.554,89.902
fold_bn+channels_last,8,8,224,20.0,89.553,89.893
fold_bn+channels_last,16,1,215,20.0,92.765,95.01
fold_bn+channels_last,16,2,215,20.0,92.832,94.965
fold_bn+channels_last,16,3,215,20.0,93.149,95.035
fold_bn+channels_last,16,4,215,20.0,92.835,94.94
fold_bn+channels_last,16,5,215,20.0,92.734,95.034
fold_bn+channels_last,16,6,215,20.0,93.14,95.081
fold_bn+channels_last,16,7,215,20.0,92.975,95.089
fold_bn+channels_last,16,8,215,20.0,92.792,94.337
fold_bn+channels_last,16,9,215,20.0,92.794,94.222
fold_bn+channels_last,16,10,216,20.0,92.408,94.203
fold_bn+channels_last,16,11,214,20.0,93.23,95.052
fold_bn+channels_last,16,12,216,20.0,92.596,94.395
fold_bn+channels_last,16,13,215,20.0,92.762,94.877
fold_bn+channels_last,16,14,215,20.0,92.802,94.901
fold_bn+channels_last,16,15,216,20.0,92.381,94.254
fold_bn+channels_last,16,16,215,20.0,93.061,95.012
fold_bn+channels_last,26,1,199,20.0,100.418,102.009
fold_bn+channels_last,26,2,201,20.0,99.517,101.209
fold_bn+channels_last,26,3,200,20.0,99.894,101.949
fold_bn+channels_last,26,4,199,20.0,100.389,101.827
fold_bn+channels_last,26,5,201,20.0,99.806,101.785
fold_bn+channels_last,26,6,201,20.0,99.784,102.019
fold_bn+channels_last,26,7,200,20.0,100.096,101.85
fold_bn+channels_last,26,8,201,20.0,99.569,101.088
fold_bn+channels_last,26,9,201,20.0,99.755,101.797
fold_bn+channels_last,26,10,201,20.0,99.549,101.423
fold_bn+channels_last,26,11,199,20.0,100.477,101.944
fold_bn+channels_last,26,12,202,20.0,99.116,100.931
fold_bn+channels_last,26,13,201,20.0,99.835,101.703
fold_bn+channels_last,26,14,202,20.0,98.897,100.984
fold_bn+channels_last,26,15,202,20.0,99.355,101.031
fold_bn+channels_last,26,16,201,20.0,99.557,101.332
fold_bn+channels_last,26,17,201,20.0,99.494,101.8
fold_bn+channels_last,26,18,200,20.0,99.967,101.623
fold_bn+channels_last,26,19,200,20.0,100.132,101.986
fold_bn+channels_last,26,20,200,20.0,99.97,101.597
fold_bn+channels_last,26,21,202,20.0,99.113,101.062
fold_bn+channels_last,26,22,201,20.0,99.585,101.383
fold_bn+channels_last,26,23,200,20.0,99.877,101.832
fold_bn+channels_last,26,24,202,20.0,99.229,101.008
fold_bn+channels_last,26,25,201,20.0,99.567,101.59
fold_bn+channels_last,26,26,200,20.0,99.976,101.733
inductor,1,1,285,20.0,70.148,70.423
inductor,2,1,283,20.0,70.757,70.923
inductor,2,2,283,20.0,70.661,70.826
inductor,4,1,282,20.0,71.044,71.3
inductor,4,2,282,20.0,70.962,71.177
inductor,4,3,282,20.0,70.947,71.149
inductor,4,4,282,20.0,71.007,71.288
inductor,8,1,280,20.0,71.623,71.803
inductor,8,2,280,20.0,71.412,71.647
inductor,8,3,280,20.0,71.573,71.778
inductor,8,4,280,20.0,71.553,71.767
inductor,8,5,280,20.0,71.486,71.712
inductor,8,6,279,20.0,71.73,71.977
inductor,8,7,280,20.0,71.603,71.77
inductor,8,8,279,20.0,71.678,71.886
inductor,16,1,276,20.0,72.506,73.003
inductor,16,2,277,20.0,72.265,72.839
inductor,16,3,276,20.0,72.494,72.934
inductor,16,4,276,20.0,72.38,72.993
inductor,16,5,276,20.0,72.478,72.996
inductor,16,6,277,20.0,72.337,73.045
inductor,16,7,277,20.0,72.218,72.768
inductor,16,8,276,20.0,72.475,73.025
inductor,16,9,277,20.0,72.319,72.964
inductor,16,10,278,20.0,72.09,72.754
inductor,16,11,276,20.0,72.618,73.11
inductor,16,12,277,20.0,72.242,72.833
inductor,16,13,277,20.0,72.253,72.824
inductor,16,14,277,20.0,72.258,72.723
inductor,16,15,278,20.0,72.105,72.654
inductor,16,16,277,20.0,72.372,73.041
inductor,26,1,271,20.0,73.941,74.776
inductor,26,2,270,20.0,74.025,74.847
inductor,26,3,271,20.0,73.779,74.418
inductor,26,4,270,20.0,74.204,75.039
inductor,26,5,270,20.0,74.008,74.927
inductor,26,6,270,20.0,74.119,75.093
inductor,26,7,269,20.0,74.349,75.105
inductor,26,8,270,20.0,74.09,74.946
inductor,26,9,271,20.0,73.76,74.63
inductor,26,10,271,20.0,73.922,74.885
inductor,26,11,269,20.0,74.235,75.013
inductor,26,12,271,20.0,73.995,74.742
inductor,26,13,271,20.0,73.849,74.784
inductor,26,14,272,20.0,73.665,74.337
inductor,26,15,272,20.0,73.529,74.154
inductor,26,16,270,20.0,74.038,74.936
inductor,26,17,271,20.0,73.863,74.653
inductor,26,18,271,20.0,73.927,74.938
inductor,26,19,269,20.0,74.335,75.026
inductor,26,20,271,20.0,73.972,74.799
inductor,26,21,271,20.0,73.932,74.562
inductor,26,22,272,20.0,73.718,74.485
inductor,26,23,271,20.0,73.904,74.527
inductor,26,24,272,20.0,73.651,74.247
inductor,26,25,270,20.0,74.011,74.884
inductor,26,26,270,20.0,74.241,74.997
