Task Type,CPU Time,Memory Bound(%),Memory Bound:L1 Bound(%),Memory Bound:L2 Bound(%),Memory Bound:L3 Bound(%),Memory Bound:DRAM Bound(%),Memory Bound:Store Bound(%),Loads,Stores,LLC Miss Count,LLC Miss Count:Local Memory Access Count,LLC Miss Count:Remote Memory Access Count,LLC Miss Count:Remote Cache Access Count,Average Latency (cycles),"Total Memory Traffic, GB","Total Memory Traffic, GB:Write Memory Traffic, GB",Task Time,Task Count,Average Task Time
inference,4.550000,12.0,4.9,1.1,2.9,1.8,2.5,13479129972,4933504422,66350128,66326910,0,0,7.768452,,2.285636,61.713533,600,0.102856
aten::conv2d,3.600000,11.2,3.4,1.0,1.4,1.9,2.6,11025132426,2581544196,58694344,61224840,0,0,6.902801,,0.979558,48.750275,31800,0.001533
aten::_convolution,3.595000,11.2,3.4,1.1,1.3,1.9,2.6,11025132426,2571340464,58694344,61224840,0,0,6.904369,,0.979558,48.641410,31800,0.001530
aten::convolution,3.595000,11.2,3.4,1.1,1.4,1.9,2.6,11025132426,2576442330,58694344,61224840,0,0,6.902801,,0.979558,48.695529,31800,0.001531
[Outside any task],2.955000,15.3,8.8,2.2,2.9,3.7,0.0,790789230,714261240,5103856,5102070,0,0,4.344262,,0.326519,,,0.0
aten::mkldnn_convolution,2.040000,13.0,3.1,1.2,1.4,2.1,4.2,6193665324,2040746400,33175064,35714490,0,0,7.272727,,0.653039,28.031657,12000,0.002336
convolution,1.860000,3.1,0.8,0.5,1.3,0.0,0.0,5316144372,581612724,2551928,0,0,0,6.646628,,0.0,21.901531,12200,0.001795
aten::_slow_conv2d_forward,1.545000,8.9,3.7,1.0,1.0,1.7,0.4,4826365236,505084734,25519280,25510350,0,0,6.311828,,0.326519,20.468457,19800,0.001034
aten::thnn_conv2d,1.545000,8.9,3.7,1.0,1.0,1.7,0.4,4826365236,505084734,25519280,25510350,0,0,6.311828,,0.326519,20.492088,19800,0.001035
reorder,0.470000,57.0,13.1,3.4,1.7,11.4,24.0,948947076,1300975830,30623136,35714490,0,0,13.220588,,0.326519,5.331190,35990,0.000148
aten::max_pool2d,0.455000,0.0,5.6,0.0,0.0,0.0,0.0,1377503820,857113488,0,0,0,0,4.570000,,0.653039,6.245119,600,0.010409
aten::max_pool2d_with_indices,0.455000,0.0,5.6,0.0,0.0,0.0,0.0,1377503820,857113488,0,0,0,0,4.570000,,0.653039,6.242520,600,0.010404
aten::_batch_norm_impl_index,0.225000,18.5,23.2,0.0,12.1,0.0,6.1,719363106,602020188,2551928,0,0,0,9.000000,,0.326519,2.876672,31800,0.000090
aten::batch_norm,0.225000,18.5,22.7,0.0,11.9,0.0,5.9,729566838,602020188,2551928,0,0,0,9.000000,,0.326519,2.938215,31800,0.000092
aten::native_batch_norm,0.210000,19.4,21.1,0.0,10.5,0.0,6.3,714261240,596918322,2551928,0,0,0,9.000000,,0.326519,2.752592,31800,0.000087
aten::clamp_min_,0.095000,11.1,10.3,0.0,17.2,3.4,3.4,86731722,423454878,0,0,0,0,41.555556,,0.0,0.992402,29400,0.000034
aten::relu_,0.095000,10.5,9.6,0.0,16.0,3.2,3.2,91833588,423454878,0,0,0,0,41.555556,,0.0,1.034590,29400,0.000035
aten::add_,0.080000,42.1,7.7,5.1,36.0,2.6,0.0,122444784,193870908,0,5102070,0,0,69.727273,,0.0,1.202624,9600,0.000125
aten::addmm,0.035000,100.0,38.9,0.0,9.7,19.4,0.0,20407464,5101866,5103856,0,0,0,190.000000,,0.0,0.302369,600,0.000504
aten::linear,0.035000,100.0,38.9,0.0,9.7,19.4,0.0,20407464,5101866,5103856,0,0,0,190.000000,,0.0,0.309878,600,0.000516
aten::empty,0.020000,0.0,28.6,0.0,28.6,0.0,0.0,10203732,40814928,0,0,0,0,5.500000,,0.0,0.216536,234600,0.000001
convolution,0.015000,0.0,0.0,60.7,0.0,0.0,0.0,0,0,0,0,0,0,5.000000,,0.0,0.062873,12200,0.000005
reorder,0.010000,0.0,0.0,0.0,0.0,0.0,0.0,0,20407464,0,0,0,0,5.000000,,0.0,0.073195,35990,0.000002
aten::adaptive_avg_pool2d,0.005000,0.0,0.0,0.0,0.0,0.0,0.0,5101866,5101866,0,0,0,0,0.0,,0.0,0.044538,600,0.000074
aten::as_strided_,0.005000,0.0,0.0,0.0,0.0,0.0,0.0,0,0,0,0,0,0,0.0,,0.0,0.021738,12000,0.000002
aten::mean,0.005000,0.0,0.0,0.0,0.0,0.0,0.0,5101866,5101866,0,0,0,0,0.0,,0.0,0.042825,600,0.000071
aten::_nnpack_available,0.0,0.0,0.0,0.0,0.0,0.0,0.0,0,0,0,0,0,0,0.0,,0.0,0.005771,19800,0.000000
aten::_to_copy,0.0,0.0,0.0,0.0,0.0,0.0,0.0,0,0,0,0,0,0,0.0,,0.0,0.008543,600,0.000014
aten::as_strided,0.0,0.0,0.0,0.0,0.0,0.0,0.0,0,0,0,0,0,0,0.0,,0.0,0.001707,1200,0.000001
aten::copy_,0.0,0.0,0.0,0.0,0.0,0.0,0.0,0,0,0,0,0,0,0.0,,0.0,0.005408,1200,0.000005
aten::detach,0.0,0.0,0.0,0.0,0.0,0.0,0.0,0,5101866,0,0,0,0,0.0,,0.0,0.010604,19800,0.000001
aten::div_,0.0,0.0,0.0,0.0,0.0,0.0,0.0,0,10203732,0,0,0,0,0.0,,0.0,0.032083,1200,0.000027
aten::empty_like,0.0,0.0,88.3,0.0,44.2,0.0,0.0,15305598,25509330,0,0,0,0,0.0,,0.0,0.085553,31800,0.000003
aten::empty_strided,0.0,0.0,0.0,0.0,0.0,0.0,0.0,0,0,0,0,0,0,0.0,,0.0,0.001679,600,0.000003
aten::expand,0.0,0.0,0.0,0.0,0.0,0.0,0.0,,,,,,,0.0,,0.0,0.002416,600,0.000004
aten::fill_,0.0,0.0,0.0,0.0,0.0,0.0,0.0,,,,,,,0.0,,0.0,0.001923,600,0.000003
aten::flatten,0.0,0.0,0.0,0.0,0.0,0.0,0.0,0,0,0,0,0,0,0.0,,0.0,0.002222,600,0.000004
aten::resize_,0.0,0.0,0.0,0.0,0.0,0.0,0.0,5101866,5101866,0,0,0,0,0.0,,0.0,0.035438,31800,0.000001
aten::resolve_conj,0.0,0.0,0.0,0.0,0.0,0.0,0.0,,,,,,,0.0,,0.0,0.000421,1200,0.000000
aten::sum,0.0,0.0,0.0,0.0,0.0,0.0,0.0,5101866,0,0,0,0,0,0.0,,0.0,0.020195,600,0.000034
aten::t,0.0,0.0,0.0,0.0,0.0,0.0,0.0,0,0,0,0,0,0,0.0,,0.0,0.005020,600,0.000008
aten::to,0.0,0.0,0.0,0.0,0.0,0.0,0.0,0,0,0,0,0,0,0.0,,0.0,0.009785,600,0.000016
aten::transpose,0.0,0.0,0.0,0.0,0.0,0.0,0.0,0,0,0,0,0,0,0.0,,0.0,0.003008,600,0.000005
aten::view,0.0,0.0,0.0,54.0,0.0,0.0,0.0,0,10203732,0,0,0,0,0.0,,0.0,0.048531,40200,0.000001
