Function,CPU Time,Memory Bound(%),Memory Bound:L1 Bound(%),Memory Bound:L2 Bound(%),Memory Bound:L3 Bound(%),Memory Bound:DRAM Bound(%),Memory Bound:Store Bound(%),Loads,Stores,LLC Miss Count,LLC Miss Count:Local Memory Access Count,LLC Miss Count:Remote Memory Access Count,LLC Miss Count:Remote Cache Access Count,Average Latency (cycles),"Total Memory Traffic, GB","Total Memory Traffic, GB:Write Memory Traffic, GB",Module,Function (Full),Source File,Start Address
[MKL BLAS]@avx512_sgemm_kernel_0_b0,0.760000,1.4,0.7,0.0,0.0,0.0,0.0,2183598648,102037320,0,0,0,0,5.157609,,0.0,libtorch_cpu.so,mkl_blas_avx512_sgemm_kernel_0_b0,[Unknown],0xda97e00
"at::native::(anonymous namespace)::cpu_max_pool<float, (bool)0>.constprop.0",0.530000,0.0,5.6,0.0,0.0,0.0,0.0,1392809418,867317220,0,0,0,0,4.529412,,0.653039,libtorch_cpu.so,"at::native::(anonymous namespace)::cpu_max_pool<float, (bool)0>(at::Tensor const&, at::Tensor const&, at::Tensor const&, c10::ArrayRef<long>, c10::ArrayRef<long>, c10::ArrayRef<long>, c10::ArrayRef<long>).constprop.0",[Unknown],0x7458300
jit_avx512_common_conv_fwd_kernel_vmm_t,0.405000,1.2,0.0,0.0,1.2,0.0,0.0,1112206788,117342918,0,0,0,0,6.664634,,0.0,[Dynamic code],jit_avx512_common_conv_fwd_kernel_vmm_t,jit_avx512_common_conv_kernel.hpp,0x78a62ae3f000
[MKL BLAS]@avx512_sgemm_kernel_nocopy_NN_b0,0.355000,1.2,0.0,2.9,0.0,2.9,0.0,1260160902,40814928,0,0,0,0,5.960938,,0.0,libtorch_cpu.so,mkl_blas_avx512_sgemm_kernel_nocopy_NN_b0,[Unknown],0xc45ea80
_PyEval_EvalFrameDefault,0.345000,25.0,0.0,20.5,0.0,0.0,0.0,86731722,117342918,0,0,0,0,5.000000,,0.0,python3.12,_PyEval_EvalFrameDefault,[Unknown],0x5d6630
jit_avx512_common_conv_fwd_kernel_vmm_t,0.310000,0.0,0.0,0.9,0.0,0.0,0.0,800992962,56120526,0,0,0,0,6.184615,,0.0,[Dynamic code],jit_avx512_common_conv_fwd_kernel_vmm_t,jit_avx512_common_conv_kernel.hpp,0x78a62bf44000
[Outside any known module],0.300000,36.4,17.6,3.5,14.1,0.0,0.0,91833588,168361578,2551928,5102070,0,0,5.000000,,0.653039,[Unknown],[Outside any known module],[Unknown],0x0
[MKL BLAS]@avx512_sgemm_kernel_nocopy_NN_b1,0.275000,0.0,1.9,0.0,2.8,0.9,0.0,744872436,81629856,2551928,0,0,0,6.340909,,0.0,libtorch_cpu.so,mkl_blas_avx512_sgemm_kernel_nocopy_NN_b1,[Unknown],0xc41bbc0
[MKL BLAS]@avx512_sgemm_kernel_0,0.265000,5.1,4.0,0.0,0.0,0.0,0.0,612223920,20407464,0,0,0,0,5.106061,,0.0,libtorch_cpu.so,mkl_blas_avx512_sgemm_kernel_0,[Unknown],0xdaa1300
jit_avx512_common_conv_fwd_kernel_vmm_t,0.260000,2.3,0.0,0.0,0.0,0.0,0.0,734668704,40814928,0,0,0,0,6.885246,,0.0,[Dynamic code],jit_avx512_common_conv_fwd_kernel_vmm_t,jit_avx512_common_conv_kernel.hpp,0x78a62b0ff000
jit_avx512_common_conv_fwd_kernel_vmm_t,0.230000,7.5,8.0,0.0,3.4,0.0,0.0,581612724,51018660,2551928,0,0,0,5.843137,,0.0,[Dynamic code],jit_avx512_common_conv_fwd_kernel_vmm_t,jit_avx512_common_conv_kernel.hpp,0x78a62ab7f000
"at::native::(anonymous namespace)::batch_norm_cpu_kernel(at::Tensor&, at::Tensor const&, at::Tensor const&, at::Tensor const&, at::Tensor const&, at::Tensor const&, at::Tensor const&, at::Tensor const&, bool, double)::{lambda()#1}::operator()",0.195000,23.9,13.6,1.2,9.9,0.0,7.4,663242580,505084734,0,0,0,0,9.121212,,0.326519,libtorch_cpu.so,"at::native::(anonymous namespace)::batch_norm_cpu_kernel(at::Tensor&, at::Tensor const&, at::Tensor const&, at::Tensor const&, at::Tensor const&, at::Tensor const&, at::Tensor const&, at::Tensor const&, bool, double)::{lambda()#1}::operator()(void) const",[Unknown],0x6d7c3c0
jit_uni_reorder_kernel_f32,0.160000,39.4,0.0,0.0,3.1,15.6,0.0,443862342,489779136,12759640,5102070,0,0,17.324324,,0.326519,[Dynamic code],jit_uni_reorder_kernel_f32,jit_uni_reorder.cpp,0x78a62ad3f000
func@0x572500,0.130000,0.0,0.0,24.3,24.3,0.0,0.0,40814928,51018660,0,0,0,0,5.000000,,0.0,python3.12,func@0x572500,[Unknown],0x572500
"c10::function_ref<void (char**, long const*, long, long)>::callback_fn<at::TensorIteratorBase::loop_2d_from_1d<at::native::AVX2::cpu_serial_kernel<at::native::templates::cpu::(anonymous namespace)::uniform_kernel<at::CPUGeneratorImpl*>(void, at::TensorIteratorBase&, double, double, at::CPUGeneratorImpl*)::{lambda()#1}::operator()(void) const::{lambda()#2}::operator()(void) const::{lambda()#1}>(void, at::TensorIteratorBase&, at::CPUGeneratorImpl*&&, at::Range const&)::{lambda(char**long const*, long)#1}>(, signed char, at::CPUGeneratorImpl* const&)::{lambda(char**long const*, long, long)#1}>",0.120000,0.0,0.0,0.0,0.0,0.0,0.0,20407464,51018660,0,0,0,0,5.000000,,0.0,libtorch_cpu.so,"c10::function_ref<void (char**, long const*, long, long)>::callback_fn<at::TensorIteratorBase::loop_2d_from_1d<at::native::AVX2::cpu_serial_kernel<at::native::templates::cpu::(anonymous namespace)::uniform_kernel<at::CPUGeneratorImpl*>(void, at::TensorIteratorBase&, double, double, at::CPUGeneratorImpl*)::{lambda()#1}::operator()(void) const::{lambda()#2}::operator()(void) const::{lambda()#1}>(void, at::TensorIteratorBase&, at::CPUGeneratorImpl*&&, at::Range const&)::{lambda(char**long const*, long)#1}>(, signed char, at::CPUGeneratorImpl* const&)::{lambda(char**long const*, long, long)#1}>(long, char**, long const*, long, long)",[Unknown],0x7912cf0
func@0x61ca30,0.120000,62.5,41.4,0.0,10.3,20.7,0.0,10203732,0,2551928,0,0,0,5.000000,,0.0,python3.12,func@0x61ca30,[Unknown],0x61ca30
jit_avx512_common_conv_fwd_kernel_vmm_t,0.115000,0.0,0.0,2.2,4.4,0.0,0.0,265297032,20407464,0,0,0,0,9.629630,,0.0,[Dynamic code],jit_avx512_common_conv_fwd_kernel_vmm_t,jit_avx512_common_conv_kernel.hpp,0x78a62adbf000
[MKL BLAS]@avx512_sgemm_scopy_right8_ea,0.110000,86.7,28.2,6.3,0.0,21.9,6.3,51018660,147954114,22967352,25510350,0,0,46.000000,,0.0,libtorch_cpu.so,mkl_blas_avx512_sgemm_scopy_right8_ea,[Unknown],0xc233520
jit_avx512_common_1x1_conv_kernel_t,0.100000,0.0,0.0,0.0,2.9,0.0,0.0,311213826,5101866,0,0,0,0,6.689655,,0.0,[Dynamic code],jit_avx512_common_1x1_conv_kernel_t,jit_avx512_common_1x1_conv_kernel.hpp,0x78a62af7f000
"c10::function_ref<void (char**, long const*, long, long)>::callback_fn<at::native::AVX2::VectorizedLoop2d<at::native::(anonymous namespace)::add_kernel(at::TensorIteratorBase&, c10::Scalar const&)::{lambda()#1}::operator()(void) const::{lambda()#7}::operator()(void) const::{lambda(floatfloat)#1}, at::native::(anonymous namespace)::add_kernel(at::TensorIteratorBase&, c10::Scalar const&)::{lambda()#1}::operator()(void) const::{lambda()#7}::operator()(void) const::{lambda(at::vec::AVX2::Vectorized<float>at::vec::AVX2::Vectorized<float>)#1}>>",0.095000,42.1,7.7,7.7,33.4,2.6,0.0,122444784,193870908,0,5102070,0,0,76.200000,,0.0,libtorch_cpu.so,"c10::function_ref<void (char**, long const*, long, long)>::callback_fn<at::native::AVX2::VectorizedLoop2d<at::native::(anonymous namespace)::add_kernel(at::TensorIteratorBase&, c10::Scalar const&)::{lambda()#1}::operator()(void) const::{lambda()#7}::operator()(void) const::{lambda(floatfloat)#1}, at::native::(anonymous namespace)::add_kernel(at::TensorIteratorBase&, c10::Scalar const&)::{lambda()#1}::operator()(void) const::{lambda()#7}::operator()(void) const::{lambda(at::vec::AVX2::Vectorized<float>at::vec::AVX2::Vectorized<float>)#1}>>(long, char**, long const*, long, long)",[Unknown],0x6c253c0
"c10::function_ref<void (char**, long const*, long, long)>::callback_fn<at::native::AVX2::VectorizedLoop2d<at::native::(anonymous namespace)::clamp_min_scalar_kernel_impl(at::TensorIteratorBase&, c10::Scalar)::{lambda()#1}::operator()(void) const::{lambda()#7}::operator()(void) const::{lambda(float)#1}, at::native::(anonymous namespace)::clamp_min_scalar_kernel_impl(at::TensorIteratorBase&, c10::Scalar)::{lambda()#1}::operator()(void) const::{lambda()#7}::operator()(void) const::{lambda(at::vec::AVX2::Vectorized<float>)#1}>>",0.095000,10.5,18.3,0.0,18.3,3.7,3.7,86731722,418353012,0,0,0,0,41.555556,,0.0,libtorch_cpu.so,"c10::function_ref<void (char**, long const*, long, long)>::callback_fn<at::native::AVX2::VectorizedLoop2d<at::native::(anonymous namespace)::clamp_min_scalar_kernel_impl(at::TensorIteratorBase&, c10::Scalar)::{lambda()#1}::operator()(void) const::{lambda()#7}::operator()(void) const::{lambda(float)#1}, at::native::(anonymous namespace)::clamp_min_scalar_kernel_impl(at::TensorIteratorBase&, c10::Scalar)::{lambda()#1}::operator()(void) const::{lambda()#7}::operator()(void) const::{lambda(at::vec::AVX2::Vectorized<float>)#1}>>(long, char**, long const*, long, long)",[Unknown],0x6f277f0
jit_avx512_common_conv_fwd_kernel_vmm_t,0.090000,0.0,0.0,0.0,0.0,0.0,0.0,260195166,20407464,0,0,0,0,6.166667,,0.0,[Dynamic code],jit_avx512_common_conv_fwd_kernel_vmm_t,jit_avx512_common_conv_kernel.hpp,0x78a62b33f000
jit_avx512_common_conv_fwd_kernel_vmm_t,0.090000,0.0,0.0,2.7,0.0,0.0,0.0,295908228,10203732,0,0,0,0,5.000000,,0.0,[Dynamic code],jit_avx512_common_conv_fwd_kernel_vmm_t,jit_avx512_common_conv_kernel.hpp,0x78a630cc0000
at::CPUGeneratorImpl::random,0.080000,0.0,0.0,0.0,0.0,0.0,0.0,45916794,35713062,0,0,0,0,1.000000,,0.0,libtorch_cpu.so,at::CPUGeneratorImpl::random(void),[Unknown],0x18f8400
jit_avx512_common_1x1_conv_kernel_t,0.075000,15.4,11.2,2.8,2.8,0.0,0.0,362232486,0,0,0,0,0,7.058824,,0.0,[Dynamic code],jit_avx512_common_1x1_conv_kernel_t,jit_avx512_common_1x1_conv_kernel.hpp,0x78a62acbf000
jit_uni_reorder_kernel_f32,0.075000,23.1,12.5,9.3,6.2,9.3,0.0,306111960,352028754,15311568,10204140,0,0,6.272727,,0.0,[Dynamic code],jit_uni_reorder_kernel_f32,jit_uni_reorder.cpp,0x78a62afff000
jit_avx512_common_1x1_conv_kernel_t,0.065000,0.0,0.0,0.0,0.0,0.0,0.0,255093300,5101866,0,0,0,0,6.481481,,0.0,[Dynamic code],jit_avx512_common_1x1_conv_kernel_t,jit_avx512_common_1x1_conv_kernel.hpp,0x78a62b23f000
jit_avx512_common_conv_fwd_kernel_vmm_t,0.065000,0.0,0.0,0.0,0.0,0.0,0.0,280602630,20407464,0,0,0,0,6.675676,,0.0,[Dynamic code],jit_avx512_common_conv_fwd_kernel_vmm_t,jit_avx512_common_conv_kernel.hpp,0x78a62b07f000
jit_single_blk_kernel,0.065000,100.0,44.7,5.6,0.0,5.6,55.8,15305598,117342918,0,10204140,0,0,18.333333,,0.0,[Dynamic code],jit_single_blk_kernel,jit_uni_reorder.cpp,0x78a62abff000
[MKL BLAS]@avx512_sgemm_scopy_down48_ea,0.050000,100.0,88.3,0.0,29.4,0.0,7.4,20407464,45916794,0,0,0,0,92.000000,,0.0,libtorch_cpu.so,mkl_blas_avx512_sgemm_scopy_down48_ea,[Unknown],0xc239d00
PyObject_Free,0.045000,0.0,0.0,0.0,0.0,0.0,0.0,0,10203732,0,0,0,0,0.0,,0.0,python3.12,PyObject_Free,[Unknown],0x5886a0
func@0x61d980,0.045000,0.0,0.0,0.0,0.0,0.0,0.0,25509330,5101866,0,0,0,0,5.000000,,0.0,python3.12,func@0x61d980,[Unknown],0x61d980
[MKL BLAS]@avx512_xsgemv,0.040000,100.0,38.1,0.0,9.5,19.1,0.0,20407464,0,5103856,0,0,0,190.000000,,0.0,libtorch_cpu.so,mkl_blas_avx512_xsgemv,[Unknown],0xb0cc240
at::native::(anonymous namespace)::normal_kernel,0.040000,0.0,0.0,0.0,0.0,0.0,0.0,0,10203732,0,0,0,0,0.0,,0.326519,libtorch_cpu.so,"at::native::(anonymous namespace)::normal_kernel(at::TensorBase const&, double, double, std::optional<at::Generator>)",[Unknown],0x792b240
"dnnl::impl::cpu::x64::jit_avx512_common_convolution_fwd_t<(dnnl_data_type_t)3, (dnnl_data_type_t)3, (dnnl_data_type_t)3>::execute_forward_2d(dnnl::impl::exec_ctx_t const&) const::{lambda(intint)#1}::operator()",0.040000,0.0,0.0,0.0,0.0,0.0,0.0,40814928,204074640,0,0,0,0,5.000000,,0.0,libtorch_cpu.so,"dnnl::impl::cpu::x64::jit_avx512_common_convolution_fwd_t<(dnnl_data_type_t)3, (dnnl_data_type_t)3, (dnnl_data_type_t)3>::execute_forward_2d(dnnl::impl::exec_ctx_t const&) const::{lambda(intint)#1}::operator()(int, int) const",[Unknown],0x10ff0050
func@0xab650,0.040000,0.0,0.0,0.0,18.0,0.0,0.0,10203732,35713062,0,0,0,0,5.000000,,0.0,libc.so.6,func@0xab650,[Unknown],0xab650
PyObject_Malloc,0.035000,0.0,0.0,44.2,0.0,0.0,0.0,15305598,10203732,0,0,0,0,3.333333,,0.0,python3.12,PyObject_Malloc,[Unknown],0x586d00
func@0x609550,0.035000,0.0,0.0,0.0,0.0,0.0,0.0,5101866,0,0,0,0,0,0.0,,0.0,python3.12,func@0x609550,[Unknown],0x609550
func@0x5d5ad0,0.030000,0.0,0.0,0.0,0.0,0.0,0.0,5101866,5101866,0,0,0,0,5.000000,,0.0,python3.12,func@0x5d5ad0,[Unknown],0x5d5ad0
[Import thunk at::CPUGeneratorImpl::random],0.025000,0.0,0.0,0.0,0.0,0.0,0.0,5101866,0,0,0,0,0,5.000000,,0.0,libtorch_cpu.so,[Import thunk at::CPUGeneratorImpl::random(void)],[Unknown],0xfce670
"at::native::templates::cpu::(anonymous namespace)::NormalFill16<float, (bool)1>::operator().constprop.0",0.025000,0.0,0.0,0.0,0.0,0.0,0.0,10203732,0,0,0,0,0,5.000000,,0.0,libtorch_cpu.so,"at::native::templates::cpu::(anonymous namespace)::NormalFill16<float, (bool)1>::operator()(float*) const.constprop.0",[Unknown],0x7910d70
func@0x591820,0.025000,0.0,0.0,0.0,0.0,0.0,0.0,5101866,10203732,0,0,0,0,0.0,,0.0,python3.12,func@0x591820,[Unknown],0x591820
func@0x602a40,0.025000,0.0,0.0,0.0,0.0,0.0,0.0,10203732,15305598,0,0,0,0,0.0,,0.0,python3.12,func@0x602a40,[Unknown],0x602a40
func@0x61d9e0,0.025000,0.0,48.6,48.6,0.0,0.0,0.0,15305598,0,0,0,0,0,0.0,,0.0,python3.12,func@0x61d9e0,[Unknown],0x61d9e0
jit_uni_reorder_kernel_f32,0.025000,25.0,0.0,0.0,0.0,32.4,0.0,40814928,71426124,0,0,0,0,5.000000,,0.0,[Dynamic code],jit_uni_reorder_kernel_f32,jit_uni_reorder.cpp,0x78a62b2bf000
c10::impl::OperatorEntry::updateDispatchTableEntry_,0.020000,0.0,0.0,0.0,100.0,0.0,0.0,0,0,0,0,0,0,0.0,,0.0,libtorch_cpu.so,"c10::impl::OperatorEntry::updateDispatchTableEntry_(c10::Dispatcher const&, c10::DispatchKey)",[Unknown],0x1c29ab0
func@0x537580,0.020000,0.0,0.0,0.0,0.0,0.0,0.0,0,5101866,0,0,0,0,0.0,,0.0,python3.12,func@0x537580,[Unknown],0x537580
malloc,0.020000,0.0,0.0,0.0,0.0,0.0,0.0,0,10203732,0,0,0,0,0.0,,0.0,libc.so.6,malloc,[Unknown],0xad750
PyUnicode_FromKindAndData,0.015000,0.0,0.0,0.0,0.0,0.0,0.0,0,5101866,0,0,0,0,0.0,,0.0,python3.12,PyUnicode_FromKindAndData,[Unknown],0x5ab6a0
_PyCode_New,0.015000,0.0,0.0,0.0,0.0,0.0,0.0,0,0,0,0,0,0,0.0,,0.0,python3.12,_PyCode_New,[Unknown],0x54d650
_PyObject_GenericGetAttrWithDict,0.015000,50.0,57.2,57.2,0.0,28.6,0.0,20407464,35713062,0,0,0,0,0.0,,0.0,python3.12,_PyObject_GenericGetAttrWithDict,[Unknown],0x584f60
_PyUnicode_JoinArray,0.015000,0.0,0.0,0.0,0.0,0.0,0.0,0,0,0,0,0,0,0.0,,0.0,python3.12,_PyUnicode_JoinArray,[Unknown],0x5b28a0
_Py_hashtable_get,0.015000,0.0,0.0,0.0,0.0,0.0,0.0,0,0,0,0,0,0,0.0,,0.0,python3.12,_Py_hashtable_get,[Unknown],0x5fc4f0
"c10::function_ref<void (char**, long const*, long, long)>::callback_fn<at::native::AVX2::VectorizedLoop2d<at::native::AVX2::direct_copy_kernel(at::TensorIteratorBase&)::{lambda()#3}::operator()(void) const::{lambda()#15}::operator()(void) const::{lambda(float)#1}, at::native::AVX2::direct_copy_kernel(at::TensorIteratorBase&)::{lambda()#3}::operator()(void) const::{lambda()#15}::operator()(void) const::{lambda(at::vec::AVX2::Vectorized<float>)#1}>>",0.015000,0.0,0.0,0.0,0.0,0.0,0.0,5101866,10203732,0,0,0,0,0.0,,0.0,libtorch_cpu.so,"c10::function_ref<void (char**, long const*, long, long)>::callback_fn<at::native::AVX2::VectorizedLoop2d<at::native::AVX2::direct_copy_kernel(at::TensorIteratorBase&)::{lambda()#3}::operator()(void) const::{lambda()#15}::operator()(void) const::{lambda(float)#1}, at::native::AVX2::direct_copy_kernel(at::TensorIteratorBase&)::{lambda()#3}::operator()(void) const::{lambda()#15}::operator()(void) const::{lambda(at::vec::AVX2::Vectorized<float>)#1}>>(long, char**, long const*, long, long)",[Unknown],0x79620a0
func@0x559820,0.015000,0.0,0.0,0.0,0.0,0.0,0.0,5101866,10203732,0,0,0,0,0.0,,0.0,python3.12,func@0x559820,[Unknown],0x559820
func@0x5767a0,0.015000,,0.0,0.0,0.0,0.0,0.0,0,0,0,0,0,0,0.0,,0.0,python3.12,func@0x5767a0,[Unknown],0x5767a0
func@0x591b90,0.015000,0.0,0.0,0.0,0.0,0.0,0.0,0,0,0,0,0,0,0.0,,0.0,python3.12,func@0x591b90,[Unknown],0x591b90
func@0x593570,0.015000,0.0,0.0,0.0,0.0,0.0,0.0,0,0,0,0,0,0,0.0,,0.0,python3.12,func@0x593570,[Unknown],0x593570
func@0x59c1b0,0.015000,0.0,0.0,0.0,0.0,0.0,0.0,10203732,5101866,0,0,0,0,0.0,,0.0,python3.12,func@0x59c1b0,[Unknown],0x59c1b0
func@0x59d780,0.015000,0.0,,0.0,0.0,0.0,0.0,0,0,0,0,0,0,0.0,,0.0,python3.12,func@0x59d780,[Unknown],0x59d780
func@0x5f7750,0.015000,0.0,0.0,40.5,0.0,0.0,0.0,5101866,5101866,0,0,0,0,5.000000,,0.0,python3.12,func@0x5f7750,[Unknown],0x5f7750
func@0x5ff270,0.015000,0.0,0.0,0.0,0.0,0.0,0.0,0,0,0,0,0,0,0.0,,0.0,python3.12,func@0x5ff270,[Unknown],0x5ff270
jit_single_blk_kernel,0.015000,100.0,0.0,21.1,21.1,0.0,84.5,10203732,20407464,0,0,0,0,0.0,,0.0,[Dynamic code],jit_single_blk_kernel,jit_uni_reorder.cpp,0x78a62b1bf000
jit_single_blk_kernel,0.015000,50.0,32.4,0.0,32.4,0.0,100.0,0,15305598,0,0,0,0,5.000000,,0.0,[Dynamic code],jit_single_blk_kernel,jit_uni_reorder.cpp,0x78a62aeff000
jit_single_blk_kernel,0.015000,,0.0,0.0,0.0,0.0,44.2,0,25509330,0,0,0,0,0.0,,0.0,[Dynamic code],jit_single_blk_kernel,jit_uni_reorder.cpp,0x78a62b2ff000
jit_single_blk_kernel,0.015000,0.0,0.0,0.0,0.0,0.0,100.0,0,0,2551928,0,0,0,0.0,,0.0,[Dynamic code],jit_single_blk_kernel,jit_uni_reorder.cpp,0x78a62b17f000
std::_Sp_counted_base<(__gnu_cxx::_Lock_policy)2>::_M_release,0.015000,0.0,0.0,0.0,0.0,0.0,0.0,5101866,10203732,0,0,0,0,62.000000,,0.0,libtorch_cpu.so,std::_Sp_counted_base<(__gnu_cxx::_Lock_policy)2>::_M_release(void),[Unknown],0x1937980
PyErr_Occurred,0.010000,0.0,0.0,0.0,0.0,0.0,0.0,0,0,0,0,0,0,0.0,,0.0,python3.12,PyErr_Occurred,[Unknown],0x5f1620
PyFunction_New,0.010000,0.0,0.0,0.0,0.0,0.0,0.0,5101866,0,0,0,0,0,0.0,,0.0,python3.12,PyFunction_New,[Unknown],0x5599b0
PyList_Append,0.010000,0.0,0.0,0.0,0.0,0.0,0.0,0,0,0,0,0,0,0.0,,0.0,python3.12,PyList_Append,[Unknown],0x55b870
PyMethod_New,0.010000,0.0,0.0,0.0,0.0,0.0,0.0,0,5101866,0,0,0,0,0.0,,0.0,python3.12,PyMethod_New,[Unknown],0x54c8b0
PyObject_GetAttr,0.010000,100.0,0.0,0.0,0.0,0.0,0.0,5101866,5101866,0,0,0,0,5.000000,,0.0,python3.12,PyObject_GetAttr,[Unknown],0x5849e0
PyObject_IS_GC,0.010000,0.0,100.0,0.0,0.0,0.0,0.0,0,0,0,0,0,0,0.0,,0.0,python3.12,PyObject_IS_GC,[Unknown],0x61c390
PyType_GenericAlloc,0.010000,0.0,0.0,0.0,0.0,0.0,0.0,0,5101866,0,0,0,0,0.0,,0.0,python3.12,PyType_GenericAlloc,[Unknown],0x597b70
PyUnicode_Format,0.010000,0.0,0.0,0.0,0.0,0.0,0.0,0,5101866,0,0,0,0,0.0,,0.0,python3.12,PyUnicode_Format,[Unknown],0x5be7f0
PyUnicode_FromFormatV,0.010000,0.0,0.0,0.0,0.0,0.0,0.0,0,0,0,0,0,0,0.0,,0.0,python3.12,PyUnicode_FromFormatV,[Unknown],0x5a9410
PyUnicode_InternInPlace,0.010000,0.0,0.0,0.0,0.0,0.0,0.0,5101866,0,0,0,0,0,0.0,,0.0,python3.12,PyUnicode_InternInPlace,[Unknown],0x5a6920
_PyObject_LookupSpecial,0.010000,0.0,0.0,0.0,0.0,0.0,0.0,0,0,0,0,0,0,0.0,,0.0,python3.12,_PyObject_LookupSpecial,[Unknown],0x59ca00
_PyTrash_begin,0.010000,0.0,0.0,0.0,0.0,0.0,0.0,0,0,0,0,0,0,0.0,,0.0,python3.12,_PyTrash_begin,[Unknown],0x583df0
_PyType_Lookup,0.010000,100.0,0.0,0.0,0.0,0.0,0.0,5101866,10203732,0,0,0,0,0.0,,0.0,python3.12,_PyType_Lookup,[Unknown],0x599430
_Py_HashBytes,0.010000,0.0,0.0,0.0,0.0,0.0,0.0,0,0,0,0,0,0,0.0,,0.0,python3.12,_Py_HashBytes,[Unknown],0x6076b0
c10::Argument::cloneWithType,0.010000,0.0,0.0,0.0,0.0,0.0,0.0,0,5101866,0,0,0,0,0.0,,0.0,libtorch_cpu.so,c10::Argument::cloneWithType(c10::Type::SingletonOrSharedTypePtr<c10::Type> const&) const,[Unknown],0x1c3ed20
dnnl::impl::cpu::x64::jit_blk_reorder_t::execute,0.010000,0.0,0.0,0.0,0.0,0.0,0.0,0,5101866,0,0,0,0,0.0,,0.0,libtorch_cpu.so,dnnl::impl::cpu::x64::jit_blk_reorder_t::execute(dnnl::impl::exec_ctx_t const&) const,[Unknown],0x1017fa10
func@0x155c0,0.010000,0.0,0.0,0.0,0.0,0.0,0.0,0,5101866,0,0,0,0,0.0,,0.0,libittnotify_collector.so,func@0x155c0,[Unknown],0x155c0
func@0x198500,0.010000,0.0,0.0,0.0,0.0,0.0,0.0,5101866,0,0,0,0,0,0.0,,0.0,libc.so.6,func@0x198500,[Unknown],0x198500
func@0x19b2a0,0.010000,0.0,0.0,27.0,0.0,0.0,0.0,10203732,0,0,0,0,0,0.0,,0.0,libc.so.6,func@0x19b2a0,[Unknown],0x19b2a0
func@0x1a14c0,0.010000,0.0,0.0,0.0,0.0,0.0,0.0,0,5101866,0,0,0,0,0.0,,0.0,libc.so.6,func@0x1a14c0,[Unknown],0x1a14c0
func@0x575cb0,0.010000,0.0,0.0,0.0,0.0,0.0,0.0,0,10203732,0,0,0,0,0.0,,0.0,python3.12,func@0x575cb0,[Unknown],0x575cb0
func@0x591530,0.010000,0.0,0.0,0.0,0.0,0.0,0.0,0,0,0,0,0,0,5.000000,,0.0,python3.12,func@0x591530,[Unknown],0x591530
func@0x596b70,0.010000,0.0,0.0,0.0,0.0,0.0,0.0,0,0,0,0,0,0,0.0,,0.0,python3.12,func@0x596b70,[Unknown],0x596b70
func@0x5e3240,0.010000,0.0,0.0,0.0,0.0,0.0,0.0,5101866,5101866,0,0,0,0,0.0,,0.0,python3.12,func@0x5e3240,[Unknown],0x5e3240
func@0x5f2c00,0.010000,0.0,0.0,0.0,0.0,0.0,0.0,0,0,0,0,0,0,0.0,,0.0,python3.12,func@0x5f2c00,[Unknown],0x5f2c00
func@0x61d9f8,0.010000,0.0,0.0,0.0,0.0,0.0,0.0,10203732,5101866,0,0,0,0,0.0,,0.0,python3.12,func@0x61d9f8,[Unknown],0x61d9f8
func@0xa530,0.010000,0.0,0.0,0.0,0.0,0.0,0.0,0,0,0,0,0,0,0.0,,0.0,ld-linux-x86-64.so.2,func@0xa530,[Unknown],0xa530
jit_single_blk_kernel,0.010000,0.0,0.0,0.0,0.0,0.0,100.0,0,10203732,0,0,0,0,0.0,,0.0,[Dynamic code],jit_single_blk_kernel,jit_uni_reorder.cpp,0x78a62b0bf000
jit_single_blk_kernel,0.010000,100.0,0.0,31.3,0.0,0.0,62.7,10203732,20407464,0,0,0,0,5.000000,,0.0,[Dynamic code],jit_single_blk_kernel,jit_uni_reorder.cpp,0x78a630c40000
jit_single_blk_kernel,0.010000,100.0,38.9,0.0,0.0,38.9,0.0,0,30611196,0,10204140,0,0,17.000000,,0.0,[Dynamic code],jit_single_blk_kernel,jit_uni_reorder.cpp,0x78a62aebf000
pybind11::detail::get_type_info,0.010000,0.0,0.0,0.0,0.0,0.0,0.0,0,0,0,0,0,0,0.0,,0.0,libtorch_python.so,"pybind11::detail::get_type_info(std::type_info const&, bool)",[Unknown],0x3df210
"std::__shared_ptr<c10::Type, (__gnu_cxx::_Lock_policy)2>::__shared_ptr",0.010000,0.0,0.0,0.0,0.0,0.0,0.0,0,5101866,0,0,0,0,0.0,,0.0,libtorch_cpu.so,"std::__shared_ptr<c10::Type, (__gnu_cxx::_Lock_policy)2>::__shared_ptr(std::__shared_ptr<c10::Type, (__gnu_cxx::_Lock_policy)2> const&)",[Unknown],0x1a2dfe0
torch::jit::Lexer::lexRaw,0.010000,0.0,0.0,0.0,0.0,0.0,0.0,0,5101866,0,0,0,0,0.0,,0.0,libtorch_cpu.so,torch::jit::Lexer::lexRaw(bool),[Unknown],0x1cacf00
torch::jit::SharedParserData::match,0.010000,0.0,0.0,0.0,0.0,0.0,0.0,10203732,10203732,0,0,0,0,0.0,,0.0,libtorch_cpu.so,"torch::jit::SharedParserData::match(torch::jit::StringCordView::Iterator, bool, bool, int*, torch::jit::StringCordView::Iterator*, torch::jit::StringCordView::Iterator*)",[Unknown],0x1cac180
PyCompile_OpcodeStackEffectWithJump,0.005000,0.0,0.0,0.0,0.0,0.0,0.0,0,0,0,0,0,0,0.0,,0.0,python3.12,PyCompile_OpcodeStackEffectWithJump,[Unknown],0x5efee0
PyDict_Copy,0.005000,0.0,0.0,0.0,0.0,0.0,0.0,0,0,0,0,0,0,0.0,,0.0,python3.12,PyDict_Copy,[Unknown],0x574d50
PyDict_GetItemWithError,0.005000,0.0,100.0,0.0,0.0,0.0,0.0,0,0,0,0,0,0,0.0,,0.0,python3.12,PyDict_GetItemWithError,[Unknown],0x574a30
PyDict_Next,0.005000,0.0,0.0,0.0,0.0,0.0,0.0,5101866,0,0,0,0,0,0.0,,0.0,python3.12,PyDict_Next,[Unknown],0x576330
PyIter_Next,0.005000,0.0,0.0,0.0,0.0,0.0,0.0,0,0,0,0,0,0,0.0,,0.0,python3.12,PyIter_Next,[Unknown],0x53ba80
PyMem_Realloc,0.005000,0.0,0.0,0.0,0.0,0.0,0.0,0,0,0,0,0,0,0.0,,0.0,python3.12,PyMem_Realloc,[Unknown],0x5889f0
PyObject_Format,0.005000,0.0,0.0,0.0,0.0,0.0,0.0,0,0,0,0,0,0,0.0,,0.0,python3.12,PyObject_Format,[Unknown],0x53d000
PyObject_GC_Del,0.005000,0.0,0.0,0.0,0.0,0.0,0.0,0,0,0,0,0,0,0.0,,0.0,python3.12,PyObject_GC_Del,[Unknown],0x61c430
PyObject_GenericGetDict,0.005000,0.0,0.0,0.0,0.0,0.0,0.0,0,5101866,0,0,0,0,0.0,,0.0,python3.12,PyObject_GenericGetDict,[Unknown],0x577870
PyObject_GetIter,0.005000,0.0,0.0,0.0,0.0,0.0,0.0,0,0,0,0,0,0,0.0,,0.0,python3.12,PyObject_GetIter,[Unknown],0x53b9c0
PyObject_RichCompareBool,0.005000,0.0,0.0,0.0,0.0,0.0,0.0,0,0,0,0,0,0,0.0,,0.0,python3.12,PyObject_RichCompareBool,[Unknown],0x5854b0
PyObject_SetAttr,0.005000,0.0,0.0,0.0,0.0,0.0,0.0,5101866,0,0,0,0,0,0.0,,0.0,python3.12,PyObject_SetAttr,[Unknown],0x583f70
PyObject_Vectorcall,0.005000,0.0,0.0,0.0,0.0,0.0,100.0,0,5101866,0,0,0,0,0.0,,0.0,python3.12,PyObject_Vectorcall,[Unknown],0x549980
PyTuple_GetSlice,0.005000,0.0,0.0,0.0,0.0,0.0,0.0,0,5101866,0,0,0,0,0.0,,0.0,python3.12,PyTuple_GetSlice,[Unknown],0x592400
PyTuple_New,0.005000,0.0,0.0,0.0,0.0,0.0,0.0,5101866,0,0,0,0,0,0.0,,0.0,python3.12,PyTuple_New,[Unknown],0x5908f0
PyUnicode_Append,0.005000,0.0,0.0,0.0,0.0,0.0,0.0,0,0,0,0,0,0,0.0,,0.0,python3.12,PyUnicode_Append,[Unknown],0x5b75f0
PyUnicode_AsWideCharString,0.005000,0.0,0.0,0.0,0.0,0.0,0.0,0,0,0,0,0,0,0.0,,0.0,python3.12,PyUnicode_AsWideCharString,[Unknown],0x5b3500
PyUnicode_Contains,0.005000,0.0,0.0,0.0,0.0,0.0,0.0,0,0,0,0,0,0,0.0,,0.0,python3.12,PyUnicode_Contains,[Unknown],0x5b2f10
Py_IsInitialized,0.005000,0.0,0.0,0.0,0.0,0.0,0.0,0,0,0,0,0,0,0.0,,0.0,python3.12,Py_IsInitialized,[Unknown],0x4b07cc
Py_XDECREF,0.005000,0.0,0.0,0.0,0.0,0.0,0.0,0,0,0,0,0,0,0.0,,0.0,libtorch_python.so,Py_XDECREF,[Unknown],0xe300c0
THPVariable_clear,0.005000,0.0,0.0,0.0,0.0,0.0,0.0,0,0,0,0,0,0,0.0,,0.0,libtorch_python.so,THPVariable_clear(THPVariable*),[Unknown],0x87e540
Xbyak::CodeGenerator::opVex,0.005000,0.0,0.0,0.0,0.0,0.0,0.0,0,0,0,0,0,0,0.0,,0.0,libtorch_cpu.so,"Xbyak::CodeGenerator::opVex(Xbyak::Reg const&, Xbyak::Operand const*, Xbyak::Operand const&, unsigned long, int, int)",[Unknown],0xf373600
[Import thunk at::has_internal_overlap],0.005000,0.0,0.0,0.0,0.0,0.0,0.0,0,0,0,0,0,0,0.0,,0.0,libtorch_cpu.so,[Import thunk at::has_internal_overlap(c10::TensorImpl*)],[Unknown],0xfc5180
[Import thunk at::native::DispatchStubImpl::try_get_call_ptr],0.005000,0.0,0.0,0.0,0.0,0.0,0.0,0,0,0,0,0,0,0.0,,0.0,libtorch_cpu.so,"[Import thunk at::native::DispatchStubImpl::try_get_call_ptr(c10::DeviceType, void*, void*, void*)]",[Unknown],0xfcb9a0
_PyArena_Malloc,0.005000,0.0,0.0,0.0,0.0,0.0,0.0,0,0,0,0,0,0,0.0,,0.0,python3.12,_PyArena_Malloc,[Unknown],0x6074d0
_PyDictView_New,0.005000,0.0,0.0,0.0,0.0,0.0,0.0,0,0,0,0,0,0,0.0,,0.0,python3.12,_PyDictView_New,[Unknown],0x577e40
_PyDict_DelItemIf,0.005000,0.0,0.0,0.0,0.0,0.0,0.0,0,0,0,0,0,0,0.0,,0.0,python3.12,_PyDict_DelItemIf,[Unknown],0x579c10
_PyDict_GetItem_KnownHash,0.005000,0.0,0.0,0.0,0.0,0.0,0.0,5101866,5101866,0,0,0,0,0.0,,0.0,python3.12,_PyDict_GetItem_KnownHash,[Unknown],0x574ac0
_PyDict_MaybeUntrack,0.005000,0.0,0.0,0.0,0.0,0.0,0.0,0,5101866,0,0,0,0,0.0,,0.0,python3.12,_PyDict_MaybeUntrack,[Unknown],0x57b330
_PyObject_GC_New,0.005000,0.0,100.0,0.0,0.0,0.0,0.0,5101866,5101866,0,0,0,0,0.0,,0.0,python3.12,_PyObject_GC_New,[Unknown],0x61c040
_PyObject_GetDictPtr,0.005000,0.0,0.0,0.0,0.0,0.0,0.0,0,0,0,0,0,0,0.0,,0.0,python3.12,_PyObject_GetDictPtr,[Unknown],0x675490
_PyObject_VisitManagedDict,0.005000,0.0,0.0,0.0,100.0,0.0,0.0,0,5101866,0,0,0,0,5.000000,,0.0,python3.12,_PyObject_VisitManagedDict,[Unknown],0x57a0a0
_PyTrash_cond,0.005000,0.0,0.0,0.0,0.0,0.0,0.0,0,0,0,0,0,0,0.0,,0.0,python3.12,_PyTrash_cond,[Unknown],0x583dd0
_PyTrash_end,0.005000,0.0,0.0,0.0,0.0,0.0,0.0,0,0,0,0,0,0,0.0,,0.0,python3.12,_PyTrash_end,[Unknown],0x583e40
_PyUnicode_FromASCII,0.005000,0.0,0.0,0.0,0.0,0.0,0.0,0,0,0,0,0,0,0.0,,0.0,python3.12,_PyUnicode_FromASCII,[Unknown],0x5a9190
_Py_CheckFunctionResult,0.005000,0.0,0.0,0.0,0.0,0.0,0.0,0,0,0,0,0,0,0.0,,0.0,python3.12,_Py_CheckFunctionResult,[Unknown],0x548ea0
_Py_NewReference,0.005000,0.0,0.0,0.0,0.0,0.0,0.0,0,0,0,0,0,0,5.000000,,0.0,python3.12,_Py_NewReference,[Unknown],0x583d10
__libc_calloc,0.005000,0.0,0.0,0.0,0.0,0.0,0.0,0,0,0,0,0,0,0.0,,0.0,libc.so.6,__libc_calloc,[Unknown],0xae8a0
at::TensorBase::const_data_ptr<float const>,0.005000,0.0,0.0,,,0.0,0.0,0,0,0,0,0,0,0.0,,0.0,libtorch_cpu.so,at::TensorBase::const_data_ptr<float const>(void) const,[Unknown],0x386ec60
at::checkBackend,0.005000,0.0,0.0,0.0,0.0,0.0,0.0,0,5101866,0,0,0,0,0.0,,0.0,libtorch_cpu.so,"at::checkBackend(char const*, c10::ArrayRef<at::Tensor>, c10::Backend)",[Unknown],0x19d9910
at::detail::computeStorageNbytesContiguous,0.005000,0.0,0.0,0.0,0.0,0.0,0.0,0,0,0,0,0,0,0.0,,0.0,libtorch_cpu.so,"at::detail::computeStorageNbytesContiguous(c10::ArrayRef<long>, unsigned long, unsigned long)",[Unknown],0x1916250
at::native::setStrided<c10::SymInt>,0.005000,0.0,0.0,0.0,0.0,0.0,0.0,0,0,0,0,0,0,0.0,,0.0,libtorch_cpu.so,"at::native::setStrided<c10::SymInt>(at::Tensor const&, c10::ArrayRef<c10::SymInt>, c10::ArrayRef<c10::SymInt>, c10::SymInt)",[Unknown],0x22409c0
c10::Dispatcher::findOp,0.005000,0.0,0.0,0.0,0.0,0.0,0.0,0,0,0,0,0,0,0.0,,0.0,libtorch_cpu.so,c10::Dispatcher::findOp(c10::OperatorName const&),[Unknown],0x1c1bce0
c10::Dispatcher::findOrRegisterName_,0.005000,0.0,0.0,0.0,0.0,0.0,0.0,0,0,0,0,0,0,0.0,,0.0,libtorch_cpu.so,c10::Dispatcher::findOrRegisterName_(c10::OperatorName const&),[Unknown],0x1c207e0
c10::TensorImpl::size,0.005000,0.0,0.0,0.0,0.0,0.0,0.0,0,0,0,0,0,0,0.0,,0.0,libtorch_cpu.so,c10::TensorImpl::size(long) const,[Unknown],0x1ada0f0
c10::TensorType::equals,0.005000,0.0,0.0,0.0,0.0,0.0,0.0,0,0,0,0,0,0,0.0,,0.0,libtorch_cpu.so,c10::TensorType::equals(c10::Type const&) const,[Unknown],0x1c75ce0
c10::computeDispatchKey.isra.0,0.005000,0.0,0.0,0.0,0.0,0.0,0.0,0,0,0,0,0,0,0.0,,0.0,libtorch_cpu.so,"c10::computeDispatchKey(std::optional<c10::ScalarType>, std::optional<c10::Layout>, std::optional<c10::Device>).isra.0",[Unknown],0x1dbba10
c10::detail::infer_schema::(anonymous namespace)::createArgumentVector,0.005000,0.0,0.0,0.0,0.0,0.0,0.0,5101866,0,0,0,0,0,0.0,,0.0,libtorch_cpu.so,c10::detail::infer_schema::(anonymous namespace)::createArgumentVector(c10::ArrayRef<c10::detail::infer_schema::ArgumentDef>),[Unknown],0x1c6a290
c10::fromIntArrayRefSlow,0.005000,0.0,0.0,0.0,0.0,0.0,0.0,0,5101866,0,0,0,0,0.0,,0.0,libtorch_cpu.so,c10::fromIntArrayRefSlow(c10::ArrayRef<long>),[Unknown],0x1923010
c10::impl::OperatorEntry::hasKernelForAnyDispatchKey,0.005000,0.0,100.0,0.0,0.0,0.0,0.0,5101866,0,0,0,0,0,0.0,,0.0,libtorch_cpu.so,c10::impl::OperatorEntry::hasKernelForAnyDispatchKey(c10::DispatchKeySet) const,[Unknown],0x1c26520
c10::impl::OperatorEntry::lookup,0.005000,0.0,0.0,0.0,0.0,0.0,0.0,5101866,5101866,0,0,0,0,0.0,,0.0,libtorch_cpu.so,c10::impl::OperatorEntry::lookup(c10::DispatchKeySet) const,[Unknown],0x28355e0
c10::impl::OperatorEntry::registerSchema,0.005000,0.0,0.0,0.0,0.0,0.0,0.0,0,0,0,0,0,0,0.0,,0.0,libtorch_cpu.so,"c10::impl::OperatorEntry::registerSchema(c10::FunctionSchema&&, std::__cxx11::basic_string<char, std::char_traits<char>, std::allocator<char>>&&, std::vector<torch::headeronly::Tag, std::allocator<torch::headeronly::Tag>>)",[Unknown],0x1c2afd0
c10::impl::OperatorEntry::updateDispatchTable_.part.0,0.005000,0.0,0.0,0.0,0.0,0.0,0.0,0,0,0,0,0,0,5.000000,,0.0,libtorch_cpu.so,"c10::impl::OperatorEntry::updateDispatchTable_(c10::Dispatcher const&, c10::DispatchKey).part.0",[Unknown],0x1c29c40
"c10::impl::wrap_kernel_functor_unboxed_<c10::impl::detail::WrapFunctionIntoFunctor_<c10::CompileTimeFunctionPointer<at::Tensor (c10::ArrayRef<c10::SymInt>, std::optional<c10::ScalarType>, std::optional<c10::Layout>, std::optional<c10::Device>, std::optional<bool>, std::optional<c10::MemoryFormat>), &(at::(anonymous namespace)::empty_memory_format(c10::ArrayRef<c10::SymInt>, std::optional<c10::ScalarType>, std::optional<c10::Layout>, std::optional<c10::Device>, std::optional<bool>, std::optional<c10::MemoryFormat>))>, at::Tensor, c10::guts::typelist::typelist<c10::ArrayRef<c10::SymInt>, std::optional<c10::ScalarType>, std::optional<c10::Layout>, std::optional<c10::Device>, std::optional<bool>, std::optional<c10::MemoryFormat>>>, at::Tensor (c10::ArrayRef<c10::SymInt>, std::optional<c10::ScalarType>, std::optional<c10::Layout>, std::optional<c10::Device>, std::optional<bool>, std::optional<c10::MemoryFormat>)>::call",0.005000,0.0,0.0,0.0,0.0,0.0,0.0,0,0,0,0,0,0,0.0,,0.0,libtorch_cpu.so,"c10::impl::wrap_kernel_functor_unboxed_<c10::impl::detail::WrapFunctionIntoFunctor_<c10::CompileTimeFunctionPointer<at::Tensor (c10::ArrayRef<c10::SymInt>, std::optional<c10::ScalarType>, std::optional<c10::Layout>, std::optional<c10::Device>, std::optional<bool>, std::optional<c10::MemoryFormat>), &(at::(anonymous namespace)::empty_memory_format(c10::ArrayRef<c10::SymInt>, std::optional<c10::ScalarType>, std::optional<c10::Layout>, std::optional<c10::Device>, std::optional<bool>, std::optional<c10::MemoryFormat>))>, at::Tensor, c10::guts::typelist::typelist<c10::ArrayRef<c10::SymInt>, std::optional<c10::ScalarType>, std::optional<c10::Layout>, std::optional<c10::Device>, std::optional<bool>, std::optional<c10::MemoryFormat>>>, at::Tensor (c10::ArrayRef<c10::SymInt>, std::optional<c10::ScalarType>, std::optional<c10::Layout>, std::optional<c10::Device>, std::optional<bool>, std::optional<c10::MemoryFormat>)>::call(c10::OperatorKernel*, c10::DispatchKeySet, c10::ArrayRef<c10::SymInt>, std::optional<c10::ScalarType>, std::optional<c10::Layout>, std::optional<c10::Device>, std::optional<bool>, std::optional<c10::MemoryFormat>)",[Unknown],0x2e98810
c10::isIncludedInAlias,0.005000,0.0,0.0,0.0,0.0,0.0,0.0,0,0,0,0,0,0,0.0,,0.0,libc10.so,"c10::isIncludedInAlias(c10::DispatchKey, c10::DispatchKey)",[Unknown],0x60a10
dnnl::impl::itt::primitive_task_end,0.005000,0.0,0.0,0.0,0.0,0.0,0.0,0,0,0,0,0,0,0.0,,0.0,libtorch_cpu.so,dnnl::impl::itt::primitive_task_end(char const*),[Unknown],0x10647f90
dnnl::impl::memory_desc_init_by_tag,0.005000,0.0,0.0,0.0,0.0,0.0,0.0,0,0,0,0,0,0,0.0,,0.326519,libtorch_cpu.so,"dnnl::impl::memory_desc_init_by_tag(dnnl_memory_desc&, int, long const*, dnnl_data_type_t, dnnl_format_tag_t)",[Unknown],0xed26030
dnnl::impl::primitive_desc_t::query,0.005000,0.0,0.0,0.0,0.0,0.0,0.0,0,0,0,0,0,0,0.0,,0.0,libtorch_cpu.so,"dnnl::impl::primitive_desc_t::query(dnnl_query_t, int, void*) const",[Unknown],0xed70d20
dnnl::impl::primitive_hashing::get_attr_hash,0.005000,0.0,0.0,0.0,0.0,0.0,0.0,0,0,0,0,0,0,0.0,,0.0,libtorch_cpu.so,dnnl::impl::primitive_hashing::get_attr_hash(dnnl_primitive_attr const&),[Unknown],0xed78fa0
dnnl::impl::primitive_hashing::get_md_hash,0.005000,0.0,0.0,0.0,0.0,0.0,0.0,0,0,0,0,0,0,0.0,,0.0,libtorch_cpu.so,dnnl::impl::primitive_hashing::get_md_hash(dnnl_memory_desc const&),[Unknown],0xed737e0
"dnnl::impl::utils::make_unique<dnnl_primitive_attr, dnnl_primitive_attr const&>",0.005000,0.0,0.0,0.0,0.0,0.0,0.0,0,5101866,0,0,0,0,0.0,,0.0,libtorch_cpu.so,"dnnl::impl::utils::make_unique<dnnl_primitive_attr, dnnl_primitive_attr const&>(dnnl_primitive_attr const&&&)",[Unknown],0xed69040
dnnl::primitive_attr::primitive_attr,0.005000,0.0,0.0,0.0,0.0,0.0,0.0,0,0,0,0,0,0,0.0,,0.0,libtorch_cpu.so,dnnl::primitive_attr::primitive_attr(void),[Unknown],0x1cd9260
dnnl_memory_create,0.005000,0.0,0.0,0.0,0.0,0.0,0.0,0,0,0,0,0,0,0.0,,0.0,libtorch_cpu.so,dnnl_memory_create,[Unknown],0xed1ec50
dnnl_memory_desc_create_with_tag,0.005000,0.0,0.0,0.0,0.0,0.0,0.0,0,0,0,0,0,0,0.0,,0.0,libtorch_cpu.so,dnnl_memory_desc_create_with_tag,[Unknown],0xed26c20
dnnl_runtime2str,0.005000,0.0,0.0,0.0,0.0,0.0,0.0,0,0,0,0,0,0,0.0,,0.0,libtorch_cpu.so,dnnl_runtime2str,[Unknown],0x10641e20
"fmt::v12::detail::parse_format_string<char, fmt::v12::detail::format_handler<char>>",0.005000,0.0,0.0,0.0,0.0,0.0,0.0,5101866,0,0,0,0,0,0.0,,0.0,libtorch_cpu.so,"fmt::v12::detail::parse_format_string<char, fmt::v12::detail::format_handler<char>>(fmt::v12::basic_string_view<char>, fmt::v12::detail::format_handler<char>&&)",[Unknown],0x198eef0
func@0x130e0,0.005000,50.0,60.7,0.0,60.7,0.0,0.0,0,5101866,0,0,0,0,0.0,,0.0,libittnotify_collector.so,func@0x130e0,[Unknown],0x130e0
func@0x183c20,0.005000,0.0,0.0,0.0,0.0,0.0,0.0,0,0,0,0,0,0,0.0,,0.0,libc.so.6,func@0x183c20,[Unknown],0x183c20
func@0x19bac0,0.005000,0.0,0.0,0.0,0.0,0.0,0.0,0,0,0,0,0,0,0.0,,0.0,libc.so.6,func@0x19bac0,[Unknown],0x19bac0
func@0x1a1d00,0.005000,0.0,0.0,0.0,0.0,0.0,0.0,10203732,10203732,0,0,0,0,0.0,,0.0,libc.so.6,func@0x1a1d00,[Unknown],0x1a1d00
func@0x4201d0,0.005000,0.0,0.0,0.0,0.0,0.0,0.0,0,0,0,0,0,0,0.0,,0.0,python3.12,func@0x4201d0,[Unknown],0x4201d0
func@0x519930,0.005000,0.0,0.0,0.0,0.0,0.0,0.0,0,5101866,0,0,0,0,0.0,,0.0,python3.12,func@0x519930,[Unknown],0x519930
func@0x519b20,0.005000,0.0,0.0,0.0,0.0,0.0,0.0,5101866,0,0,0,0,0,0.0,,0.0,python3.12,func@0x519b20,[Unknown],0x519b20
func@0x528750,0.005000,0.0,0.0,0.0,0.0,0.0,0.0,0,0,0,0,0,0,0.0,,0.0,python3.12,func@0x528750,[Unknown],0x528750
func@0x528a70,0.005000,0.0,0.0,0.0,0.0,0.0,0.0,0,0,0,0,0,0,0.0,,0.0,python3.12,func@0x528a70,[Unknown],0x528a70
func@0x539d90,0.005000,0.0,,0.0,0.0,0.0,0.0,10203732,10203732,0,0,0,0,0.0,,0.0,python3.12,func@0x539d90,[Unknown],0x539d90
func@0x54ee60,0.005000,0.0,0.0,0.0,0.0,0.0,0.0,0,0,0,0,0,0,0.0,,0.0,python3.12,func@0x54ee60,[Unknown],0x54ee60
func@0x550f30,0.005000,0.0,0.0,0.0,0.0,0.0,0.0,0,0,0,0,0,0,0.0,,0.0,python3.12,func@0x550f30,[Unknown],0x550f30
func@0x551680,0.005000,0.0,0.0,0.0,0.0,0.0,0.0,0,0,0,0,0,0,0.0,,0.0,python3.12,func@0x551680,[Unknown],0x551680
func@0x559e10,0.005000,0.0,0.0,0.0,0.0,0.0,0.0,0,5101866,0,0,0,0,0.0,,0.0,python3.12,func@0x559e10,[Unknown],0x559e10
func@0x55b730,0.005000,0.0,0.0,0.0,0.0,0.0,0.0,0,0,0,0,0,0,0.0,,0.0,python3.12,func@0x55b730,[Unknown],0x55b730
func@0x560380,0.005000,0.0,0.0,0.0,0.0,0.0,0.0,0,0,0,0,0,0,0.0,,0.0,python3.12,func@0x560380,[Unknown],0x560380
func@0x567fe0,0.005000,0.0,0.0,0.0,0.0,0.0,0.0,0,0,0,0,0,0,0.0,,0.0,python3.12,func@0x567fe0,[Unknown],0x567fe0
func@0x572c30,0.005000,0.0,0.0,0.0,0.0,0.0,0.0,0,0,0,0,0,0,0.0,,0.0,python3.12,func@0x572c30,[Unknown],0x572c30
func@0x5731e0,0.005000,0.0,0.0,0.0,0.0,0.0,0.0,0,0,0,0,0,0,0.0,,0.0,python3.12,func@0x5731e0,[Unknown],0x5731e0
func@0x573800,0.005000,0.0,0.0,0.0,0.0,0.0,0.0,5101866,0,0,0,0,0,0.0,,0.0,python3.12,func@0x573800,[Unknown],0x573800
func@0x5746a0,0.005000,0.0,0.0,0.0,0.0,0.0,0.0,0,0,0,0,0,0,0.0,,0.0,python3.12,func@0x5746a0,[Unknown],0x5746a0
func@0x576000,0.005000,0.0,0.0,0.0,0.0,0.0,0.0,0,0,0,0,0,0,0.0,,0.0,python3.12,func@0x576000,[Unknown],0x576000
func@0x581e00,0.005000,0.0,0.0,0.0,0.0,0.0,0.0,0,0,0,0,0,0,0.0,,0.0,python3.12,func@0x581e00,[Unknown],0x581e00
func@0x587ef0,0.005000,0.0,0.0,0.0,0.0,0.0,0.0,0,0,0,0,0,0,0.0,,0.0,python3.12,func@0x587ef0,[Unknown],0x587ef0
func@0x58b650,0.005000,0.0,0.0,0.0,0.0,0.0,0.0,0,0,0,0,0,0,0.0,,0.0,python3.12,func@0x58b650,[Unknown],0x58b650
func@0x58f380,0.005000,0.0,0.0,0.0,0.0,0.0,0.0,0,0,0,0,0,0,0.0,,0.0,python3.12,func@0x58f380,[Unknown],0x58f380
func@0x590a40,0.005000,0.0,0.0,100.0,0.0,0.0,0.0,0,0,0,0,0,0,0.0,,0.0,python3.12,func@0x590a40,[Unknown],0x590a40
func@0x592220,0.005000,0.0,0.0,0.0,0.0,0.0,0.0,0,0,0,0,0,0,0.0,,0.0,python3.12,func@0x592220,[Unknown],0x592220
func@0x599560,0.005000,0.0,0.0,0.0,0.0,0.0,0.0,0,5101866,0,0,0,0,0.0,,0.0,python3.12,func@0x599560,[Unknown],0x599560
func@0x599ac0,0.005000,0.0,0.0,0.0,0.0,0.0,0.0,0,0,0,0,0,0,0.0,,0.0,python3.12,func@0x599ac0,[Unknown],0x599ac0
func@0x599b50,0.005000,0.0,0.0,0.0,0.0,0.0,0.0,0,0,0,0,0,0,0.0,,0.0,python3.12,func@0x599b50,[Unknown],0x599b50
func@0x599cc0,0.005000,0.0,0.0,0.0,0.0,0.0,0.0,0,0,0,0,0,0,0.0,,0.0,python3.12,func@0x599cc0,[Unknown],0x599cc0
func@0x59d670,0.005000,0.0,0.0,0.0,0.0,0.0,0.0,0,0,0,0,0,0,0.0,,0.0,python3.12,func@0x59d670,[Unknown],0x59d670
func@0x59dda0,0.005000,0.0,0.0,0.0,0.0,0.0,0.0,0,0,0,0,0,0,0.0,,0.0,python3.12,func@0x59dda0,[Unknown],0x59dda0
func@0x59e050,0.005000,0.0,0.0,0.0,0.0,0.0,0.0,0,0,0,0,0,0,0.0,,0.0,python3.12,func@0x59e050,[Unknown],0x59e050
func@0x59efb0,0.005000,0.0,0.0,0.0,0.0,0.0,0.0,0,5101866,0,0,0,0,0.0,,0.0,python3.12,func@0x59efb0,[Unknown],0x59efb0
func@0x5a4150,0.005000,0.0,0.0,0.0,0.0,0.0,0.0,0,0,0,0,0,0,0.0,,0.0,python3.12,func@0x5a4150,[Unknown],0x5a4150
func@0x5a6c30,0.005000,0.0,0.0,0.0,0.0,0.0,0.0,0,0,0,0,0,0,0.0,,0.0,python3.12,func@0x5a6c30,[Unknown],0x5a6c30
func@0x5a83a0,0.005000,0.0,0.0,0.0,0.0,0.0,0.0,0,0,0,0,0,0,0.0,,0.0,python3.12,func@0x5a83a0,[Unknown],0x5a83a0
func@0x5ac060,0.005000,0.0,0.0,0.0,0.0,0.0,0.0,0,0,0,0,0,0,0.0,,0.0,python3.12,func@0x5ac060,[Unknown],0x5ac060
func@0x5af040,0.005000,0.0,0.0,0.0,0.0,0.0,0.0,0,0,0,0,0,0,0.0,,0.0,python3.12,func@0x5af040,[Unknown],0x5af040
func@0x5af660,0.005000,0.0,0.0,0.0,0.0,0.0,0.0,0,0,0,0,0,0,0.0,,0.0,python3.12,func@0x5af660,[Unknown],0x5af660
func@0x5d5690,0.005000,0.0,100.0,0.0,0.0,0.0,0.0,0,15305598,0,0,0,0,5.000000,,0.0,python3.12,func@0x5d5690,[Unknown],0x5d5690
func@0x5f2930,0.005000,0.0,0.0,0.0,0.0,0.0,0.0,0,0,0,0,0,0,0.0,,0.0,python3.12,func@0x5f2930,[Unknown],0x5f2930
func@0x5f7fa0,0.005000,0.0,0.0,0.0,0.0,0.0,0.0,5101866,0,0,0,0,0,0.0,,0.0,python3.12,func@0x5f7fa0,[Unknown],0x5f7fa0
func@0x608460,0.005000,0.0,0.0,0.0,0.0,0.0,0.0,5101866,5101866,0,0,0,0,0.0,,0.0,python3.12,func@0x608460,[Unknown],0x608460
func@0x60b710,0.005000,0.0,0.0,0.0,0.0,0.0,0.0,0,0,0,0,0,0,0.0,,0.0,python3.12,func@0x60b710,[Unknown],0x60b710
func@0x61c170,0.005000,0.0,0.0,0.0,0.0,0.0,0.0,5101866,0,0,0,0,0,0.0,,0.0,python3.12,func@0x61c170,[Unknown],0x61c170
func@0x646fd0,0.005000,0.0,0.0,0.0,0.0,0.0,0.0,0,0,0,0,0,0,0.0,,0.0,python3.12,func@0x646fd0,[Unknown],0x646fd0
func@0x6b8ba0,0.005000,0.0,0.0,0.0,0.0,0.0,0.0,0,0,0,0,0,0,0.0,,0.0,python3.12,func@0x6b8ba0,[Unknown],0x6b8ba0
func@0xa2430,0.005000,0.0,0.0,0.0,0.0,0.0,0.0,5101866,0,0,0,0,0,0.0,,0.0,libstdc++.so.6.0.33,func@0xa2430,[Unknown],0xa2430
func@0xa9bb0,0.005000,0.0,0.0,0.0,0.0,0.0,0.0,5101866,10203732,0,0,0,0,0.0,,0.0,libc.so.6,func@0xa9bb0,[Unknown],0xa9bb0
func@0xad2b0,0.005000,0.0,0.0,0.0,0.0,0.0,0.0,0,5101866,0,0,0,0,0.0,,0.0,libc.so.6,func@0xad2b0,[Unknown],0xad2b0
func@0xada70,0.005000,0.0,0.0,0.0,0.0,0.0,0.0,0,10203732,0,0,0,0,0.0,,0.0,libc.so.6,func@0xada70,[Unknown],0xada70
func@0xb0d0,0.005000,0.0,0.0,0.0,0.0,0.0,0.0,0,0,0,0,0,0,0.0,,0.0,ld-linux-x86-64.so.2,func@0xb0d0,[Unknown],0xb0d0
func@0xb1b0,0.005000,0.0,74.8,0.0,37.4,0.0,0.0,0,0,0,0,0,0,0.0,,0.0,libittnotify_collector.so,func@0xb1b0,[Unknown],0xb1b0
func@0xf240,0.005000,0.0,0.0,0.0,0.0,0.0,0.0,0,0,0,0,0,0,0.0,,0.0,ld-linux-x86-64.so.2,func@0xf240,[Unknown],0xf240
ideep::tensor::get_desc,0.005000,0.0,0.0,0.0,0.0,0.0,0.0,0,0,0,0,0,0,0.0,,0.0,libtorch_cpu.so,ideep::tensor::get_desc(void) const,[Unknown],0x1cd9aa0
jit_single_blk_kernel,0.005000,0.0,0.0,0.0,0.0,0.0,0.0,0,5101866,0,0,0,0,0.0,,0.0,[Dynamic code],jit_single_blk_kernel,jit_uni_reorder.cpp,0x78a62ab3f000
jit_single_blk_kernel,0.005000,0.0,0.0,0.0,54.0,0.0,54.0,0,0,0,0,0,0,0.0,,0.0,[Dynamic code],jit_single_blk_kernel,jit_uni_reorder.cpp,0x78a62ac3f000
jit_single_blk_kernel,0.005000,100.0,81.0,0.0,0.0,0.0,81.0,25509330,5101866,0,0,0,0,0.0,,0.0,[Dynamic code],jit_single_blk_kernel,jit_uni_reorder.cpp,0x78a62b13f000
jit_single_blk_kernel,0.005000,0.0,0.0,0.0,0.0,0.0,0.0,0,15305598,0,0,0,0,0.0,,0.0,[Dynamic code],jit_single_blk_kernel,jit_uni_reorder.cpp,0x78a62b03f000
jit_single_blk_kernel,0.005000,100.0,0.0,0.0,0.0,0.0,0.0,25509330,35713062,0,0,0,0,0.0,,0.0,[Dynamic code],jit_single_blk_kernel,jit_uni_reorder.cpp,0x78a62bf04000
jit_single_blk_kernel,0.005000,0.0,37.4,37.4,0.0,0.0,0.0,5101866,20407464,0,0,0,0,0.0,,0.0,[Dynamic code],jit_single_blk_kernel,jit_uni_reorder.cpp,0x78a62b37f000
jit_single_blk_kernel,0.005000,0.0,0.0,0.0,0.0,0.0,0.0,0,0,0,0,0,0,14.000000,,0.0,[Dynamic code],jit_single_blk_kernel,jit_uni_reorder.cpp,0x78a62afbf000
jit_single_blk_kernel,0.005000,0.0,0.0,0.0,0.0,0.0,100.0,0,0,0,0,0,0,5.000000,,0.0,[Dynamic code],jit_single_blk_kernel,jit_uni_reorder.cpp,0x78a62adff000
jit_single_blk_kernel,0.005000,0.0,88.3,0.0,0.0,0.0,100.0,0,5101866,0,0,0,0,0.0,,0.0,[Dynamic code],jit_single_blk_kernel,jit_uni_reorder.cpp,0x78a62b27f000
operator new,0.005000,0.0,0.0,0.0,0.0,0.0,0.0,0,5101866,0,0,0,0,0.0,,0.0,libstdc++.so.6.0.33,operator new(unsigned long),[Unknown],0xbb8e0
pthread_cond_broadcast,0.005000,0.0,0.0,0.0,0.0,0.0,0.0,0,0,0,0,0,0,0.0,,0.0,libc.so.6,pthread_cond_broadcast,[Unknown],0x9ac40
"pybind11::class_<c10::TensorType, c10::Type, std::shared_ptr<c10::TensorType>>::init_instance<std::shared_ptr<c10::TensorType>, (int)0>",0.005000,0.0,0.0,0.0,0.0,0.0,0.0,0,0,0,0,0,0,0.0,,0.0,libtorch_python.so,"pybind11::class_<c10::TensorType, c10::Type, std::shared_ptr<c10::TensorType>>::init_instance<std::shared_ptr<c10::TensorType>, (int)0>(pybind11::detail::instance*, void const*)",[Unknown],0xbe5730
pybind11::detail::get_internals,0.005000,0.0,0.0,0.0,0.0,0.0,0.0,15305598,0,0,0,0,0,0.0,,0.0,libtorch_python.so,pybind11::detail::get_internals(void),[Unknown],0x3d90f0
pybind11::detail::instance::get_value_and_holder.constprop.0,0.005000,0.0,0.0,0.0,0.0,0.0,0.0,0,0,0,0,0,0,0.0,,0.0,libtorch_python.so,"pybind11::detail::instance::get_value_and_holder(pybind11::detail::type_info const*, bool).constprop.0",[Unknown],0xba41c0
"pybind11::detail::string_caster<std::__cxx11::basic_string<char, std::char_traits<char>, std::allocator<char>>, (bool)0>::load.isra.0",0.005000,0.0,0.0,0.0,0.0,0.0,0.0,0,0,0,0,0,0,0.0,,0.0,libtorch_python.so,"pybind11::detail::string_caster<std::__cxx11::basic_string<char, std::char_traits<char>, std::allocator<char>>, (bool)0>::load(pybind11::handle, bool).isra.0",[Unknown],0xa39440
pybind11_meta_getattro,0.005000,0.0,0.0,0.0,0.0,0.0,0.0,0,0,0,0,0,0,0.0,,0.0,libtorch_python.so,pybind11_meta_getattro,[Unknown],0x3d2250
rtus_driver_t,0.005000,100.0,0.0,100.0,0.0,0.0,0.0,5101866,0,0,0,0,0,0.0,,0.0,[Dynamic code],rtus_driver_t,jit_uni_1x1_conv_utils.hpp,0x78a62b1ff000
"ska::detailv3::sherwood_v3_table<std::pair<c10::DispatchKey, std::__cxx11::list<c10::impl::AnnotatedKernel, std::allocator<c10::impl::AnnotatedKernel>>>, c10::DispatchKey, std::hash<c10::DispatchKey>, ska::detailv3::KeyOrValueHasher<c10::DispatchKey, std::pair<c10::DispatchKey, std::__cxx11::list<c10::impl::AnnotatedKernel, std::allocator<c10::impl::AnnotatedKernel>>>, std::hash<c10::DispatchKey>>, std::equal_to<c10::DispatchKey>, ska::detailv3::KeyOrValueEquality<c10::DispatchKey, std::pair<c10::DispatchKey, std::__cxx11::list<c10::impl::AnnotatedKernel, std::allocator<c10::impl::AnnotatedKernel>>>, std::equal_to<c10::DispatchKey>>, std::allocator<std::pair<c10::DispatchKey, std::__cxx11::list<c10::impl::AnnotatedKernel, std::allocator<c10::impl::AnnotatedKernel>>>>, std::allocator<ska::detailv3::sherwood_v3_entry<std::pair<c10::DispatchKey, std::__cxx11::list<c10::impl::AnnotatedKernel, std::allocator<c10::impl::AnnotatedKernel>>>>>>::grow",0.005000,0.0,0.0,0.0,0.0,0.0,0.0,0,0,0,0,0,0,0.0,,0.0,libtorch_cpu.so,"ska::detailv3::sherwood_v3_table<std::pair<c10::DispatchKey, std::__cxx11::list<c10::impl::AnnotatedKernel, std::allocator<c10::impl::AnnotatedKernel>>>, c10::DispatchKey, std::hash<c10::DispatchKey>, ska::detailv3::KeyOrValueHasher<c10::DispatchKey, std::pair<c10::DispatchKey, std::__cxx11::list<c10::impl::AnnotatedKernel, std::allocator<c10::impl::AnnotatedKernel>>>, std::hash<c10::DispatchKey>>, std::equal_to<c10::DispatchKey>, ska::detailv3::KeyOrValueEquality<c10::DispatchKey, std::pair<c10::DispatchKey, std::__cxx11::list<c10::impl::AnnotatedKernel, std::allocator<c10::impl::AnnotatedKernel>>>, std::equal_to<c10::DispatchKey>>, std::allocator<std::pair<c10::DispatchKey, std::__cxx11::list<c10::impl::AnnotatedKernel, std::allocator<c10::impl::AnnotatedKernel>>>>, std::allocator<ska::detailv3::sherwood_v3_entry<std::pair<c10::DispatchKey, std::__cxx11::list<c10::impl::AnnotatedKernel, std::allocator<c10::impl::AnnotatedKernel>>>>>>::grow(void)",[Unknown],0x1c2f000
stat,0.005000,0.0,0.0,0.0,0.0,0.0,0.0,0,0,0,0,0,0,0.0,,0.0,libc.so.6,stat,[Unknown],0x11bcf0
"std::_Function_handler<void (void*), cpu_alloc::{lambda(void*)#1}>::_M_manager",0.005000,0.0,0.0,0.0,0.0,0.0,0.0,0,0,0,0,0,0,0.0,,0.0,libtorch_cpu.so,"std::_Function_handler<void (void*), cpu_alloc::{lambda(void*)#1}>::_M_manager(std::_Any_data&, std::_Any_data const&, std::_Manager_operation)",[Unknown],0x265ee20
"std::_Hashtable<std::__cxx11::basic_string<char, std::char_traits<char>, std::allocator<char>>, std::pair<std::__cxx11::basic_string<char, std::char_traits<char>, std::allocator<char>> const, c10::Symbol>, std::allocator<std::pair<std::__cxx11::basic_string<char, std::char_traits<char>, std::allocator<char>> const, c10::Symbol>>, std::__detail::_Select1st, std::equal_to<std::__cxx11::basic_string<char, std::char_traits<char>, std::allocator<char>>>, std::hash<std::__cxx11::basic_string<char, std::char_traits<char>, std::allocator<char>>>, std::__detail::_Mod_range_hashing, std::__detail::_Default_ranged_hash, std::__detail::_Prime_rehash_policy, std::__detail::_Hashtable_traits<(bool)1, (bool)0, (bool)1>>::find",0.005000,0.0,0.0,0.0,0.0,0.0,0.0,0,0,0,0,0,0,0.0,,0.0,libtorch_cpu.so,"std::_Hashtable<std::__cxx11::basic_string<char, std::char_traits<char>, std::allocator<char>>, std::pair<std::__cxx11::basic_string<char, std::char_traits<char>, std::allocator<char>> const, c10::Symbol>, std::allocator<std::pair<std::__cxx11::basic_string<char, std::char_traits<char>, std::allocator<char>> const, c10::Symbol>>, std::__detail::_Select1st, std::equal_to<std::__cxx11::basic_string<char, std::char_traits<char>, std::allocator<char>>>, std::hash<std::__cxx11::basic_string<char, std::char_traits<char>, std::allocator<char>>>, std::__detail::_Mod_range_hashing, std::__detail::_Default_ranged_hash, std::__detail::_Prime_rehash_policy, std::__detail::_Hashtable_traits<(bool)1, (bool)0, (bool)1>>::find(std::__cxx11::basic_string<char, std::char_traits<char>, std::allocator<char>> const&)",[Unknown],0x1c4b970
"std::_Hashtable<std::type_info const*, std::pair<std::type_info const* const, pybind11::detail::type_info*>, std::allocator<std::pair<std::type_info const* const, pybind11::detail::type_info*>>, std::__detail::_Select1st, std::equal_to<std::type_info const*>, std::hash<std::type_info const*>, std::__detail::_Mod_range_hashing, std::__detail::_Default_ranged_hash, std::__detail::_Prime_rehash_policy, std::__detail::_Hashtable_traits<(bool)0, (bool)0, (bool)1>>::_M_find_before_node.isra.0",0.005000,0.0,0.0,0.0,0.0,0.0,0.0,0,0,0,0,0,0,0.0,,0.0,libtorch_python.so,"std::_Hashtable<std::type_info const*, std::pair<std::type_info const* const, pybind11::detail::type_info*>, std::allocator<std::pair<std::type_info const* const, pybind11::detail::type_info*>>, std::__detail::_Select1st, std::equal_to<std::type_info const*>, std::hash<std::type_info const*>, std::__detail::_Mod_range_hashing, std::__detail::_Default_ranged_hash, std::__detail::_Prime_rehash_policy, std::__detail::_Hashtable_traits<(bool)0, (bool)0, (bool)1>>::_M_find_before_node(unsigned long, std::type_info const* const&, unsigned long) const.isra.0",[Unknown],0x3d2620
"std::__cxx11::basic_string<char, std::char_traits<char>, std::allocator<char>>::basic_string",0.005000,0.0,0.0,0.0,0.0,0.0,0.0,0,10203732,0,0,0,0,5.000000,,0.0,libtorch_cpu.so,"std::__cxx11::basic_string<char, std::char_traits<char>, std::allocator<char>>::basic_string(std::__cxx11::basic_string<char, std::char_traits<char>, std::allocator<char>>&&)",[Unknown],0x19411d0
"std::__cxx11::basic_string<char, std::char_traits<char>, std::allocator<char>>::push_back",0.005000,0.0,0.0,0.0,0.0,0.0,0.0,0,0,0,0,0,0,0.0,,0.0,libtorch_python.so,"std::__cxx11::basic_string<char, std::char_traits<char>, std::allocator<char>>::push_back(char)",[Unknown],0x3d3b10
"std::__detail::_Map_base<std::__cxx11::basic_string<char, std::char_traits<char>, std::allocator<char>>, std::pair<std::__cxx11::basic_string<char, std::char_traits<char>, std::allocator<char>> const, c10::Symbol>, std::allocator<std::pair<std::__cxx11::basic_string<char, std::char_traits<char>, std::allocator<char>> const, c10::Symbol>>, std::__detail::_Select1st, std::equal_to<std::__cxx11::basic_string<char, std::char_traits<char>, std::allocator<char>>>, std::hash<std::__cxx11::basic_string<char, std::char_traits<char>, std::allocator<char>>>, std::__detail::_Mod_range_hashing, std::__detail::_Default_ranged_hash, std::__detail::_Prime_rehash_policy, std::__detail::_Hashtable_traits<(bool)1, (bool)0, (bool)1>, (bool)1>::operator[]",0.005000,0.0,0.0,0.0,0.0,0.0,0.0,0,0,0,0,0,0,0.0,,0.0,libtorch_cpu.so,"std::__detail::_Map_base<std::__cxx11::basic_string<char, std::char_traits<char>, std::allocator<char>>, std::pair<std::__cxx11::basic_string<char, std::char_traits<char>, std::allocator<char>> const, c10::Symbol>, std::allocator<std::pair<std::__cxx11::basic_string<char, std::char_traits<char>, std::allocator<char>> const, c10::Symbol>>, std::__detail::_Select1st, std::equal_to<std::__cxx11::basic_string<char, std::char_traits<char>, std::allocator<char>>>, std::hash<std::__cxx11::basic_string<char, std::char_traits<char>, std::allocator<char>>>, std::__detail::_Mod_range_hashing, std::__detail::_Default_ranged_hash, std::__detail::_Prime_rehash_policy, std::__detail::_Hashtable_traits<(bool)1, (bool)0, (bool)1>, (bool)1>::operator[](std::__cxx11::basic_string<char, std::char_traits<char>, std::allocator<char>> const&)",[Unknown],0x1c4bbe0
std::__detail::_Prime_rehash_policy::_M_need_rehash,0.005000,0.0,0.0,0.0,0.0,0.0,0.0,0,0,0,0,0,0,0.0,,0.0,libstdc++.so.6.0.33,"std::__detail::_Prime_rehash_policy::_M_need_rehash(unsigned long, unsigned long, unsigned long) const",[Unknown],0xe7f20
torch::PythonArgs::optionalTensor,0.005000,0.0,0.0,0.0,0.0,0.0,0.0,0,0,0,0,0,0,0.0,,0.0,libtorch_python.so,torch::PythonArgs::optionalTensor(int),[Unknown],0x4bf340
torch::autograd::impl::get_view_autograd_meta,0.005000,0.0,0.0,0.0,0.0,0.0,0.0,0,0,0,0,0,0,0.0,,0.0,libtorch_cpu.so,torch::autograd::impl::get_view_autograd_meta(at::TensorBase const&),[Unknown],0x5e66270
"torch::impl::dispatch::initDispatchBindings(_object*)::{lambda(pybind11::object const&char const*, c10::DispatchKey, pybind11::object, bool)#1}::operator().isra.0",0.005000,0.0,0.0,0.0,0.0,0.0,0.0,0,0,0,0,0,0,0.0,,0.0,libtorch_python.so,"torch::impl::dispatch::initDispatchBindings(_object*)::{lambda(pybind11::object const&char const*, c10::DispatchKey, pybind11::object, bool)#1}::operator()(pybind11::object const&, char const*, c10::DispatchKey, pybind11::object, bool) const.isra.0",[Unknown],0xe41220
torch::jit::(anonymous namespace)::OperatorRegistry::registerPendingOperators,0.005000,0.0,0.0,0.0,0.0,0.0,0.0,0,0,0,0,0,0,0.0,,0.0,libtorch_cpu.so,torch::jit::(anonymous namespace)::OperatorRegistry::registerPendingOperators(void),[Unknown],0x62c19d0
torch::jit::(anonymous namespace)::SchemaParser::parseDeclaration,0.005000,0.0,0.0,0.0,0.0,0.0,0.0,0,5101866,0,0,0,0,0.0,,0.0,libtorch_cpu.so,torch::jit::(anonymous namespace)::SchemaParser::parseDeclaration(void),[Unknown],0x1ca8c00
torch::jit::SourceRange::token_text,0.005000,0.0,0.0,0.0,0.0,0.0,0.0,0,0,0,0,0,0,0.0,,0.0,libtorch_cpu.so,torch::jit::SourceRange::token_text(void) const,[Unknown],0x1cb88b0
"torch::profiler::impl::pushITTCallbacks(torch::profiler::impl::ProfilerConfig const&, std::unordered_set<at::RecordScope, std::hash<at::RecordScope>, std::equal_to<at::RecordScope>, std::allocator<at::RecordScope>> const&)::{lambda(at::RecordFunction const&at::ObserverContext*)#1}::_FUN",0.005000,0.0,0.0,0.0,100.0,0.0,0.0,0,0,0,0,0,0,0.0,,0.0,libtorch_cpu.so,"torch::profiler::impl::pushITTCallbacks(torch::profiler::impl::ProfilerConfig const&, std::unordered_set<at::RecordScope, std::hash<at::RecordScope>, std::equal_to<at::RecordScope>, std::allocator<at::RecordScope>> const&)::{lambda(at::RecordFunction const&at::ObserverContext*)#1}::_FUN(at::RecordFunction const&, at::ObserverContext*)",[Unknown],0x6706c50
PyCell_New,0.0,0.0,0.0,0.0,0.0,0.0,0.0,0,10203732,0,0,0,0,0.0,,0.0,python3.12,PyCell_New,[Unknown],0x54c6a0
PyDict_New,0.0,0.0,0.0,0.0,0.0,0.0,0.0,0,5101866,0,0,0,0,0.0,,0.0,python3.12,PyDict_New,[Unknown],0x572300
PyDict_SetItem,0.0,0.0,0.0,0.0,0.0,0.0,0.0,0,5101866,0,0,0,0,0.0,,0.0,python3.12,PyDict_SetItem,[Unknown],0x572b40
PyGILState_GetThisThreadState,0.0,0.0,0.0,0.0,0.0,0.0,0.0,0,5101866,0,0,0,0,0.0,,0.0,python3.12,PyGILState_GetThisThreadState,[Unknown],0x608290
PyMem_Free,0.0,0.0,0.0,0.0,0.0,0.0,0.0,5101866,0,0,0,0,0,0.0,,0.0,python3.12,PyMem_Free,[Unknown],0x587ba0
PyMem_Malloc,0.0,0.0,0.0,0.0,0.0,0.0,0.0,5101866,5101866,0,0,0,0,0.0,,0.0,python3.12,PyMem_Malloc,[Unknown],0x5875e0
PyNumber_Multiply,0.0,0.0,0.0,0.0,0.0,0.0,0.0,0,5101866,0,0,0,0,0.0,,0.0,python3.12,PyNumber_Multiply,[Unknown],0x53e310
PyObject_Calloc,0.0,0.0,0.0,0.0,0.0,0.0,0.0,5101866,0,0,0,0,0,0.0,,0.0,python3.12,PyObject_Calloc,[Unknown],0x589170
PyObject_IsTrue,0.0,0.0,0.0,0.0,0.0,0.0,0.0,5101866,0,0,0,0,0,0.0,,0.0,python3.12,PyObject_IsTrue,[Unknown],0x585a40
PySequence_Contains,0.0,0.0,0.0,0.0,0.0,0.0,0.0,5101866,0,0,0,0,0,0.0,,0.0,python3.12,PySequence_Contains,[Unknown],0x53cae0
PyThread_get_thread_ident,0.0,0.0,0.0,0.0,0.0,0.0,0.0,0,5101866,0,0,0,0,0.0,,0.0,python3.12,PyThread_get_thread_ident,[Unknown],0x610060
PyThread_tss_is_created,0.0,0.0,0.0,0.0,0.0,0.0,0.0,5101866,0,0,0,0,0,0.0,,0.0,python3.12,PyThread_tss_is_created,[Unknown],0x6104d0
PyTuple_Pack,0.0,0.0,0.0,0.0,0.0,0.0,0.0,5101866,0,0,0,0,0,0.0,,0.0,python3.12,PyTuple_Pack,[Unknown],0x590d20
PyType_IsSubtype,0.0,0.0,0.0,0.0,0.0,0.0,0.0,5101866,0,0,0,0,0,0.0,,0.0,python3.12,PyType_IsSubtype,[Unknown],0x599a20
PyUnicode_FindChar,0.0,0.0,0.0,0.0,0.0,0.0,0.0,0,0,0,0,0,0,5.000000,,0.0,python3.12,PyUnicode_FindChar,[Unknown],0x5b3990
THPModule_has_torch_function_variadic,0.0,0.0,0.0,0.0,0.0,0.0,0.0,0,0,0,0,0,0,5.000000,,0.0,libtorch_python.so,"THPModule_has_torch_function_variadic(_object*, _object* const*, long)",[Unknown],0xe99160
[Import thunk at::getStepCallbacksUnlessEmpty],0.0,0.0,0.0,0.0,0.0,0.0,0.0,5101866,0,0,0,0,0,0.0,,0.0,libtorch_cpu.so,[Import thunk at::getStepCallbacksUnlessEmpty(at::RecordScope)],[Unknown],0xfc4490
[Import thunk c10::ParallelGuard::is_enabled],0.0,0.0,0.0,0.0,0.0,0.0,0.0,5101866,0,0,0,0,0,0.0,,0.0,libc10.so,[Import thunk c10::ParallelGuard::is_enabled(void)],[Unknown],0x2f680
[MKL BLAS]@avx512_s_generic_fullacopybcopy,0.0,0.0,0.0,0.0,0.0,0.0,0.0,0,5101866,0,0,0,0,0.0,,0.0,libtorch_cpu.so,mkl_blas_avx512_s_generic_fullacopybcopy,[Unknown],0xc5ab900
[MKL BLAS]@avx512_sgemm_copyan,0.0,,0.0,97.2,0.0,0.0,0.0,0,0,0,0,0,0,0.0,,0.0,libtorch_cpu.so,mkl_blas_avx512_sgemm_copyan,[Unknown],0xb06a040
[MKL BLAS]@errchk_sgemm,0.0,0.0,0.0,0.0,0.0,0.0,0.0,0,5101866,0,0,0,0,0.0,,0.0,libtorch_cpu.so,mkl_blas_errchk_sgemm,[Unknown],0x8f88410
_PyArg_ParseTuple_SizeT,0.0,0.0,0.0,0.0,0.0,0.0,0.0,0,5101866,0,0,0,0,0.0,,0.0,python3.12,_PyArg_ParseTuple_SizeT,[Unknown],0x5f9b80
_PyCode_Validate,0.0,0.0,0.0,0.0,0.0,0.0,0.0,10203732,0,0,0,0,0,5.000000,,0.0,python3.12,_PyCode_Validate,[Unknown],0x54e440
_PyFunction_Vectorcall,0.0,0.0,0.0,0.0,0.0,0.0,0.0,0,0,0,0,0,0,5.000000,,0.0,python3.12,_PyFunction_Vectorcall,[Unknown],0x54a610
_PyObject_LookupAttr,0.0,0.0,0.0,0.0,0.0,0.0,0.0,0,5101866,0,0,0,0,0.0,,0.0,python3.12,_PyObject_LookupAttr,[Unknown],0x584e40
_PyObject_MakeTpCall,0.0,0.0,0.0,0.0,100.0,0.0,0.0,5101866,5101866,0,0,0,0,0.0,,0.0,python3.12,_PyObject_MakeTpCall,[Unknown],0x548f40
_PyTuple_MaybeUntrack,0.0,0.0,0.0,0.0,0.0,0.0,0.0,5101866,0,0,0,0,0,0.0,,0.0,python3.12,_PyTuple_MaybeUntrack,[Unknown],0x591930
_PyType_GetDict,0.0,,0.0,,,0.0,0.0,5101866,0,0,0,0,0,0.0,,0.0,python3.12,_PyType_GetDict,[Unknown],0x5993d0
_PyUnicodeWriter_PrepareInternal,0.0,0.0,0.0,0.0,0.0,0.0,0.0,0,0,0,0,0,0,5.000000,,0.0,python3.12,_PyUnicodeWriter_PrepareInternal,[Unknown],0x5ad860
_PyUnicode_Equal,0.0,0.0,0.0,0.0,0.0,0.0,0.0,5101866,0,0,0,0,0,0.0,,0.0,python3.12,_PyUnicode_Equal,[Unknown],0x5af5b0
__itt_task_begin,0.0,0.0,0.0,0.0,0.0,0.0,0.0,0,10203732,0,0,0,0,0.0,,0.0,libittnotify_collector.so,__itt_task_begin,[Unknown],0xb6d0
__libc_free,0.0,0.0,0.0,48.6,0.0,0.0,0.0,5101866,35713062,0,0,0,0,2.500000,,0.0,libc.so.6,__libc_free,[Unknown],0xade30
__pthread_mutex_unlock,0.0,0.0,0.0,0.0,0.0,0.0,0.0,0,10203732,0,0,0,0,0.0,,0.0,libc.so.6,__pthread_mutex_unlock,[Unknown],0xa1b50
__tls_get_addr,0.0,0.0,0.0,0.0,0.0,0.0,0.0,5101866,0,0,0,0,0,5.000000,,0.0,ld-linux-x86-64.so.2,__tls_get_addr,[Unknown],0x17820
at::RecordFunction::RecordFunction,0.0,0.0,0.0,0.0,0.0,0.0,0.0,0,5101866,0,0,0,0,5.000000,,0.0,libtorch_cpu.so,at::RecordFunction::RecordFunction(at::StepCallbacks&&),[Unknown],0x1be9f50
at::RecordFunction::before,0.0,0.0,0.0,0.0,0.0,0.0,0.0,0,5101866,0,0,0,0,0.0,,0.0,libtorch_cpu.so,"at::RecordFunction::before(std::variant<std::basic_string_view<char, std::char_traits<char>>, std::reference_wrapper<c10::FunctionSchema const>>, long)",[Unknown],0x1be96a0
at::TensorBase::mutable_data_ptr<float>,0.0,0.0,0.0,0.0,0.0,0.0,0.0,0,0,0,0,0,0,16.000000,,0.0,libtorch_cpu.so,at::TensorBase::mutable_data_ptr<float>(void) const,[Unknown],0x386ed20
at::TensorIteratorBase::cast_outputs,0.0,0.0,0.0,0.0,0.0,0.0,0.0,0,5101866,0,0,0,0,0.0,,0.0,libtorch_cpu.so,at::TensorIteratorBase::cast_outputs(void),[Unknown],0x19ccbc0
at::TensorIteratorBase::permute_dimensions,0.0,0.0,0.0,0.0,0.0,0.0,0.0,0,5101866,0,0,0,0,0.0,,0.0,libtorch_cpu.so,at::TensorIteratorBase::permute_dimensions(c10::ArrayRef<long>),[Unknown],0x19c86e0
at::_ops::conv2d::call,0.0,0.0,0.0,0.0,0.0,100.0,0.0,0,0,0,0,0,0,0.0,,0.0,libtorch_cpu.so,"at::_ops::conv2d::call(at::Tensor const&, at::Tensor const&, std::optional<at::Tensor> const&, c10::ArrayRef<c10::SymInt>, c10::ArrayRef<c10::SymInt>, c10::ArrayRef<c10::SymInt>, c10::SymInt)",[Unknown],0x2e4eeb0
at::_ops::empty_memory_format::call,0.0,0.0,100.0,0.0,0.0,0.0,0.0,0,0,0,0,0,0,5.000000,,0.0,libtorch_cpu.so,"at::_ops::empty_memory_format::call(c10::ArrayRef<c10::SymInt>, std::optional<c10::ScalarType>, std::optional<c10::Layout>, std::optional<c10::Device>, std::optional<bool>, std::optional<c10::MemoryFormat>)",[Unknown],0x2b3bea0
at::get_overlap_status,0.0,0.0,0.0,0.0,0.0,0.0,0.0,0,0,0,0,0,0,5.000000,,0.0,libtorch_cpu.so,"at::get_overlap_status(c10::TensorImpl const*, c10::TensorImpl const*)",[Unknown],0x1991ba0
at::impl::PythonTorchFunctionTLS::exchange_skip_next,0.0,0.0,0.0,0.0,0.0,0.0,0.0,0,5101866,0,0,0,0,0.0,,0.0,libtorch_cpu.so,at::impl::PythonTorchFunctionTLS::exchange_skip_next(bool),[Unknown],0x19a49c0
"at::native::(anonymous namespace)::batch_norm_cpu_collect_linear_and_constant_terms<float, float>",0.0,0.0,0.0,0.0,0.0,0.0,0.0,15305598,10203732,2551928,0,0,0,0.0,,0.0,libtorch_cpu.so,"at::native::(anonymous namespace)::batch_norm_cpu_collect_linear_and_constant_terms<float, float>(float*, float*, long, at::Tensor const&, at::Tensor const&, at::Tensor const&, at::Tensor const&, at::Tensor const&, at::Tensor const&, bool, double)",[Unknown],0x6d77a50
"at::native::(anonymous namespace)::vectorized_inner_sum<float, at::native::(anonymous namespace)::InnerSumCastLoadPolicy<at::vec::AVX2::Vectorized<float>, at::vec::AVX2::Vectorized<float>, void>, at::native::(anonymous namespace)::CastLoadPolicy<float, float>, at::native::(anonymous namespace)::CastStoreAccumulate<float, float>>",0.0,0.0,0.0,0.0,0.0,0.0,0.0,5101866,0,0,0,0,0,0.0,,0.0,libtorch_cpu.so,"at::native::(anonymous namespace)::vectorized_inner_sum<float, at::native::(anonymous namespace)::InnerSumCastLoadPolicy<at::vec::AVX2::Vectorized<float>, at::vec::AVX2::Vectorized<float>, void>, at::native::(anonymous namespace)::CastLoadPolicy<float, float>, at::native::(anonymous namespace)::CastStoreAccumulate<float, float>>(char** restrict, long, long, long, long)",[Unknown],0x6f581d0
at::native::_select_conv_backend<long>.isra.0,0.0,0.0,0.0,0.0,0.0,0.0,0.0,0,5101866,0,0,0,0,0.0,,0.0,libtorch_cpu.so,"at::native::_select_conv_backend<long>(at::Tensor const&, at::Tensor const&, std::optional<at::Tensor> const&, c10::OptionalArrayRef<long>, bool, at::native::ConvParams<long> const&).isra.0",[Unknown],0x1dbd010
"at::native::alias_with_sizes_and_strides<c10::SmallVector<long, (unsigned int)5>>",0.0,0.0,0.0,0.0,0.0,0.0,0.0,0,5101866,0,0,0,0,0.0,,0.0,libtorch_cpu.so,"at::native::alias_with_sizes_and_strides<c10::SmallVector<long, (unsigned int)5>>(at::Tensor const&, c10::SmallVector<long, (unsigned int)5> const&, c10::SmallVector<long, (unsigned int)5> const&)",[Unknown],0x2234110
at::native::convolution,0.0,0.0,0.0,0.0,0.0,0.0,0.0,0,0,0,0,0,0,5.000000,,0.0,libtorch_cpu.so,"at::native::convolution(at::Tensor const&, at::Tensor const&, std::optional<at::Tensor> const&, c10::ArrayRef<long>, c10::ArrayRef<long>, c10::ArrayRef<long>, bool, c10::ArrayRef<long>, long)",[Unknown],0x1dc0910
at::native::cpublas::gemm,0.0,0.0,0.0,0.0,0.0,0.0,0.0,0,5101866,0,0,0,0,0.0,,0.0,libtorch_cpu.so,"at::native::cpublas::gemm(at::native::TransposeType, at::native::TransposeType, long, long, long, float, float const*, long, float const*, long, float, float*, long)",[Unknown],0x1d93c10
at::native::detach,0.0,0.0,0.0,0.0,0.0,0.0,0.0,0,5101866,0,0,0,0,0.0,,0.0,libtorch_cpu.so,at::native::detach(at::Tensor const&),[Unknown],0x223ce30
at::native::new_with_itensor_mkldnn,0.0,0.0,0.0,0.0,0.0,0.0,0.0,0,5101866,0,0,0,0,0.0,,0.0,libtorch_cpu.so,"at::native::new_with_itensor_mkldnn(ideep::tensor&&, std::optional<c10::ScalarType>, std::optional<c10::Device>)",[Unknown],0x26749d0
at::native::relu_,0.0,0.0,0.0,0.0,0.0,0.0,0.0,5101866,0,0,0,0,0,0.0,,0.0,libtorch_cpu.so,at::native::relu_(at::Tensor&),[Unknown],0x1cd16d0
at::native::slow_conv2d_forward_out_cpu,0.0,0.0,0.0,0.0,0.0,0.0,0.0,0,5101866,0,0,0,0,0.0,,0.0,libtorch_cpu.so,"at::native::slow_conv2d_forward_out_cpu(at::Tensor const&, at::Tensor const&, c10::ArrayRef<long>, std::optional<at::Tensor> const&, c10::ArrayRef<long>, c10::ArrayRef<long>, at::Tensor&)",[Unknown],0x1de6cc0
at::native::view,0.0,0.0,0.0,0.0,0.0,0.0,0.0,0,5101866,0,0,0,0,0.0,,0.0,libtorch_cpu.so,"at::native::view(at::Tensor const&, c10::ArrayRef<long>)",[Unknown],0x22343b0
c10::Argument::~Argument,0.0,0.0,0.0,0.0,0.0,0.0,0.0,0,5101866,0,0,0,0,0.0,,0.0,libtorch_cpu.so,c10::Argument::~Argument(void),[Unknown],0x1bee080
c10::DispatchKeySet::getDispatchTableIndexForDispatchKeySet,0.0,0.0,0.0,0.0,0.0,0.0,0.0,0,5101866,0,0,0,0,0.0,,0.0,libtorch_cpu.so,c10::DispatchKeySet::getDispatchTableIndexForDispatchKeySet(void) const,[Unknown],0x1c21ba0
c10::DispatchKeySet::iterator::operator++,0.0,0.0,0.0,0.0,0.0,0.0,0.0,5101866,5101866,0,0,0,0,0.0,,0.0,libc10.so,c10::DispatchKeySet::iterator::operator++(void),[Unknown],0x60a30
"c10::Dispatcher::callWithDispatchKeySlowPath<at::Tensor const&, at::Tensor const&, c10::ArrayRef<c10::SymInt>, std::optional<c10::MemoryFormat>>",0.0,0.0,0.0,0.0,0.0,0.0,0.0,0,5101866,0,0,0,0,0.0,,0.0,libtorch_cpu.so,"c10::Dispatcher::callWithDispatchKeySlowPath<at::Tensor const&, at::Tensor const&, c10::ArrayRef<c10::SymInt>, std::optional<c10::MemoryFormat>>(c10::TypedOperatorHandle<at::Tensor const& (at::Tensor const&)> const&, at::StepCallbacks&, c10::DispatchKeySet, c10::KernelFunction const&, at::Tensor const&)",[Unknown],0x2e7bce0
"c10::Dispatcher::callWithDispatchKeySlowPath<at::Tensor, at::Tensor const&, std::optional<c10::ScalarType>, std::optional<c10::Layout>, std::optional<c10::Device>, std::optional<bool>, std::optional<c10::MemoryFormat>>",0.0,0.0,0.0,0.0,0.0,0.0,0.0,0,5101866,0,0,0,0,0.0,,0.0,libtorch_cpu.so,"c10::Dispatcher::callWithDispatchKeySlowPath<at::Tensor, at::Tensor const&, std::optional<c10::ScalarType>, std::optional<c10::Layout>, std::optional<c10::Device>, std::optional<bool>, std::optional<c10::MemoryFormat>>(c10::TypedOperatorHandle<at::Tensor (at::Tensor const&)> const&, at::StepCallbacks&, c10::DispatchKeySet, c10::KernelFunction const&, at::Tensor const&)",[Unknown],0x2a1b190
"c10::Dispatcher::callWithDispatchKeySlowPath<at::Tensor, c10::ArrayRef<c10::SymInt>, std::optional<c10::ScalarType>, std::optional<c10::Layout>, std::optional<c10::Device>, std::optional<bool>, std::optional<c10::MemoryFormat>>",0.0,0.0,0.0,0.0,0.0,0.0,0.0,5101866,5101866,0,0,0,0,0.0,,0.0,libtorch_cpu.so,"c10::Dispatcher::callWithDispatchKeySlowPath<at::Tensor, c10::ArrayRef<c10::SymInt>, std::optional<c10::ScalarType>, std::optional<c10::Layout>, std::optional<c10::Device>, std::optional<bool>, std::optional<c10::MemoryFormat>>(c10::TypedOperatorHandle<at::Tensor (c10::ArrayRef<c10::SymInt>)> const&, at::StepCallbacks&, c10::DispatchKeySet, c10::KernelFunction const&, c10::ArrayRef<c10::SymInt>)",[Unknown],0x2bdce40
"c10::Dispatcher::callWithDispatchKeySlowPath<std::tuple<at::Tensor, at::Tensor, at::Tensor>, at::Tensor const&, std::optional<at::Tensor> const&, std::optional<at::Tensor> const&, std::optional<at::Tensor> const&, std::optional<at::Tensor> const&, bool, double, double>",0.0,0.0,0.0,0.0,0.0,0.0,0.0,0,5101866,0,0,0,0,0.0,,0.0,libtorch_cpu.so,"c10::Dispatcher::callWithDispatchKeySlowPath<std::tuple<at::Tensor, at::Tensor, at::Tensor>, at::Tensor const&, std::optional<at::Tensor> const&, std::optional<at::Tensor> const&, std::optional<at::Tensor> const&, std::optional<at::Tensor> const&, bool, double, double>(c10::TypedOperatorHandle<std::tuple<at::Tensor, at::Tensor, at::Tensor> (at::Tensor const&)> const&, at::StepCallbacks&, c10::DispatchKeySet, c10::KernelFunction const&, at::Tensor const&)",[Unknown],0x2a51c80
c10::Dispatcher::registerImpl,0.0,0.0,0.0,0.0,0.0,0.0,0.0,0,5101866,0,0,0,0,0.0,,0.0,libtorch_cpu.so,"c10::Dispatcher::registerImpl(c10::OperatorName, std::optional<c10::DispatchKey>, c10::KernelFunction, std::optional<c10::impl::CppSignature>, std::unique_ptr<c10::FunctionSchema, std::default_delete<c10::FunctionSchema>>, std::__cxx11::basic_string<char, std::char_traits<char>, std::allocator<char>>)",[Unknown],0x1c20d90
c10::Dispatcher::runRecordFunction,0.0,0.0,0.0,0.0,0.0,0.0,0.0,0,5101866,0,0,0,0,0.0,,0.0,libtorch_cpu.so,"c10::Dispatcher::runRecordFunction(at::RecordFunction&, std::reference_wrapper<c10::FunctionSchema const>, c10::DispatchKey, c10::DispatchKeySet)",[Unknown],0x1c1c220
c10::FunctionSchema::cloneWithRealTypes,0.0,0.0,0.0,0.0,0.0,0.0,0.0,5101866,5101866,0,0,0,0,0.0,,0.0,libtorch_cpu.so,c10::FunctionSchema::cloneWithRealTypes(bool) const,[Unknown],0x1c3bd90
c10::List<std::optional<c10::Scalar>>::List,0.0,0.0,0.0,100.0,0.0,0.0,0.0,0,0,0,0,0,0,0.0,,0.0,libtorch_cpu.so,c10::List<std::optional<c10::Scalar>>::List(void),[Unknown],0x264a460
c10::OptionalType::~OptionalType,0.0,0.0,0.0,0.0,0.0,0.0,0.0,5101866,0,0,0,0,0,0.0,,0.0,libtorch_cpu.so,c10::OptionalType::~OptionalType(void),[Unknown],0x1c9b480
c10::ProfiledCPUMemoryReporter::Delete,0.0,0.0,0.0,0.0,0.0,0.0,0.0,0,5101866,0,0,0,0,0.0,,0.0,libc10.so,c10::ProfiledCPUMemoryReporter::Delete(void*),[Unknown],0x3fae0
c10::TensorImpl::TensorImpl,0.0,0.0,0.0,0.0,100.0,0.0,0.0,0,0,0,0,0,0,0.0,,0.0,libc10.so,"c10::TensorImpl::TensorImpl(c10::Storage&&, c10::DispatchKeySet, caffe2::TypeMeta, std::optional<c10::Device>)",[Unknown],0x82a40
c10::TensorImpl::is_contiguous,0.0,0.0,0.0,0.0,0.0,0.0,0.0,5101866,0,0,0,0,0,5.000000,,0.0,libtorch_cpu.so,c10::TensorImpl::is_contiguous(c10::MemoryFormat) const,[Unknown],0x1cdefa0
c10::ThreadLocalDebugInfo::get,0.0,0.0,0.0,0.0,0.0,0.0,0.0,5101866,0,0,0,0,0,0.0,,0.0,libc10.so,c10::ThreadLocalDebugInfo::get(c10::DebugInfoKind),[Unknown],0xb62b0
c10::alloc_cpu,0.0,0.0,0.0,0.0,0.0,0.0,0.0,0,10203732,0,0,0,0,0.0,,0.0,libc10.so,c10::alloc_cpu(unsigned long),[Unknown],0x92ed0
c10::asIntArrayRefSlow.constprop.0,0.0,0.0,0.0,0.0,0.0,0.0,0.0,0,5101866,0,0,0,0,0.0,,0.0,libtorch_cpu.so,"c10::asIntArrayRefSlow(c10::ArrayRef<c10::SymInt>, char const*, long).constprop.0",[Unknown],0x2f1b4d0
c10::impl::OperatorEntry::computeDispatchTableEntryWithDebug,0.0,0.0,0.0,0.0,0.0,0.0,0.0,0,5101866,0,0,0,0,0.0,,0.0,libtorch_cpu.so,"c10::impl::OperatorEntry::computeDispatchTableEntryWithDebug(c10::Dispatcher const&, c10::DispatchKey) const",[Unknown],0x1c28780
c10::impl::OperatorEntry::getKernelForDispatchKey,0.0,0.0,0.0,0.0,0.0,0.0,0.0,5101866,0,0,0,0,0,0.0,,0.0,libtorch_cpu.so,c10::impl::OperatorEntry::getKernelForDispatchKey(c10::DispatchKey) const,[Unknown],0x1c26780
"c10::intrusive_ptr<c10::StorageImpl, c10::detail::intrusive_target_default_null_type<c10::StorageImpl>>::reset_not_null_",0.0,0.0,0.0,0.0,0.0,0.0,0.0,5101866,0,0,0,0,0,0.0,,0.0,libc10.so,"c10::intrusive_ptr<c10::StorageImpl, c10::detail::intrusive_target_default_null_type<c10::StorageImpl>>::reset_not_null_(c10::StorageImpl*)",[Unknown],0x88d10
"c10::intrusive_ptr<c10::TensorImpl, c10::UndefinedTensorImpl>::reset_not_null_",0.0,0.0,0.0,0.0,97.2,0.0,0.0,0,0,0,0,0,0,0.0,,0.0,libtorch_cpu.so,"c10::intrusive_ptr<c10::TensorImpl, c10::UndefinedTensorImpl>::reset_not_null_(c10::TensorImpl*)",[Unknown],0x18fa000
"c10::intrusive_ptr<c10::TensorImpl, c10::UndefinedTensorImpl>::retain_",0.0,0.0,100.0,0.0,0.0,0.0,0.0,0,0,0,0,0,0,0.0,,0.0,libtorch_cpu.so,"c10::intrusive_ptr<c10::TensorImpl, c10::UndefinedTensorImpl>::retain_(void)",[Unknown],0x1970210
c10::isBackendDispatchKey,0.0,0.0,0.0,0.0,0.0,0.0,0.0,5101866,0,0,0,0,0,0.0,,0.0,libc10.so,c10::isBackendDispatchKey(c10::DispatchKey),[Unknown],0x602f0
c10::tls_debug_info::{lambda()#1}::_FUN,0.0,0.0,0.0,0.0,0.0,0.0,0.0,0,5101866,0,0,0,0,0.0,,0.0,libc10.so,c10::tls_debug_info::{lambda()#1}::_FUN(void),[Unknown],0xb6230
dnnl::impl::cpu::cpu_engine_t::create_memory_storage,0.0,0.0,0.0,0.0,0.0,0.0,0.0,0,0,0,0,0,0,5.000000,,0.0,libtorch_cpu.so,"dnnl::impl::cpu::cpu_engine_t::create_memory_storage(dnnl::impl::memory_storage_t**, unsigned int, unsigned long, void*)",[Unknown],0xedc8130
dnnl::impl::cpu::x64::jit_uni_reorder_t::execute,0.0,0.0,0.0,0.0,0.0,0.0,0.0,5101866,0,0,0,0,0,0.0,,0.0,libtorch_cpu.so,dnnl::impl::cpu::x64::jit_uni_reorder_t::execute(dnnl::impl::exec_ctx_t const&) const,[Unknown],0x10184a20
dnnl::impl::operator==,0.0,0.0,0.0,0.0,0.0,0.0,0.0,0,0,0,0,0,0,5.000000,,0.0,libtorch_cpu.so,"dnnl::impl::operator==(dnnl_memory_desc const&, dnnl_memory_desc const&)",[Unknown],0xed0d660
dnnl::impl::rnn_create_time_scales_t::set,0.0,0.0,0.0,0.0,0.0,0.0,0.0,5101866,0,0,0,0,0,0.0,,0.0,libtorch_cpu.so,"dnnl::impl::rnn_create_time_scales_t::set(long, int, float const*)",[Unknown],0xed56f40
dnnl_memory_desc_clone,0.0,0.0,0.0,0.0,0.0,0.0,0.0,0,5101866,0,0,0,0,0.0,,0.0,libtorch_cpu.so,dnnl_memory_desc_clone,[Unknown],0xed249a0
dnnl_primitive_attr_create,0.0,0.0,0.0,0.0,0.0,0.0,0.0,0,5101866,0,0,0,0,0.0,,0.0,libtorch_cpu.so,dnnl_primitive_attr_create,[Unknown],0xed5c210
dnnl_primitive_create,0.0,0.0,0.0,0.0,0.0,0.0,0.0,5101866,0,0,0,0,0,0.0,,0.0,libtorch_cpu.so,dnnl_primitive_create,[Unknown],0xed7f4a0
dnnl_primitive_desc_query_md,0.0,0.0,0.0,0.0,100.0,0.0,0.0,0,0,0,0,0,0,0.0,,0.0,libtorch_cpu.so,dnnl_primitive_desc_query_md,[Unknown],0xed8a020
func@0x15760,0.0,0.0,0.0,0.0,0.0,0.0,0.0,0,5101866,0,0,0,0,5.500000,,0.0,libittnotify_collector.so,func@0x15760,[Unknown],0x15760
func@0x1c000,0.0,0.0,100.0,0.0,100.0,0.0,0.0,0,0,0,0,0,0,0.0,,0.0,libittnotify_collector.so,func@0x1c000,[Unknown],0x1c000
func@0x1c630,0.0,0.0,0.0,100.0,0.0,0.0,0.0,0,0,0,0,0,0,0.0,,0.0,libittnotify_collector.so,func@0x1c630,[Unknown],0x1c630
func@0x1cc20,0.0,0.0,0.0,0.0,0.0,0.0,0.0,5101866,5101866,0,0,0,0,0.0,,0.0,libittnotify_collector.so,func@0x1cc20,[Unknown],0x1cc20
func@0x1e420,0.0,0.0,0.0,0.0,0.0,0.0,0.0,0,5101866,0,0,0,0,5.000000,,0.0,libittnotify_collector.so,func@0x1e420,[Unknown],0x1e420
func@0x1e7a0,0.0,0.0,0.0,0.0,0.0,0.0,0.0,5101866,0,0,0,0,0,0.0,,0.0,libittnotify_collector.so,func@0x1e7a0,[Unknown],0x1e7a0
func@0x21270,0.0,0.0,0.0,0.0,0.0,0.0,0.0,0,5101866,0,0,0,0,0.0,,0.0,libittnotify_collector.so,func@0x21270,[Unknown],0x21270
func@0x4e390,0.0,0.0,0.0,0.0,0.0,0.0,0.0,10203732,0,0,0,0,0,0.0,,0.0,libc.so.6,func@0x4e390,[Unknown],0x4e390
func@0x519240,0.0,0.0,0.0,0.0,0.0,0.0,0.0,5101866,0,0,0,0,0,0.0,,0.0,python3.12,func@0x519240,[Unknown],0x519240
func@0x519ce0,0.0,0.0,0.0,0.0,0.0,0.0,0.0,5101866,0,0,0,0,0,0.0,,0.0,python3.12,func@0x519ce0,[Unknown],0x519ce0
func@0x525fe0,0.0,0.0,0.0,0.0,0.0,0.0,0.0,0,5101866,0,0,0,0,0.0,,0.0,python3.12,func@0x525fe0,[Unknown],0x525fe0
func@0x528bd0,0.0,0.0,0.0,0.0,0.0,0.0,0.0,0,5101866,0,0,0,0,0.0,,0.0,python3.12,func@0x528bd0,[Unknown],0x528bd0
func@0x529e60,0.0,0.0,0.0,0.0,0.0,0.0,0.0,0,5101866,0,0,0,0,0.0,,0.0,python3.12,func@0x529e60,[Unknown],0x529e60
func@0x52a010,0.0,0.0,0.0,0.0,0.0,0.0,0.0,0,5101866,0,0,0,0,0.0,,0.0,python3.12,func@0x52a010,[Unknown],0x52a010
func@0x5306c0,0.0,0.0,0.0,0.0,0.0,0.0,0.0,0,5101866,0,0,0,0,0.0,,0.0,python3.12,func@0x5306c0,[Unknown],0x5306c0
func@0x537510,0.0,0.0,0.0,0.0,0.0,0.0,0.0,0,5101866,0,0,0,0,0.0,,0.0,python3.12,func@0x537510,[Unknown],0x537510
func@0x53e920,0.0,0.0,0.0,0.0,100.0,0.0,0.0,0,0,0,0,0,0,0.0,,0.0,python3.12,func@0x53e920,[Unknown],0x53e920
func@0x54c970,0.0,0.0,0.0,100.0,0.0,0.0,0.0,0,0,0,0,0,0,0.0,,0.0,python3.12,func@0x54c970,[Unknown],0x54c970
func@0x54ca30,0.0,0.0,0.0,0.0,0.0,0.0,0.0,0,10203732,0,0,0,0,0.0,,0.0,python3.12,func@0x54ca30,[Unknown],0x54ca30
func@0x550900,0.0,0.0,0.0,0.0,0.0,0.0,0.0,5101866,0,0,0,0,0,0.0,,0.0,python3.12,func@0x550900,[Unknown],0x550900
func@0x5511e0,0.0,0.0,0.0,0.0,0.0,0.0,0.0,0,5101866,0,0,0,0,0.0,,0.0,python3.12,func@0x5511e0,[Unknown],0x5511e0
func@0x55d920,0.0,,0.0,0.0,0.0,0.0,0.0,5101866,0,0,0,0,0,0.0,,0.0,python3.12,func@0x55d920,[Unknown],0x55d920
func@0x55ea00,0.0,0.0,0.0,0.0,0.0,0.0,0.0,0,0,0,0,0,0,5.000000,,0.0,python3.12,func@0x55ea00,[Unknown],0x55ea00
func@0x562da0,0.0,0.0,0.0,0.0,0.0,0.0,0.0,5101866,0,0,0,0,0,0.0,,0.0,python3.12,func@0x562da0,[Unknown],0x562da0
func@0x572cd0,0.0,0.0,0.0,0.0,0.0,0.0,0.0,5101866,0,0,0,0,0,0.0,,0.0,python3.12,func@0x572cd0,[Unknown],0x572cd0
func@0x5752b0,0.0,0.0,0.0,0.0,0.0,0.0,0.0,5101866,0,0,0,0,0,0.0,,0.0,python3.12,func@0x5752b0,[Unknown],0x5752b0
func@0x5784d0,0.0,0.0,0.0,0.0,0.0,0.0,0.0,0,0,0,0,0,0,5.000000,,0.0,python3.12,func@0x5784d0,[Unknown],0x5784d0
func@0x57c020,0.0,0.0,0.0,0.0,0.0,0.0,0.0,5101866,0,0,0,0,0,0.0,,0.0,python3.12,func@0x57c020,[Unknown],0x57c020
func@0x581f10,0.0,0.0,0.0,100.0,0.0,0.0,0.0,0,0,0,0,0,0,0.0,,0.0,python3.12,func@0x581f10,[Unknown],0x581f10
func@0x582130,0.0,0.0,0.0,100.0,0.0,0.0,0.0,0,0,0,0,0,0,0.0,,0.0,python3.12,func@0x582130,[Unknown],0x582130
func@0x58da10,0.0,0.0,0.0,0.0,0.0,0.0,0.0,0,5101866,0,0,0,0,0.0,,0.0,python3.12,func@0x58da10,[Unknown],0x58da10
func@0x5914a0,0.0,0.0,0.0,0.0,0.0,0.0,0.0,0,0,0,0,0,0,5.000000,,0.0,python3.12,func@0x5914a0,[Unknown],0x5914a0
func@0x5974d0,0.0,0.0,0.0,0.0,0.0,0.0,0.0,5101866,0,0,0,0,0,0.0,,0.0,python3.12,func@0x5974d0,[Unknown],0x5974d0
func@0x599410,0.0,0.0,0.0,0.0,0.0,0.0,0.0,5101866,0,0,0,0,0,5.000000,,0.0,python3.12,func@0x599410,[Unknown],0x599410
func@0x59f9f0,0.0,0.0,0.0,0.0,0.0,0.0,0.0,0,5101866,0,0,0,0,0.0,,0.0,python3.12,func@0x59f9f0,[Unknown],0x59f9f0
func@0x5a36d0,0.0,0.0,100.0,0.0,0.0,0.0,0.0,0,10203732,0,0,0,0,0.0,,0.0,python3.12,func@0x5a36d0,[Unknown],0x5a36d0
func@0x5a3cd0,0.0,0.0,0.0,0.0,0.0,0.0,0.0,10203732,0,0,0,0,0,0.0,,0.0,python3.12,func@0x5a3cd0,[Unknown],0x5a3cd0
func@0x5a8450,0.0,0.0,0.0,0.0,0.0,0.0,0.0,5101866,0,0,0,0,0,0.0,,0.0,python3.12,func@0x5a8450,[Unknown],0x5a8450
func@0x5cd520,0.0,0.0,0.0,0.0,0.0,0.0,0.0,0,5101866,0,0,0,0,0.0,,0.0,python3.12,func@0x5cd520,[Unknown],0x5cd520
func@0x5d2d10,0.0,0.0,0.0,0.0,0.0,0.0,0.0,5101866,0,0,0,0,0,0.0,,0.0,python3.12,func@0x5d2d10,[Unknown],0x5d2d10
func@0x5d2d80,0.0,0.0,0.0,0.0,0.0,0.0,0.0,0,5101866,0,0,0,0,0.0,,0.0,python3.12,func@0x5d2d80,[Unknown],0x5d2d80
func@0x5d59b0,0.0,0.0,0.0,0.0,0.0,0.0,0.0,5101866,5101866,0,0,0,0,0.0,,0.0,python3.12,func@0x5d59b0,[Unknown],0x5d59b0
func@0x5f7160,0.0,0.0,0.0,0.0,0.0,0.0,0.0,5101866,0,0,0,0,0,0.0,,0.0,python3.12,func@0x5f7160,[Unknown],0x5f7160
func@0x5fbbe0,0.0,0.0,0.0,0.0,0.0,0.0,0.0,0,5101866,0,0,0,0,0.0,,0.0,python3.12,func@0x5fbbe0,[Unknown],0x5fbbe0
func@0x603f60,0.0,0.0,0.0,0.0,0.0,0.0,0.0,5101866,0,0,0,0,0,5.000000,,0.0,python3.12,func@0x603f60,[Unknown],0x603f60
func@0x60b1a0,0.0,0.0,0.0,0.0,0.0,0.0,0.0,5101866,0,0,0,0,0,0.0,,0.0,python3.12,func@0x60b1a0,[Unknown],0x60b1a0
func@0x61d9b0,0.0,0.0,0.0,0.0,0.0,0.0,0.0,10203732,10203732,0,0,0,0,0.0,,0.0,python3.12,func@0x61d9b0,[Unknown],0x61d9b0
func@0x64f4f0,0.0,0.0,0.0,0.0,0.0,0.0,0.0,0,5101866,0,0,0,0,0.0,,0.0,python3.12,func@0x64f4f0,[Unknown],0x64f4f0
func@0x6ec0,0.0,0.0,100.0,0.0,0.0,0.0,0.0,0,5101866,0,0,0,0,0.0,,0.0,libittnotify_collector.so,func@0x6ec0,[Unknown],0x6ec0
func@0xa2210,0.0,0.0,0.0,0.0,0.0,0.0,0.0,10203732,0,0,0,0,0,0.0,,0.0,libstdc++.so.6.0.33,func@0xa2210,[Unknown],0xa2210
func@0xa9c90,0.0,0.0,0.0,34.7,0.0,0.0,0.0,0,5101866,0,0,0,0,0.0,,0.0,libc.so.6,func@0xa9c90,[Unknown],0xa9c90
func@0xaabe0,0.0,0.0,0.0,0.0,0.0,0.0,0.0,0,0,0,0,0,0,5.000000,,0.0,libc.so.6,func@0xaabe0,[Unknown],0xaabe0
func@0xab250,0.0,0.0,44.2,0.0,0.0,0.0,0.0,0,10203732,0,0,0,0,0.0,,0.0,libc.so.6,func@0xab250,[Unknown],0xab250
func@0xafa0,0.0,0.0,0.0,100.0,0.0,0.0,0.0,0,5101866,0,0,0,0,0.0,,0.0,libittnotify_collector.so,func@0xafa0,[Unknown],0xafa0
func@0xafc0,0.0,,0.0,0.0,0.0,0.0,0.0,5101866,0,0,0,0,0,0.0,,0.0,libittnotify_collector.so,func@0xafc0,[Unknown],0xafc0
func@0xfbf0,0.0,0.0,0.0,0.0,0.0,0.0,0.0,0,5101866,0,0,0,0,0.0,,0.0,libittnotify_collector.so,func@0xfbf0,[Unknown],0xfbf0
ideep::convolution_forward::get_primitive_desc<(bool)0>.isra.0,0.0,0.0,0.0,0.0,0.0,100.0,0.0,0,0,0,0,0,0,0.0,,0.0,libtorch_cpu.so,"ideep::convolution_forward::get_primitive_desc<(bool)0>(ideep::tensor::desc const&, ideep::tensor::desc const&, ideep::tensor::desc const&, ideep::tensor::desc const&, std::vector<long, std::allocator<long>> const&, std::vector<long, std::allocator<long>> const&, std::vector<long, std::allocator<long>> const&, std::vector<long, std::allocator<long>> const&, bool, ideep::attr_t const&, dnnl::algorithm, dnnl::prop_kind, ideep::engine const&).isra.0",[Unknown],0x263ced0
ideep::tensor::desc::to_bytes,0.0,0.0,0.0,0.0,0.0,0.0,0.0,0,0,0,0,0,0,5.000000,,0.0,libtorch_cpu.so,"ideep::tensor::desc::to_bytes(std::__cxx11::basic_string<char, std::char_traits<char>, std::allocator<char>>&) const",[Unknown],0x2530560
ideep::tensor::desc::to_type,0.0,0.0,0.0,0.0,0.0,0.0,0.0,0,5101866,0,0,0,0,0.0,,0.0,libtorch_cpu.so,"ideep::tensor::desc::to_type(dnnl::memory::data_type, ideep::engine) const",[Unknown],0x1cdba00
ideep::tensor::reorder_to,0.0,0.0,0.0,0.0,0.0,0.0,0.0,0,5101866,0,0,0,0,0.0,,0.0,libtorch_cpu.so,"ideep::tensor::reorder_to(ideep::tensor&, ideep::attr_t const&) const",[Unknown],0x1ce02e0
ideep::tensor::~tensor,0.0,0.0,0.0,0.0,0.0,0.0,0.0,0,5101866,0,0,0,0,0.0,,0.0,libtorch_cpu.so,ideep::tensor::~tensor(void),[Unknown],0x1cd9d00
isalpha,0.0,0.0,0.0,0.0,0.0,0.0,0.0,0,0,0,0,0,0,5.000000,,0.0,libc.so.6,isalpha,[Unknown],0x3b5b0
jit_single_blk_kernel,0.0,0.0,0.0,0.0,0.0,0.0,69.4,0,10203732,0,0,0,0,5.000000,,0.0,[Dynamic code],jit_single_blk_kernel,jit_uni_reorder.cpp,0x78a62abbf000
jit_single_blk_kernel,0.0,,0.0,0.0,0.0,0.0,100.0,0,20407464,0,0,0,0,12.000000,,0.0,[Dynamic code],jit_single_blk_kernel,jit_uni_reorder.cpp,0x78a62ae7f000
jit_single_blk_kernel,0.0,0.0,0.0,0.0,0.0,0.0,0.0,5101866,0,0,0,0,0,0.0,,0.0,[Dynamic code],jit_single_blk_kernel,jit_uni_reorder.cpp,0x78a62acff000
jit_uni_reorder_kernel_f32,0.0,0.0,0.0,100.0,0.0,100.0,0.0,15305598,10203732,0,0,0,0,0.0,,0.0,[Dynamic code],jit_uni_reorder_kernel_f32,jit_uni_reorder.cpp,0x78a62b3bf000
posix_memalign,0.0,0.0,0.0,0.0,0.0,0.0,0.0,0,5101866,0,0,0,0,5.000000,,0.0,libc.so.6,posix_memalign,[Unknown],0xaf530
pthread_mutex_lock,0.0,0.0,0.0,69.4,0.0,0.0,0.0,0,0,0,0,0,0,5.000000,,0.0,libc.so.6,pthread_mutex_lock,[Unknown],0xa00d0
pybind11::cpp_function::dispatcher,0.0,0.0,0.0,0.0,81.0,0.0,0.0,5101866,10203732,0,0,0,0,0.0,,0.0,libtorch_python.so,"pybind11::cpp_function::dispatcher(_object*, _object* const*, unsigned long, _object*)",[Unknown],0x3e4550
"pybind11::cpp_function::initialize<torch::jit::initPythonIRBindings(_object*)::{lambda(c10::Type&)#1}, std::__cxx11::basic_string<char, std::char_traits<char>, std::allocator<char>>, c10::Type&, pybind11::name, pybind11::is_method, pybind11::sibling>(torch::jit::initPythonIRBindings(_object*)::{lambda(c10::Type&)#1}&&, std::__cxx11::basic_string<char, std::char_traits<char>, std::allocator<char>> (*)(c10::Type&), pybind11::name const&)::{lambda(pybind11::detail::function_call&)#1}::_FUN",0.0,0.0,0.0,0.0,0.0,0.0,0.0,0,5101866,0,0,0,0,0.0,,0.0,libtorch_python.so,"pybind11::cpp_function::initialize<torch::jit::initPythonIRBindings(_object*)::{lambda(c10::Type&)#1}, std::__cxx11::basic_string<char, std::char_traits<char>, std::allocator<char>>, c10::Type&, pybind11::name, pybind11::is_method, pybind11::sibling>(torch::jit::initPythonIRBindings(_object*)::{lambda(c10::Type&)#1}&&, std::__cxx11::basic_string<char, std::char_traits<char>, std::allocator<char>> (*)(c10::Type&), pybind11::name const&)::{lambda(pybind11::detail::function_call&)#1}::_FUN(pybind11::detail::function_call&)",[Unknown],0xba5b30
pybind11::detail::clear_instance,0.0,0.0,0.0,0.0,0.0,0.0,0.0,0,5101866,0,0,0,0,0.0,,0.0,libtorch_python.so,pybind11::detail::clear_instance(_object*),[Unknown],0x3e38b0
pybind11::detail::instance::allocate_layout,0.0,0.0,0.0,0.0,0.0,0.0,0.0,5101866,0,0,0,0,0,0.0,,0.0,libtorch_python.so,pybind11::detail::instance::allocate_layout(void),[Unknown],0x3e3620
pybind11::detail::type_caster_generic::cast,0.0,0.0,0.0,0.0,0.0,0.0,0.0,0,5101866,0,0,0,0,0.0,,0.0,libtorch_python.so,"pybind11::detail::type_caster_generic::cast(pybind11::detail::cast_sources const&, pybind11::return_value_policy, pybind11::handle, void* (*)(void const*), void* (*)(void const*), void const*)",[Unknown],0x3e7ef0
pybind11::detail::type_caster_generic::load_impl<pybind11::detail::type_caster_generic>,0.0,0.0,0.0,0.0,0.0,0.0,0.0,0,5101866,0,0,0,0,0.0,,0.0,libtorch_python.so,"pybind11::detail::type_caster_generic::load_impl<pybind11::detail::type_caster_generic>(pybind11::handle, bool)",[Unknown],0x666db0
pybind11::gil_scoped_acquire::gil_scoped_acquire,0.0,0.0,0.0,0.0,0.0,0.0,0.0,0,5101866,0,0,0,0,0.0,,0.0,libtorch_python.so,pybind11::gil_scoped_acquire::gil_scoped_acquire(void),[Unknown],0x3d9680
rtus_driver_t,0.0,,0.0,81.0,81.0,0.0,0.0,0,5101866,0,0,0,0,68.000000,,0.0,[Dynamic code],rtus_driver_t,jit_uni_1x1_conv_utils.hpp,0x78a62af3f000
rtus_driver_t,0.0,0.0,0.0,100.0,0.0,0.0,0.0,0,0,0,0,0,0,0.0,,0.0,[Dynamic code],rtus_driver_t,jit_uni_1x1_conv_utils.hpp,0x78a62ac7f000
"std::_Function_handler<void (int, int), dnnl::impl::parallel_nd(long, long, std::function<void (long, long)> const&)::{lambda(intint)#1}>::_M_invoke",0.0,50.0,0.0,0.0,0.0,0.0,40.5,10203732,5101866,0,0,0,0,5.000000,,0.0,libtorch_cpu.so,"std::_Function_handler<void (int, int), dnnl::impl::parallel_nd(long, long, std::function<void (long, long)> const&)::{lambda(intint)#1}>::_M_invoke(std::_Any_data const&, int&&, int&&)",[Unknown],0x1017f6c0
"std::_Function_handler<void (long, long), dnnl::impl::cpu::x64::jit_blk_reorder_t::execute(dnnl::impl::exec_ctx_t const&) const::{lambda(longlong)#1}>::_M_invoke",0.0,50.0,51.1,0.0,0.0,25.6,51.1,20407464,0,0,0,0,0,5.000000,,0.0,libtorch_cpu.so,"std::_Function_handler<void (long, long), dnnl::impl::cpu::x64::jit_blk_reorder_t::execute(dnnl::impl::exec_ctx_t const&) const::{lambda(longlong)#1}>::_M_invoke(std::_Any_data const&, long&&, long&&)",[Unknown],0x1017e9a0
"std::_Hashtable<int, std::pair<int const, dnnl::memory>, std::allocator<std::pair<int const, dnnl::memory>>, std::__detail::_Select1st, std::equal_to<int>, std::hash<int>, std::__detail::_Mod_range_hashing, std::__detail::_Default_ranged_hash, std::__detail::_Prime_rehash_policy, std::__detail::_Hashtable_traits<(bool)0, (bool)0, (bool)1>>::_M_insert_unique_node",0.0,0.0,0.0,0.0,0.0,0.0,0.0,5101866,0,0,0,0,0,0.0,,0.0,libtorch_cpu.so,"std::_Hashtable<int, std::pair<int const, dnnl::memory>, std::allocator<std::pair<int const, dnnl::memory>>, std::__detail::_Select1st, std::equal_to<int>, std::hash<int>, std::__detail::_Mod_range_hashing, std::__detail::_Default_ranged_hash, std::__detail::_Prime_rehash_policy, std::__detail::_Hashtable_traits<(bool)0, (bool)0, (bool)1>>::_M_insert_unique_node(unsigned long, unsigned long, std::__detail::_Hash_node<std::pair<int const, dnnl::memory>, (bool)0>*, unsigned long)",[Unknown],0x1cdfe90
"std::_Hashtable<void const*, std::pair<void const* const, pybind11::detail::instance*>, std::allocator<std::pair<void const* const, pybind11::detail::instance*>>, std::__detail::_Select1st, std::equal_to<void const*>, std::hash<void const*>, std::__detail::_Mod_range_hashing, std::__detail::_Default_ranged_hash, std::__detail::_Prime_rehash_policy, std::__detail::_Hashtable_traits<(bool)0, (bool)0, (bool)0>>::erase.isra.0",0.0,0.0,0.0,0.0,0.0,0.0,0.0,5101866,0,0,0,0,0,0.0,,0.0,libtorch_python.so,"std::_Hashtable<void const*, std::pair<void const* const, pybind11::detail::instance*>, std::allocator<std::pair<void const* const, pybind11::detail::instance*>>, std::__detail::_Select1st, std::equal_to<void const*>, std::hash<void const*>, std::__detail::_Mod_range_hashing, std::__detail::_Default_ranged_hash, std::__detail::_Prime_rehash_policy, std::__detail::_Hashtable_traits<(bool)0, (bool)0, (bool)0>>::erase(std::__detail::_Node_const_iterator<std::pair<void const* const, pybind11::detail::instance*>, (bool)0, (bool)0>).isra.0",[Unknown],0x3c0170
"std::_Sp_counted_ptr<dnnl::impl::exec_ctx_impl_t*, (__gnu_cxx::_Lock_policy)2>::_M_dispose",0.0,0.0,0.0,0.0,0.0,0.0,0.0,5101866,0,0,0,0,0,0.0,,0.0,libtorch_cpu.so,"std::_Sp_counted_ptr<dnnl::impl::exec_ctx_impl_t*, (__gnu_cxx::_Lock_policy)2>::_M_dispose(void)",[Unknown],0x10767290
"std::__cxx11::basic_string<char, std::char_traits<char>, std::allocator<char>>::_M_dispose",0.0,0.0,0.0,0.0,0.0,0.0,0.0,5101866,0,0,0,0,0,0.0,,0.0,libtorch_cpu.so,"std::__cxx11::basic_string<char, std::char_traits<char>, std::allocator<char>>::_M_dispose(void)",[Unknown],0x18f78f0
"std::vector<ideep::tensor, std::allocator<ideep::tensor>>::vector",0.0,0.0,0.0,0.0,0.0,0.0,0.0,0,5101866,0,0,0,0,0.0,,0.0,libtorch_cpu.so,"std::vector<ideep::tensor, std::allocator<ideep::tensor>>::vector(unsigned long, std::allocator<ideep::tensor> const&)",[Unknown],0x1cdd410
torch::FunctionSignature::parse,0.0,0.0,0.0,100.0,100.0,0.0,0.0,5101866,5101866,0,0,0,0,0.0,,0.0,libtorch_python.so,"torch::FunctionSignature::parse(_object*, _object*, _object*, _object**, std::vector<_object*, std::allocator<_object*>>&, bool)",[Unknown],0xe27b30
torch::PythonArgParser::raw_parse,0.0,0.0,0.0,0.0,0.0,0.0,0.0,5101866,0,0,0,0,0,0.0,,0.0,libtorch_python.so,"torch::PythonArgParser::raw_parse(_object*, _object*, _object*, _object**)",[Unknown],0xe28780
torch::autograd::THPVariable_conv2d,0.0,0.0,0.0,0.0,0.0,0.0,0.0,5101866,0,0,0,0,0,0.0,,0.0,libtorch_python.so,"torch::autograd::THPVariable_conv2d(_object*, _object*, _object*)",[Unknown],0x5585f0
torch::is_int_or_symint,0.0,0.0,0.0,0.0,0.0,0.0,0.0,0,5101866,0,0,0,0,0.0,,0.0,libtorch_python.so,torch::is_int_or_symint(_object*),[Unknown],0xe255a0
torch::is_int_or_symint_list,0.0,0.0,0.0,0.0,0.0,0.0,0.0,0,5101866,0,0,0,0,0.0,,0.0,libtorch_python.so,"torch::is_int_or_symint_list(_object*, int, pybind11::object*, std::vector<_object*, std::allocator<_object*>>*)",[Unknown],0xe25820
torch::jit::Lexer::lex,0.0,0.0,0.0,0.0,0.0,0.0,0.0,0,0,0,0,0,0,5.000000,,0.0,libtorch_cpu.so,torch::jit::Lexer::lex(void),[Unknown],0x1cad500
torch::jit::StringCordView::find,0.0,0.0,0.0,0.0,0.0,0.0,0.0,0,5101866,0,0,0,0,0.0,,0.0,libtorch_cpu.so,"torch::jit::StringCordView::find(std::__cxx11::basic_string<char, std::char_traits<char>, std::allocator<char>> const&, unsigned long) const",[Unknown],0x1cba770
torch::jit::parseSchemaOrName,0.0,0.0,0.0,0.0,0.0,0.0,0.0,0,5101866,0,0,0,0,0.0,,0.0,libtorch_cpu.so,"torch::jit::parseSchemaOrName(std::__cxx11::basic_string<char, std::char_traits<char>, std::allocator<char>> const&, bool)",[Unknown],0x1ca9f20
torch::utils::is_numpy_int,0.0,0.0,0.0,0.0,0.0,0.0,0.0,0,5101866,0,0,0,0,0.0,,0.0,libtorch_python.so,torch::utils::is_numpy_int(_object*),[Unknown],0xe90e20
