operator,CPU s,task count,Retiring,Front-End,Bad Spec,Back-End,Memory Bound,L1 Bound,  FB Full,L2 Bound,L3 Bound,  L3 Data Sharing,  L3 Contested,  SQ Full,DRAM Bound,  DRAM Bandwidth,  DRAM Latency,Store Bound,Core Bound,  Port Utilization,  Serializing,  Slow Pause,Vector Capacity (FPU),FP 512-bit,FP 256-bit,FP scalar
whole inference,12.799999,1200.0,43.2,10.6,0.0,49.4,12.4,1.8,7.0,1.7,4.6,0.0,0.0,6.7,2.6,17.0,8.1,2.4,37.1,21.6,0.6,0.0,99.3,89.3,1.2,0.1
"conv, MKL GEMM path (33 1x1)",4.27,39600.0,45.3,1.6,2.5,50.6,6.6,0.6,3.5,1.4,2.2,0.0,0.0,2.7,1.4,12.2,12.5,1.3,44.0,24.1,0.3,0.0,100.0,100.0,0.0,0.0
"conv, oneDNN kernel (20)",4.665,48400.0,51.649896508900234,12.708375879674348,0.0,47.05387056713123,4.187829446667586,2.093914723333793,1.695073823651166,0.0,2.2521319166551677,0.0,0.0,1.3959431488891956,0.0,6.9385124879260385,2.3930453980957638,0.19942044984131366,42.86604112046364,17.150158686352974,0.34665378777425143,0.0,99.71022492065683,99.71022492065683,0.0,0.0
oneDNN re-layout,1.1749999999999998,142780.0,36.87214125560538,3.1548206278026907,0.3783632286995516,99.15919282511211,54.63671524663677,6.445347533632287,19.236883408071748,3.867208520179372,8.971748878923767,0.0,0.0,35.30067264573991,13.485650224215247,62.37113228699552,0.6423766816143498,17.35285874439462,53.14932735426009,24.83733183856502,0.29747757847533635,0.0,0.0,0.0,0.0,0.0
max-pool,1.305,1200.0,31.4,24.7,39.7,4.2,0.0,8.7,0.0,0.0,0.0,,,0.0,0.0,0.0,5.4,0.0,4.2,24.8,0.0,0.0,0.0,0.0,0.0,0.0
batchnorm (53),0.52,63600.0,38.1,4.8,2.4,54.8,23.8,0.0,13.7,15.1,9.6,0.0,0.0,21.9,0.0,56.1,15.1,9.6,31.0,29.0,1.8,0.0,47.1,0.0,17.5,1.3
residual add (16),0.255,19200.0,15.2,0.5,12.9,71.4,33.3,15.0,81.0,30.0,24.0,0.0,0.0,48.0,3.0,75.0,6.0,0.0,38.1,18.9,0.0,0.0,50.0,0.0,31.2,0.0
ReLU (49),0.22,58800.0,36.4,20.9,0.0,100.0,18.2,0.0,76.4,0.0,27.8,0.0,0.0,13.9,3.5,48.6,0.0,0.0,81.8,32.8,0.0,0.0,50.0,0.0,25.0,0.0
fc,0.07,1200.0,0.0,30.0,0.0,100.0,100.0,0.0,33.2,0.0,0.0,,,41.5,100.0,58.1,8.3,0.0,0.0,0.0,0.0,0.0,0.0,0.0,0.0,0.0
