category,share of clockticks %,Retiring,Front-End,Bad Spec,Back-End,Memory Bound,L1 Bound,  FB Full,L2 Bound,L3 Bound,  L3 Data Sharing,  L3 Contested,  SQ Full,DRAM Bound,  DRAM Bandwidth,  DRAM Latency,Store Bound,Core Bound,  Port Utilization,  Serializing,  Slow Pause,Vector Capacity (FPU),FP 512-bit,FP 256-bit,FP scalar
OpenMP runtime (spin/barrier),70.31333908317195,6.09130085111061,0.15466092622490726,0.046511466416679685,99.82747484216678,19.314072192389595,12.900786308170314,0.015922885097174728,0.07983949824396962,1.852872425983464,0.23943785738846932,1.5292558678570065,0.0073192040871824255,0.006653821897438568,0.24797058432128125,1.2914617000225652,0.027109406189790144,83.58734093710397,16.66907130004108,30.508059803394026,69.88073342475106,0.0,0.0,0.0,0.0
oneDNN conv (JIT),11.710143040796732,43.20248014490734,14.177951685432426,2.1406172537792827,61.369550969181425,28.08704406897753,6.187239438576987,9.634772790439133,3.169055725403002,15.677782795997777,41.76981431977458,43.98997904775666,7.924555308504725,2.1485790717065036,34.4671240967204,10.248905642023347,5.618305308504725,36.273528796541626,13.067660582416051,0.0132017787659811,0.0,79.99235686492496,79.57165439132852,0.0,0.0
VTune ITT collector (instrumentation overhead),10.743112398496363,1.8763263129832044,2.2669119609562665,0.9737721808815112,97.5267517136329,94.52338755545445,4.651899117658196,0.0,1.6986745938576893,87.50463892149808,3.05009633911368,0.0,0.7343621009580793,0.0,0.4001590487370773,10.294285606089295,0.14184496535009655,2.988137852246763,0.933450127585025,37.18668534858182,1.0734843034044004,0.0,0.0,0.0,0.0
other,1.781500707881076,19.923863895866635,27.55908256880734,3.302408809359945,49.00059387848333,49.27741493491665,0.5480703356930806,0.29047727791733274,3.0984242977848826,26.04284083124001,11.289650382032878,20.419541560546424,0.8636675039963462,2.033340945421329,6.55880337976707,29.253025804978307,1.9010276318794246,0.0024668798538145273,16.92970997944736,18.960584608358072,16.654030600593742,0.0,0.0,0.0,0.0
"other PyTorch (ATen elementwise, dispatch, copies)",1.6403313208898147,18.794886511870597,10.594997220678154,20.571569178852645,55.633877448518334,40.36814888833375,9.939112103174603,25.563095238095237,16.848363095238096,26.619171626984127,21.679574085182963,42.80143971205759,7.343452380952381,0.9813492063492063,42.50178571428572,11.209573412698413,6.4148065476190474,21.63972706595906,11.933472475867466,1.4423363095238095,0.0,21.986607142857142,0.2617311507936508,5.2423859126984125,0.7688492063492064
batchnorm (ATen),1.1098273421099738,17.485923753665688,1.3762237762237761,0.7545086492454913,98.38709677419355,96.61612903225806,10.035483870967742,34.23870967741935,2.876392961876833,46.61041055718475,6.402201834862385,98.4954128440367,10.133870967741936,0.0,55.23141495601173,19.18548387096774,7.083870967741936,6.395161290322581,12.691935483870967,0.3935483870967742,0.0,49.250366568914956,0.0,12.2,0.45821114369501464
max-pool (ATen),1.0728059754926689,37.5,15.3,44.3,3.0,0.8,3.1,0.0,0.0,0.4,0.0,0.0,0.0,0.0,2.7,7.6,0.0,2.2,14.0,0.0,0.0,0.0,0.0,0.0,0.0
oneDNN re-layout (JIT),0.838472929651267,29.04129063561378,4.340038872691934,7.097035957240039,77.1141193595342,46.81620572537603,0.0,19.990441533236293,5.093740902474527,8.101115963124697,13.847792333818534,0.0,32.622173702086364,14.415235322658903,60.069335274138766,13.695633187772925,22.924065987384765,30.297913634158174,16.93444929645803,0.0,0.0,0.0,0.0,0.0,0.0
libc / allocator,0.441001773770972,45.4046800382044,38.45972495088409,27.994070351758793,20.589332096474955,13.227153558052434,21.305535055350553,0.0,8.224354243542436,7.82260147601476,0.0,0.0,0.0,0.0,5.4880073800738005,8.714944649446494,0.0,11.708757062146892,33.6025787965616,5.271217712177122,0.0,0.0,0.0,0.0,0.0
Python interpreter,0.2493856894110755,8.3625,6.6915760869565215,70.58777429467085,7.655246252676659,0.0,19.9931484502447,0.0,5.130505709624796,8.515497553017944,0.0,0.0,0.0,5.012398042414356,2.890375203915171,19.997879282218598,0.0,7.655246252676659,16.97625,0.0,0.0,0.0,0.0,0.0,0.0
MKL GEMM,0.10007973832809883,6.367886178861789,2.81869918699187,1.9569105691056912,93.0691056910569,97.96747967479675,0.0,85.81951219512194,0.0,0.0,0.0,0.0,97.96747967479675,97.96747967479675,97.96747967479675,0.0,0.0,0.0,0.6857723577235773,0.0,0.0,97.96747967479675,57.50691056910569,0.0,0.0
