Hierarchy Level,Metric Name,Metric Value
0,Elapsed Time,58.420335
1,Clockticks,2580942000000
1,Instructions Retired,1084513500000
1,CPI Rate,2.379815
1,Bottlenecks View (preview),
2,Mispredictions,
2,Big Code,0.0
2,Instruction Fetch Bandwidth,
2,Cache Memory Bandwidth,100.0
2,Cache Memory Latency,12.7
2,Memory Data TLBs,0.7
2,Memory Synchronization,
2,Compute Bound Estimation,7.8
2,Irregular Overhead,
2,Other Bottlenecks,
2,Branching Overhead,0.8
2,Useful Work,10.4
1,Top-down Microarchitecture Analysis (TMA),
2,Retiring,11.2
3,Light Operations,6.3
4,FP Arithmetic,47.9
5,FP x87,0.0
5,FP Scalar,0.0
5,FP Vector,47.9
6,128-bit FP Vector,0.0
6,256-bit FP Vector,0.3
6,512-bit FP Vector,49.0
4,Integer Operations,0.0
5,128-bit Integer Vector Operations,0.0
5,256-bit Vector Operations,0.0
4,Memory Operations,2.3
4,Fused Instructions,0.4
4,Non Fused Branches,0.0
4,Other,0.0
5,Nop Instructions,0.0
5,Shuffles_256b,0.1
3,Heavy Operations,4.9
4,Few Uops Instructions,2.9
4,Microcode Sequencer,2.0
5,Assists,0.0
6,Page Faults,0.0
6,FP Assists,0.0
6,AVX Assists,0.0
5,CISC,2.0
2,Front-End Bound,3.3
3,Front-End Latency,1.2
4,ICache Misses,0.3
5,Code L2 Hit,0.0
5,Code L2 Miss,0.4
4,ITLB Misses,0.1
5,Code STLB Hit,0.1
5,Code STLB Miss,0.1
6,Code STLB Miss 4K,0.1
6,Code STLB Miss 2M,0.0
4,Branch Resteers,0.3
5,Mispredicts Resteers,
5,Clears Resteers,
5,Unknown Branches,0.1
4,MS Switches,20.5
4,Length Changing Prefixes,0.0
4,DSB Switches,0.2
3,Front-End Bandwidth,2.0
4,Front-End Bandwidth MITE,0.6
5,Decoder-0 Alone,0.1
4,Front-End Bandwidth DSB,1.8
4,MS,3.8
4,(Info) DSB Coverage,48.1
4,(Info) DSB Misses,0.2
2,Bad Speculation,0.0
3,Branch Mispredict,0.9
4,Other Mispredicts,0.0
3,Machine Clears,0.0
4,Other Nukes,
2,Back-End Bound,96.1
3,Memory Bound,32.9
4,L1 Bound,9.3
5,DTLB Overhead,0.8
6,Load STLB Hit,0.6
6,Load STLB Miss,0.2
7,Load STLB Miss 4K,0.2
7,Load STLB Miss 2M,0.0
7,Load STLB Miss 1G,0.0
5,Loads Blocked by Store Forwarding,0.2
5,L1 Latency Dependency,7.6
5,Lock Latency,0.1
5,Split Loads,0.1
5,FB Full,2.2
4,L2 Bound,0.3
5,L2 Hit Latency,8.7
4,L3 Bound,14.2
5,Contested Accesses,19.8
5,Data Sharing,5.4
5,L3 Latency,4.1
5,SQ Full,1.7
4,DRAM Bound,0.6
5,Memory Bandwidth,6.5
6,MBA Stalls,0.0
5,Memory Latency,4.1
6,Local Memory,0.3
6,Remote Memory,0.0
6,Remote Cache,0.0
4,Store Bound,1.1
5,Store Latency,13.8
5,False Sharing,3.2
5,Split Stores,0.0
5,Streaming Stores,0.0
5,DTLB Store Overhead,0.5
6,Store STLB Hit,0.4
6,Store STLB Miss,0.1
7,Store STLB Miss 4K,0.0
7,Store STLB Miss 2M,0.0
7,Store STLB Miss 1G,0.0
3,Core Bound,63.1
4,Divider,0.0
5,FP Divider,0.0
5,INT Divider,0.0
4,Serializing Operations,25.8
5,Slow Pause,49.6
5,C01 Wait,0.0
5,C02 Wait,0.0
5,Memory Fence,0.0
4,AMX Busy,0.0
4,Port Utilization,10.2
5,Cycles of 0 Ports Utilized,5.3
6,Mixing Vectors,0.0
5,Cycles of 1 Port Utilized,4.4
5,Cycles of 2 Ports Utilized,3.1
5,Cycles of 3+ Ports Utilized,9.8
6,ALU Operation Utilization,6.0
7,Port 0,8.6
7,Port 1,1.7
7,Port 6,7.0
6,Load Operation Utilization,7.3
6,Store Operation Utilization,1.1
5,Vector Capacity Usage (FPU),99.6
1,Average CPU Frequency,2443310476.920603
1,Total Thread Count,41249
1,Paused Time,0.0
0,Effective CPU Utilization,64.5
1,Average Effective CPU Utilization,18.072 out of 28
0,Collection and Platform Info,
1,Application Command Line,env "OMP_NUM_THREADS=28" "MKL_NUM_THREADS=28" "OMP_PROC_BIND=close" "OMP_PLACES=cores" "taskset" "-c" "0-27" ".venv/bin/python" "experiments/vtune_run.py" "--threads" "28" "--iters" "4000" 
1,Operating System,6.8.0-138-generic DISTRIB_ID=Ubuntu DISTRIB_RELEASE=24.04 DISTRIB_CODENAME=noble DISTRIB_DESCRIPTION="Ubuntu 24.04.4 LTS"
1,Computer Name,node0.infer.nexdp-pg0.utah.cloudlab.us
1,Result Size,6689219911
1,Collection start time,18:38:52 06/10/2026 UTC
1,Collection stop time,18:39:51 06/10/2026 UTC
1,Collector Type,Driverless Perf system-wide sampling
1,CPU,
2,Name,Intel(R) Xeon(R) Processor code named Emeraldrapids
2,Frequency,2100000127
2,Logical CPU Count,28
2,LLC size,55050240
2,Cache Allocation Technology,
3,Level 2 capability,available
3,Level 3 capability,available
