bench,variant,ws_bytes,param,rep,iters,ns,cycles,ref_cycles,instructions,work,work_unit
memlat,random_4k,4096,0,0,1000000,2394184,5035200,5046300,1408130,1e+06,loads
memlat,random_4k,4096,0,1,1000000,2412549,5034388,5044704,1399707,1e+06,loads
memlat,random_4k,4096,0,2,1000000,2394519,5020185,5030592,1395557,1e+06,loads
memlat,random_4k,4096,0,3,1000000,2405461,5042913,5053356,1430204,1e+06,loads
memlat,random_4k,4096,0,4,1000000,2393943,5018677,5029164,1396029,1e+06,loads
memlat,random_4k,4864,0,0,1000000,2400228,5031904,5042436,1402320,1e+06,loads
memlat,random_4k,4864,0,1,1000000,2390482,5011437,5021772,1388623,1e+06,loads
memlat,random_4k,4864,0,2,1000000,2392101,5014814,5025132,1394878,1e+06,loads
memlat,random_4k,4864,0,3,1000000,2389896,5010170,5020680,1388682,1e+06,loads
memlat,random_4k,4864,0,4,1000000,2391369,5013377,5023704,1394658,1e+06,loads
memlat,random_4k,5760,0,0,1000000,2389775,5010120,5020512,1388684,1e+06,loads
memlat,random_4k,5760,0,1,1000000,2390069,5010608,5020848,1388386,1e+06,loads
memlat,random_4k,5760,0,2,1000000,2392276,5015198,5025468,1394268,1e+06,loads
memlat,random_4k,5760,0,3,1000000,2405267,5016635,5026980,1396553,1e+06,loads
memlat,random_4k,5760,0,4,1000000,2391494,5013621,5023956,1394658,1e+06,loads
memlat,random_4k,6848,0,0,1000000,2390038,5010535,5020848,1388894,1e+06,loads
memlat,random_4k,6848,0,1,1000000,2390127,5010681,5021100,1389115,1e+06,loads
memlat,random_4k,6848,0,2,1000000,2391854,5014301,5024712,1395200,1e+06,loads
memlat,random_4k,6848,0,3,1000000,2389867,5010155,5020428,1388684,1e+06,loads
memlat,random_4k,6848,0,4,1000000,2392032,5014667,5025048,1394868,1e+06,loads
memlat,random_4k,8192,0,0,1000000,2390098,5010644,5020932,1387756,1e+06,loads
memlat,random_4k,8192,0,1,1000000,2390509,5011559,5021772,1388614,1e+06,loads
memlat,random_4k,8192,0,2,1000000,2391489,5013564,5023872,1394869,1e+06,loads
memlat,random_4k,8192,0,3,1000000,2391575,5013748,5024208,1390827,1e+06,loads
memlat,random_4k,8192,0,4,1000000,2391671,5013851,5024292,1394926,1e+06,loads
memlat,random_4k,9728,0,0,1000000,2396187,5023530,5033952,1402053,1e+06,loads
memlat,random_4k,9728,0,1,1000000,2390515,5011625,5021940,1388671,1e+06,loads
memlat,random_4k,9728,0,2,1000000,2393488,5017679,5028156,1396534,1e+06,loads
memlat,random_4k,9728,0,3,1000000,2390431,5011252,5021688,1389300,1e+06,loads
memlat,random_4k,9728,0,4,1000000,2391958,5014458,5024880,1394202,1e+06,loads
memlat,random_4k,11584,0,0,1000000,2390771,5012049,5022444,1389465,1e+06,loads
memlat,random_4k,11584,0,1,1000000,2390055,5010616,5020932,1388443,1e+06,loads
memlat,random_4k,11584,0,2,1000000,2391700,5014132,5024460,1394926,1e+06,loads
memlat,random_4k,11584,0,3,1000000,2390185,5010832,5021184,1388716,1e+06,loads
memlat,random_4k,11584,0,4,1000000,2391891,5014344,5024796,1394916,1e+06,loads
memlat,random_4k,13760,0,0,1000000,2389894,5010221,5020680,1388944,1e+06,loads
memlat,random_4k,13760,0,1,1000000,2390649,5011814,5022108,1388640,1e+06,loads
memlat,random_4k,13760,0,2,1000000,2392578,5015822,5026224,1395692,1e+06,loads
memlat,random_4k,13760,0,3,1000000,2390217,5010907,5021352,1387778,1e+06,loads
memlat,random_4k,13760,0,4,1000000,2406833,5018715,5029080,1402554,1e+06,loads
memlat,random_4k,16384,0,0,1000000,2390446,5011365,5021688,1388921,1e+06,loads
memlat,random_4k,16384,0,1,1000000,2394916,5020787,5031264,1403531,1e+06,loads
memlat,random_4k,16384,0,2,1000000,2390627,5011781,5022192,1388425,1e+06,loads
memlat,random_4k,16384,0,3,1000000,2390607,5011802,5022108,1388944,1e+06,loads
memlat,random_4k,16384,0,4,1000000,2391888,5014478,5024712,1394698,1e+06,loads
memlat,random_4k,19456,0,0,1000000,2390049,5010609,5020848,1388934,1e+06,loads
memlat,random_4k,19456,0,1,1000000,2398500,5028503,5038824,1408274,1e+06,loads
memlat,random_4k,19456,0,2,1000000,2390410,5011456,5021688,1387727,1e+06,loads
memlat,random_4k,19456,0,3,1000000,2390461,5011552,5021856,1388716,1e+06,loads
memlat,random_4k,19456,0,4,1000000,2392122,5014905,5025384,1394913,1e+06,loads
memlat,random_4k,23168,0,0,1000000,2389955,5010447,5020848,1388724,1e+06,loads
memlat,random_4k,23168,0,1,1000000,2393906,5018603,5028912,1396124,1e+06,loads
memlat,random_4k,23168,0,2,1000000,2391882,5014469,5024880,1388746,1e+06,loads
memlat,random_4k,23168,0,3,1000000,2391433,5013469,5023788,1389260,1e+06,loads
memlat,random_4k,23168,0,4,1000000,2392356,5015449,5025720,1394926,1e+06,loads
memlat,random_4k,27520,0,0,1000000,2390177,5010837,5021268,1388716,1e+06,loads
memlat,random_4k,27520,0,1,1000000,2393301,5017278,5027652,1393770,1e+06,loads
memlat,random_4k,27520,0,2,1000000,2391859,5014383,5024712,1388638,1e+06,loads
memlat,random_4k,27520,0,3,1000000,2391511,5013653,5023956,1388944,1e+06,loads
memlat,random_4k,27520,0,4,1000000,2393244,5017347,5027568,1394698,1e+06,loads
memlat,random_4k,32768,0,0,1000000,2391610,5013925,5024292,1389329,1e+06,loads
memlat,random_4k,32768,0,1,1000000,2395873,5022880,5033196,1395970,1e+06,loads
memlat,random_4k,32768,0,2,1000000,2392948,5016773,5027064,1389132,1e+06,loads
memlat,random_4k,32768,0,3,1000000,2393018,5016852,5027148,1388926,1e+06,loads
memlat,random_4k,32768,0,4,1000000,2394742,5020462,5030844,1394926,1e+06,loads
memlat,random_4k,38912,0,0,1000000,2399708,5030871,5041176,1401327,1e+06,loads
memlat,random_4k,38912,0,1,1000000,2398341,5027841,5038404,1394926,1e+06,loads
memlat,random_4k,38912,0,2,1000000,2394941,5020858,5031264,1388640,1e+06,loads
memlat,random_4k,38912,0,3,1000000,2395119,5021179,5031684,1388934,1e+06,loads
memlat,random_4k,38912,0,4,1000000,2398544,5028486,5038824,1394959,1e+06,loads
memlat,random_4k,46336,0,0,1000000,2400926,5033412,5043864,1391027,1e+06,loads
memlat,random_4k,46336,0,1,1000000,2411834,5056425,5066880,1408187,1e+06,loads
memlat,random_4k,46336,0,2,1000000,2406929,5046012,5056548,1390646,1e+06,loads
memlat,random_4k,46336,0,3,1000000,2408255,5048713,5059068,1394536,1e+06,loads
memlat,random_4k,46336,0,4,1000000,2413102,5058933,5069316,1388716,1e+06,loads
memlat,random_4k,55104,0,0,1000000,7585461,15897055,15931356,1427418,1e+06,loads
memlat,random_4k,55104,0,1,1000000,7579390,15884369,15918672,1419168,1e+06,loads
memlat,random_4k,55104,0,2,1000000,7584655,15895122,15929676,1433788,1e+06,loads
memlat,random_4k,55104,0,3,1000000,7580814,15887192,15921696,1420162,1e+06,loads
memlat,random_4k,55104,0,4,1000000,7588361,15903145,15937320,1438224,1e+06,loads
memlat,random_4k,65536,0,0,1000000,7654288,16028152,16062816,1432565,1e+06,loads
memlat,random_4k,65536,0,1,1000000,7642885,16017258,16051980,1419472,1e+06,loads
memlat,random_4k,65536,0,2,1000000,7646652,16025043,16059792,1427024,1e+06,loads
memlat,random_4k,65536,0,3,1000000,7645909,16023641,16058280,1425407,1e+06,loads
memlat,random_4k,65536,0,4,1000000,7642673,16016958,16051476,1419396,1e+06,loads
memlat,random_4k,77888,0,0,1000000,7651244,16034888,16069452,1438024,1e+06,loads
memlat,random_4k,77888,0,1,1000000,7645024,16021785,16056432,1425251,1e+06,loads
memlat,random_4k,77888,0,2,1000000,7644421,16020604,16055172,1419429,1e+06,loads
memlat,random_4k,77888,0,3,1000000,7651641,16035429,16070376,1437913,1e+06,loads
memlat,random_4k,77888,0,4,1000000,7645394,16022358,16057188,1425160,1e+06,loads
memlat,random_4k,92672,0,0,1000000,7638716,16008438,16043244,1429794,1e+06,loads
memlat,random_4k,92672,0,1,1000000,7636110,16003042,16037784,1424466,1e+06,loads
memlat,random_4k,92672,0,2,1000000,7636544,16003939,16038624,1426619,1e+06,loads
memlat,random_4k,92672,0,3,1000000,7639647,16010422,16045092,1433409,1e+06,loads
memlat,random_4k,92672,0,4,1000000,7635084,16000866,16035432,1424517,1e+06,loads
memlat,random_4k,110208,0,0,1000000,7641009,16013415,16048032,1425676,1e+06,loads
memlat,random_4k,110208,0,1,1000000,7638587,16008282,16042908,1419176,1e+06,loads
memlat,random_4k,110208,0,2,1000000,7643207,16017888,16052652,1426060,1e+06,loads
memlat,random_4k,110208,0,3,1000000,7647801,16027514,16062144,1439113,1e+06,loads
memlat,random_4k,110208,0,4,1000000,7640065,16011334,16046016,1419411,1e+06,loads
memlat,random_4k,131072,0,0,1000000,7645177,16021988,16056852,1426210,1e+06,loads
memlat,random_4k,131072,0,1,1000000,7644537,16020812,16055340,1425684,1e+06,loads
memlat,random_4k,131072,0,2,1000000,7642864,16017187,16051980,1418232,1e+06,loads
memlat,random_4k,131072,0,3,1000000,7646878,16025556,16060380,1434461,1e+06,loads
memlat,random_4k,131072,0,4,1000000,7645670,16023058,16057692,1426278,1e+06,loads
memlat,random_4k,155840,0,0,1000000,7655474,16043806,16078524,1441494,1e+06,loads
memlat,random_4k,155840,0,1,1000000,7644922,16021591,16056264,1421272,1e+06,loads
memlat,random_4k,155840,0,2,1000000,7651116,16034552,16069200,1438116,1e+06,loads
memlat,random_4k,155840,0,3,1000000,7646624,16025042,16059792,1425995,1e+06,loads
memlat,random_4k,155840,0,4,1000000,7643848,16019193,16053912,1419652,1e+06,loads
memlat,random_4k,185344,0,0,1000000,7651637,16035753,16070460,1430464,1e+06,loads
memlat,random_4k,185344,0,1,1000000,7653738,16040136,16074912,1437303,1e+06,loads
memlat,random_4k,185344,0,2,1000000,7647575,16027188,16061892,1420377,1e+06,loads
memlat,random_4k,185344,0,3,1000000,7649679,16031447,16066260,1425862,1e+06,loads
memlat,random_4k,185344,0,4,1000000,7647573,16027016,16061808,1425150,1e+06,loads
memlat,random_4k,220416,0,0,1000000,7653258,16039098,16073904,1431391,1e+06,loads
memlat,random_4k,220416,0,1,1000000,7651318,16034961,16069704,1427675,1e+06,loads
memlat,random_4k,220416,0,2,1000000,7657066,16046977,16081884,1439003,1e+06,loads
memlat,random_4k,220416,0,3,1000000,7649320,16030751,16065504,1425328,1e+06,loads
memlat,random_4k,220416,0,4,1000000,7647785,16027495,16062144,1418128,1e+06,loads
memlat,random_4k,262144,0,0,1000000,7652642,16037803,16072644,1429630,1e+06,loads
memlat,random_4k,262144,0,1,1000000,7650700,16033663,16068360,1426785,1e+06,loads
memlat,random_4k,262144,0,2,1000000,7647286,16026309,16061052,1417837,1e+06,loads
memlat,random_4k,262144,0,3,1000000,7649577,16031206,16066008,1424980,1e+06,loads
memlat,random_4k,262144,0,4,1000000,7655937,16044583,16079196,1436514,1e+06,loads
memlat,random_4k,311744,0,0,1000000,7652384,16037196,16072056,1429120,1e+06,loads
memlat,random_4k,311744,0,1,1000000,7648884,16029746,16064580,1419073,1e+06,loads
memlat,random_4k,311744,0,2,1000000,7649685,16031652,16066260,1423860,1e+06,loads
memlat,random_4k,311744,0,3,1000000,7652867,16038021,16072896,1426353,1e+06,loads
memlat,random_4k,311744,0,4,1000000,7650952,16034277,16068864,1428574,1e+06,loads
memlat,random_4k,370688,0,0,1000000,7668739,16049754,16084656,1440758,1e+06,loads
memlat,random_4k,370688,0,1,1000000,7658812,16044183,16078944,1432366,1e+06,loads
memlat,random_4k,370688,0,2,1000000,7649638,16031483,16066260,1424682,1e+06,loads
memlat,random_4k,370688,0,3,1000000,7648145,16028303,16062984,1417599,1e+06,loads
memlat,random_4k,370688,0,4,1000000,7650545,16033472,16068108,1425203,1e+06,loads
memlat,random_4k,440832,0,0,1000000,8020272,16808130,16844604,1429280,1e+06,loads
memlat,random_4k,440832,0,1,1000000,8017608,16802649,16838976,1426446,1e+06,loads
memlat,random_4k,440832,0,2,1000000,8022102,16811902,16848384,1437300,1e+06,loads
memlat,random_4k,440832,0,3,1000000,8016490,16800201,16836540,1424052,1e+06,loads
memlat,random_4k,440832,0,4,1000000,8016007,16803838,16840404,1430073,1e+06,loads
memlat,random_4k,524288,0,0,1000000,8482093,17775996,17814468,1443981,1e+06,loads
memlat,random_4k,524288,0,1,1000000,8475182,17761343,17799852,1439252,1e+06,loads
memlat,random_4k,524288,0,2,1000000,8473391,17757671,17795988,1426702,1e+06,loads
memlat,random_4k,524288,0,3,1000000,8472416,17755441,17793972,1430205,1e+06,loads
memlat,random_4k,524288,0,4,1000000,8476580,17764214,17802708,1437502,1e+06,loads
memlat,random_4k,623424,0,0,1000000,8905052,18662106,18702600,1447040,1e+06,loads
memlat,random_4k,623424,0,1,1000000,8896185,18643321,18683868,1430781,1e+06,loads
memlat,random_4k,623424,0,2,1000000,8895826,18642563,18683028,1431125,1e+06,loads
memlat,random_4k,623424,0,3,1000000,8921078,18658185,18698652,1440130,1e+06,loads
memlat,random_4k,623424,0,4,1000000,8903789,18659218,18699828,1444951,1e+06,loads
memlat,random_4k,741440,0,0,1000000,9247208,19379011,19421136,1440285,1e+06,loads
memlat,random_4k,741440,0,1,1000000,9242449,19368878,19411056,1431353,1e+06,loads
memlat,random_4k,741440,0,2,1000000,9242098,19368134,19410300,1430850,1e+06,loads
memlat,random_4k,741440,0,3,1000000,9249309,19383344,19425588,1443430,1e+06,loads
memlat,random_4k,741440,0,4,1000000,9243893,19371910,19414080,1437311,1e+06,loads
memlat,random_4k,881728,0,0,1000000,9543780,20000343,20043912,1444785,1e+06,loads
memlat,random_4k,881728,0,1,1000000,9543927,20000666,20044248,1444299,1e+06,loads
memlat,random_4k,881728,0,2,1000000,9538903,19990302,20033664,1438477,1e+06,loads
memlat,random_4k,881728,0,3,1000000,9538387,19988983,20032488,1438307,1e+06,loads
memlat,random_4k,881728,0,4,1000000,9541119,19994733,20038284,1443724,1e+06,loads
memlat,random_4k,1048576,0,0,1000000,9760764,20455506,20499948,1440686,1e+06,loads
memlat,random_4k,1048576,0,1,1000000,9760953,20455655,20500032,1437312,1e+06,loads
memlat,random_4k,1048576,0,2,1000000,9759269,20451800,20496336,1434603,1e+06,loads
memlat,random_4k,1048576,0,3,1000000,9763111,20459846,20504316,1446315,1e+06,loads
memlat,random_4k,1048576,0,4,1000000,9757316,20447726,20492136,1435781,1e+06,loads
memlat,random_4k,1246912,0,0,1000000,10545956,22100641,22148700,1456995,1e+06,loads
memlat,random_4k,1246912,0,1,1000000,10523779,22053796,22101828,1437029,1e+06,loads
memlat,random_4k,1246912,0,2,1000000,10527608,22061872,22109976,1443985,1e+06,loads
memlat,random_4k,1246912,0,3,1000000,10536184,22080002,22128036,1448920,1e+06,loads
memlat,random_4k,1246912,0,4,1000000,10523260,22052731,22100904,1443228,1e+06,loads
memlat,random_4k,1482880,0,0,1000000,10598911,22211971,22260084,1444843,1e+06,loads
memlat,random_4k,1482880,0,1,1000000,10602446,22218777,22267140,1442682,1e+06,loads
memlat,random_4k,1482880,0,2,1000000,10617227,22249626,22298220,1446873,1e+06,loads
memlat,random_4k,1482880,0,3,1000000,10593502,22199829,22248408,1442894,1e+06,loads
memlat,random_4k,1482880,0,4,1000000,10596315,22205931,22254204,1436114,1e+06,loads
memlat,random_4k,1763456,0,0,1000000,12810370,26846051,26904528,1456771,1e+06,loads
memlat,random_4k,1763456,0,1,1000000,12809724,26843915,26902596,1457544,1e+06,loads
memlat,random_4k,1763456,0,2,1000000,12849512,26916957,26975760,1476783,1e+06,loads
memlat,random_4k,1763456,0,3,1000000,12794233,26811502,26870088,1455235,1e+06,loads
memlat,random_4k,1763456,0,4,1000000,12788871,26800277,26858748,1454079,1e+06,loads
memlat,random_4k,2097152,0,0,1000000,17073975,35780028,35858088,1490363,1e+06,loads
memlat,random_4k,2097152,0,1,1000000,17136880,35872309,35950908,1486617,1e+06,loads
memlat,random_4k,2097152,0,2,1000000,16995982,35616148,35694036,1480877,1e+06,loads
memlat,random_4k,2097152,0,3,1000000,16977850,35577803,35655816,1480770,1e+06,loads
memlat,random_4k,2097152,0,4,1000000,16993876,35611566,35689500,1494328,1e+06,loads
memlat,random_4k,2493888,0,0,1000000,22966629,48127165,48232884,1551696,1e+06,loads
memlat,random_4k,2493888,0,1,1000000,22703944,47576351,47680836,1528293,1e+06,loads
memlat,random_4k,2493888,0,2,1000000,22726146,47609318,47713764,1524418,1e+06,loads
memlat,random_4k,2493888,0,3,1000000,22668651,47502296,47606664,1523616,1e+06,loads
memlat,random_4k,2493888,0,4,1000000,22666923,47498527,47602968,1530283,1e+06,loads
memlat,random_4k,2965760,0,0,1000000,28586611,59902922,60034716,1562971,1e+06,loads
memlat,random_4k,2965760,0,1,1000000,28402348,59516637,59647560,1563885,1e+06,loads
memlat,random_4k,2965760,0,2,1000000,28327406,59359883,59490144,1551203,1e+06,loads
memlat,random_4k,2965760,0,3,1000000,28331802,59368756,59499384,1581437,1e+06,loads
memlat,random_4k,2965760,0,4,1000000,28280594,59261373,59391864,1553323,1e+06,loads
memlat,random_4k,3526912,0,0,1000000,32066843,67195216,67343220,1588311,1e+06,loads
memlat,random_4k,3526912,0,1,1000000,31448901,65900245,66045336,1587870,1e+06,loads
memlat,random_4k,3526912,0,2,1000000,31416548,65832406,65977380,1570363,1e+06,loads
memlat,random_4k,3526912,0,3,1000000,31415448,65830424,65975028,1574424,1e+06,loads
memlat,random_4k,3526912,0,4,1000000,31418012,65835362,65980404,1582060,1e+06,loads
memlat,random_4k,4194304,0,0,1000000,33257027,69689595,69843144,1592031,1e+06,loads
memlat,random_4k,4194304,0,1,1000000,33019076,69190643,69342672,1593027,1e+06,loads
memlat,random_4k,4194304,0,2,1000000,32923901,68990938,69142836,1597983,1e+06,loads
memlat,random_4k,4194304,0,3,1000000,32857935,68852652,69004236,1587227,1e+06,loads
memlat,random_4k,4194304,0,4,1000000,32765483,68625714,68777016,1597645,1e+06,loads
memlat,random_4k,4987840,0,0,1000000,33770343,70765172,70920864,1592040,1e+06,loads
memlat,random_4k,4987840,0,1,1000000,33536213,70273984,70428708,1595778,1e+06,loads
memlat,random_4k,4987840,0,2,1000000,33252997,69680586,69833904,1595338,1e+06,loads
memlat,random_4k,4987840,0,3,1000000,33216647,69604257,69757464,1590271,1e+06,loads
memlat,random_4k,4987840,0,4,1000000,33208389,69587198,69740244,1599502,1e+06,loads
memlat,random_4k,5931584,0,0,1000000,33714637,70648699,70803936,1585370,1e+06,loads
memlat,random_4k,5931584,0,1,1000000,33554886,70286112,70440636,1605657,1e+06,loads
memlat,random_4k,5931584,0,2,1000000,33498228,70194166,70348908,1587470,1e+06,loads
memlat,random_4k,5931584,0,3,1000000,33401243,69961594,70115556,1597294,1e+06,loads
memlat,random_4k,5931584,0,4,1000000,33333455,69849299,70002744,1597826,1e+06,loads
memlat,random_4k,7053888,0,0,1000000,33691016,70599530,70754796,1606232,1e+06,loads
memlat,random_4k,7053888,0,1,1000000,33450271,70080966,70235592,1600153,1e+06,loads
memlat,random_4k,7053888,0,2,1000000,33406574,70002487,70156716,1591313,1e+06,loads
memlat,random_4k,7053888,0,3,1000000,33391297,69970442,70124460,1597609,1e+06,loads
memlat,random_4k,7053888,0,4,1000000,33369461,69924656,70078848,1600333,1e+06,loads
memlat,random_4k,8388608,0,0,1000000,34716083,72746408,72906792,1594325,1e+06,loads
memlat,random_4k,8388608,0,1,1000000,34462506,72215206,72374064,1594872,1e+06,loads
memlat,random_4k,8388608,0,2,1000000,34449482,72188177,72346848,1614332,1e+06,loads
memlat,random_4k,8388608,0,3,1000000,34462320,72188855,72347352,1605150,1e+06,loads
memlat,random_4k,8388608,0,4,1000000,34450834,72191116,72349704,1602682,1e+06,loads
memlat,random_4k,9975744,0,0,1000000,35678979,74764570,74929176,1612213,1e+06,loads
memlat,random_4k,9975744,0,1,1000000,35664330,74733473,74898096,1616081,1e+06,loads
memlat,random_4k,9975744,0,2,1000000,35670677,74718162,74882388,1609962,1e+06,loads
memlat,random_4k,9975744,0,3,1000000,35652221,74708024,74872392,1594038,1e+06,loads
memlat,random_4k,9975744,0,4,1000000,35663466,74731382,74896248,1605254,1e+06,loads
memlat,random_4k,11863232,0,0,1000000,37037526,77611466,77782404,1613205,1e+06,loads
memlat,random_4k,11863232,0,1,1000000,36822494,77131170,77300916,1630928,1e+06,loads
memlat,random_4k,11863232,0,2,1000000,36654494,76808179,76977348,1608693,1e+06,loads
memlat,random_4k,11863232,0,3,1000000,36667092,76834744,77003976,1632251,1e+06,loads
memlat,random_4k,11863232,0,4,1000000,36665663,76831476,77000700,1610766,1e+06,loads
memlat,random_4k,14107840,0,0,1000000,37583654,78755276,78928836,1609045,1e+06,loads
memlat,random_4k,14107840,0,1,1000000,37573601,78734226,78907416,1631162,1e+06,loads
memlat,random_4k,14107840,0,2,1000000,37560304,78706796,78879696,1611152,1e+06,loads
memlat,random_4k,14107840,0,3,1000000,37559398,78704264,78877680,1619993,1e+06,loads
memlat,random_4k,14107840,0,4,1000000,37577726,78716617,78890028,1619497,1e+06,loads
memlat,random_4k,16777216,0,0,1048576,40246235,84334558,84520212,1684406,1.04858e+06,loads
memlat,random_4k,16777216,0,1,1048576,40252532,84347504,84533232,1717531,1.04858e+06,loads
memlat,random_4k,16777216,0,2,1048576,40256777,84344955,84530460,1717647,1.04858e+06,loads
memlat,random_4k,16777216,0,3,1048576,40243931,84329664,84515340,1708997,1.04858e+06,loads
memlat,random_4k,16777216,0,4,1048576,40234167,84308940,84494760,1688949,1.04858e+06,loads
memlat,random_4k,19951552,0,0,1246976,48832193,102325681,102551148,2039294,1.24698e+06,loads
memlat,random_4k,19951552,0,1,1246976,48810977,102280520,102506040,2022683,1.24698e+06,loads
memlat,random_4k,19951552,0,2,1246976,48818594,102296576,102522000,2036796,1.24698e+06,loads
memlat,random_4k,19951552,0,3,1246976,48814767,102288764,102514020,2025377,1.24698e+06,loads
memlat,random_4k,19951552,0,4,1246976,48802995,102263394,102489072,2018528,1.24698e+06,loads
memlat,random_4k,23726528,0,0,1482912,59281392,124220661,124494468,2427716,1.48291e+06,loads
memlat,random_4k,23726528,0,1,1482912,59189706,123994727,124268256,2437938,1.48291e+06,loads
memlat,random_4k,23726528,0,2,1482912,59123320,123889029,124162164,2418708,1.48291e+06,loads
memlat,random_4k,23726528,0,3,1482912,59173784,123994186,124268172,2440130,1.48291e+06,loads
memlat,random_4k,23726528,0,4,1482912,59120251,123882328,124155780,2421598,1.48291e+06,loads
memlat,random_4k,28215744,0,0,1763488,72207063,151247608,151580940,2897172,1.76349e+06,loads
memlat,random_4k,28215744,0,1,1763488,71961446,150789497,151122216,2904454,1.76349e+06,loads
memlat,random_4k,28215744,0,2,1763488,71988052,150845526,151178076,2889681,1.76349e+06,loads
memlat,random_4k,28215744,0,3,1763488,71814392,150469100,150801084,2896844,1.76349e+06,loads
memlat,random_4k,28215744,0,4,1763488,72016545,150905162,151237968,2881763,1.76349e+06,loads
memlat,random_4k,33554432,0,0,2097152,88948783,186373924,186785172,3470167,2.09715e+06,loads
memlat,random_4k,33554432,0,1,2097152,88352050,185102345,185510556,3476259,2.09715e+06,loads
memlat,random_4k,33554432,0,2,2097152,88464387,185369569,185778600,3476832,2.09715e+06,loads
memlat,random_4k,33554432,0,3,2097152,88547173,185472288,185881500,3479078,2.09715e+06,loads
memlat,random_4k,33554432,0,4,2097152,88663301,185786092,186196416,3472723,2.09715e+06,loads
memlat,random_4k,39903168,0,0,2493952,113307200,237340415,237864564,4196496,2.49395e+06,loads
memlat,random_4k,39903168,0,1,2493952,111764320,234191540,234708852,4140972,2.49395e+06,loads
memlat,random_4k,39903168,0,2,2493952,111475408,233573197,234088512,4172444,2.49395e+06,loads
memlat,random_4k,39903168,0,3,2493952,113072669,236895839,237418776,4166901,2.49395e+06,loads
memlat,random_4k,39903168,0,4,2493952,111205496,233020396,233535288,4158860,2.49395e+06,loads
memlat,random_4k,47453120,0,0,2965824,152157724,318790185,319494588,5097544,2.96582e+06,loads
memlat,random_4k,47453120,0,1,2965824,149813217,313918409,314612004,5053772,2.96582e+06,loads
memlat,random_4k,47453120,0,2,2965824,149491019,313198760,313892208,5087957,2.96582e+06,loads
memlat,random_4k,47453120,0,3,2965824,147336560,308712743,309395352,5019564,2.96582e+06,loads
memlat,random_4k,47453120,0,4,2965824,148560317,311293517,311980956,5045614,2.96582e+06,loads
memlat,random_4k,56431552,0,0,3526976,213457544,447193573,448181916,6250075,3.52698e+06,loads
memlat,random_4k,56431552,0,1,3526976,204194567,427867320,428813280,6203132,3.52698e+06,loads
memlat,random_4k,56431552,0,2,3526976,206193057,432011780,432967920,6204873,3.52698e+06,loads
memlat,random_4k,56431552,0,3,3526976,209325244,438601903,439572084,6238328,3.52698e+06,loads
memlat,random_4k,56431552,0,4,3526976,222260387,465720405,466751544,6294073,3.52698e+06,loads
memlat,random_4k,67108864,0,0,4194304,286816687,600903850,602234136,7642718,4.1943e+06,loads
memlat,random_4k,67108864,0,1,4194304,288765822,605058696,606397260,7666967,4.1943e+06,loads
memlat,random_4k,67108864,0,2,4194304,281837876,590435726,591741360,7637511,4.1943e+06,loads
memlat,random_4k,67108864,0,3,4194304,283245312,593473703,594785604,7578612,4.1943e+06,loads
memlat,random_4k,67108864,0,4,4194304,302386235,633524651,634924500,7732914,4.1943e+06,loads
memlat,random_4k,79806336,0,0,4987896,382675581,801729391,803501496,9406270,4.9879e+06,loads
memlat,random_4k,79806336,0,1,4987896,376700526,789238804,790983648,9359287,4.9879e+06,loads
memlat,random_4k,79806336,0,2,4987896,374179714,783919372,785652168,9334598,4.9879e+06,loads
memlat,random_4k,79806336,0,3,4987896,373810412,783239206,784970760,9325885,4.9879e+06,loads
memlat,random_4k,79806336,0,4,4987896,373152488,781842802,783571068,9326906,4.9879e+06,loads
memlat,random_4k,94906240,0,0,5931640,555737338,1164333577,1166908596,11936459,5.93164e+06,loads
memlat,random_4k,94906240,0,1,5931640,648098231,1357905395,1360910208,12330739,5.93164e+06,loads
memlat,random_4k,94906240,0,2,5931640,630891885,1321873282,1324799028,12165349,5.93164e+06,loads
memlat,random_4k,94906240,0,3,5931640,616862738,1292489858,1295349384,12107068,5.93164e+06,loads
memlat,random_4k,94906240,0,4,5931640,609305918,1276578071,1279401816,12180581,5.93164e+06,loads
memlat,random_4k,112863168,0,0,7053952,667958932,1399559584,1402655688,14124719,7.05395e+06,loads
memlat,random_4k,112863168,0,1,7053952,665213124,1393751375,1396833900,13987443,7.05395e+06,loads
memlat,random_4k,112863168,0,2,7053952,658480720,1379614874,1382666040,14034945,7.05395e+06,loads
memlat,random_4k,112863168,0,3,7053952,665128764,1393631662,1396714284,14331863,7.05395e+06,loads
memlat,random_4k,112863168,0,4,7053952,658698707,1380056095,1383107460,14268918,7.05395e+06,loads
memlat,random_4k,134217728,0,0,8000000,774413087,1622578362,1626165492,16270623,8e+06,loads
memlat,random_4k,134217728,0,1,8000000,765812507,1604519743,1608068952,16032570,8e+06,loads
memlat,random_4k,134217728,0,2,8000000,760728429,1593877914,1597404564,16011862,8e+06,loads
memlat,random_4k,134217728,0,3,8000000,758407744,1589067325,1592579772,15940331,8e+06,loads
memlat,random_4k,134217728,0,4,8000000,761887519,1596256289,1599786636,16051646,8e+06,loads
memlat,random_4k,159612672,0,0,8000000,814913856,1707301022,1711079496,16362330,8e+06,loads
memlat,random_4k,159612672,0,1,8000000,803215043,1682884526,1686604752,16278579,8e+06,loads
memlat,random_4k,159612672,0,2,8000000,797544822,1671095334,1674791580,16266426,8e+06,loads
memlat,random_4k,159612672,0,3,8000000,879450189,1842532262,1846605768,16827071,8e+06,loads
memlat,random_4k,159612672,0,4,8000000,869175274,1821182818,1825210716,16808107,8e+06,loads
memlat,random_4k,189812480,0,0,8000000,855735303,1792919940,1796883228,16594464,8e+06,loads
memlat,random_4k,189812480,0,1,8000000,846560504,1773793127,1777713756,16535838,8e+06,loads
memlat,random_4k,189812480,0,2,8000000,838932087,1757666428,1761552912,16521060,8e+06,loads
memlat,random_4k,189812480,0,3,8000000,893230374,1871548826,1875689172,16951687,8e+06,loads
memlat,random_4k,189812480,0,4,8000000,898348167,1882146872,1886309796,16941114,8e+06,loads
memlat,random_4k,225726400,0,0,8000000,890592444,1865930414,1870056132,17094634,8e+06,loads
memlat,random_4k,225726400,0,1,8000000,881436269,1846805619,1850889516,16961337,8e+06,loads
memlat,random_4k,225726400,0,2,8000000,875553625,1834469713,1838526480,16663778,8e+06,loads
memlat,random_4k,225726400,0,3,8000000,872666064,1828385162,1832428752,16710161,8e+06,loads
memlat,random_4k,225726400,0,4,8000000,865965291,1814449612,1818464256,16622403,8e+06,loads
memlat,random_4k,268435456,0,0,8000000,885887212,1856095481,1860200328,16771180,8e+06,loads
memlat,random_4k,268435456,0,1,8000000,880675194,1845223277,1849304352,16683931,8e+06,loads
memlat,random_4k,268435456,0,2,8000000,876945606,1837410175,1841471772,16667290,8e+06,loads
memlat,random_4k,268435456,0,3,8000000,908637646,1903688519,1907901072,16974482,8e+06,loads
memlat,random_4k,268435456,0,4,8000000,913048829,1913014373,1917245148,17008234,8e+06,loads
memlat,random_4k,319225344,0,0,8000000,911365076,1909500320,1913722440,16797332,8e+06,loads
memlat,random_4k,319225344,0,1,8000000,907168081,1900654027,1904857164,16882017,8e+06,loads
memlat,random_4k,319225344,0,2,8000000,904536822,1895250020,1899441012,16822157,8e+06,loads
memlat,random_4k,319225344,0,3,8000000,903072383,1892096429,1896278160,16851104,8e+06,loads
memlat,random_4k,319225344,0,4,8000000,899920498,1885503511,1889674668,16859819,8e+06,loads
memlat,random_4k,379625024,0,0,8000000,922040754,1931856621,1936128264,17024669,8e+06,loads
memlat,random_4k,379625024,0,1,8000000,920727896,1929127697,1933393560,17091706,8e+06,loads
memlat,random_4k,379625024,0,2,8000000,916065589,1919314685,1923561024,17053435,8e+06,loads
memlat,random_4k,379625024,0,3,8000000,922156551,1932114594,1936386900,17062994,8e+06,loads
memlat,random_4k,379625024,0,4,8000000,924900161,1937857453,1942142328,17033802,8e+06,loads
memlat,random_4k,451452800,0,0,8000000,936017578,1961183009,1965522636,17065558,8e+06,loads
memlat,random_4k,451452800,0,1,8000000,933602908,1956049323,1960377048,16956295,8e+06,loads
memlat,random_4k,451452800,0,2,8000000,931963311,1952707812,1957024608,17045016,8e+06,loads
memlat,random_4k,451452800,0,3,8000000,930543936,1949683015,1953996576,16998948,8e+06,loads
memlat,random_4k,451452800,0,4,8000000,929520529,1947486741,1951795356,17035071,8e+06,loads
memlat,random_4k,536870912,0,0,8000000,953250322,1997255577,2001672876,17128311,8e+06,loads
memlat,random_4k,536870912,0,1,8000000,950784646,1992086385,1996490832,17130904,8e+06,loads
memlat,random_4k,536870912,0,2,8000000,949051612,1988453842,1992850860,17040374,8e+06,loads
memlat,random_4k,536870912,0,3,8000000,947609775,1985431802,1989822492,17062739,8e+06,loads
memlat,random_4k,536870912,0,4,8000000,955281904,2001540503,2005966536,17197401,8e+06,loads
memlat,random_4k,638450688,0,0,8000000,971947665,2036428124,2040931872,17372512,8e+06,loads
memlat,random_4k,638450688,0,1,8000000,971582285,2035696902,2040199728,17205490,8e+06,loads
memlat,random_4k,638450688,0,2,8000000,969798696,2031958595,2036453580,17156715,8e+06,loads
memlat,random_4k,638450688,0,3,8000000,968681625,2029581173,2034072432,17174350,8e+06,loads
memlat,random_4k,638450688,0,4,8000000,968225157,2028685988,2033175144,17187125,8e+06,loads
memlat,random_4k,759250112,0,0,8000000,985473450,2064797872,2069363856,17263610,8e+06,loads
memlat,random_4k,759250112,0,1,8000000,986777103,2067496914,2072067564,17321756,8e+06,loads
memlat,random_4k,759250112,0,2,8000000,987284242,2068538063,2073113532,17486139,8e+06,loads
memlat,random_4k,759250112,0,3,8000000,988507103,2071148873,2075729460,17415362,8e+06,loads
memlat,random_4k,759250112,0,4,8000000,988395600,2070939601,2075520300,17375088,8e+06,loads
memlat,random_4k,902905600,0,0,8000000,1003374096,2102306367,2106954444,17401801,8e+06,loads
memlat,random_4k,902905600,0,1,8000000,1001842541,2099049661,2103690540,17394528,8e+06,loads
memlat,random_4k,902905600,0,2,8000000,1001673011,2098714119,2103355128,17448815,8e+06,loads
memlat,random_4k,902905600,0,3,8000000,1001330036,2097997101,2102634828,17578910,8e+06,loads
memlat,random_4k,902905600,0,4,8000000,1001520542,2098428927,2103068100,17584865,8e+06,loads
memlat,random_4k,1073741824,0,0,8000000,1018540448,2133927986,2138648232,17596516,8e+06,loads
memlat,random_4k,1073741824,0,1,8000000,1017384330,2131633601,2136349992,17550206,8e+06,loads
memlat,random_4k,1073741824,0,2,8000000,1018974467,2134898878,2139623304,17654803,8e+06,loads
memlat,random_4k,1073741824,0,3,8000000,1018411831,2133747166,2138467044,17568950,8e+06,loads
memlat,random_4k,1073741824,0,4,8000000,1018125360,2133141781,2137861656,17492723,8e+06,loads
