variant,chains_K,cyc_per_op_median,ops_per_cycle_median,freq_ghz_median,cyc_per_op_min,ops_per_cycle_min,freq_ghz_min,cyc_per_op_max,ops_per_cycle_max,freq_ghz_max,cyc_per_op_std,ops_per_cycle_std,freq_ghz_std,n_reps,flops_per_cycle_median
fp32_avx2_fma,1,4.00729057,0.24954516837045834,2.0953656764643838,4.007030225,0.24952866903998042,2.0953621918474075,4.00755554,0.24956138183359972,2.095368857190422,0.00015594542265676551,9.711117744209923e-06,2.8670239647634583e-06,7,3.9927226939273335
fp32_avx2_fma,2,2.003611715,0.49909869887140285,2.095366997681682,2.003502745,0.49907372540407163,2.09536009191629,2.003711975,0.49912584472151544,2.095371813434091,7.713299189888304e-05,1.9213912652966307e-05,4.378071514245673e-06,7,7.9855791819424455
fp32_avx2_fma,4,1.001902835,0.9981007789043735,2.095368881257816,1.00169197,0.9298923862043379,2.095361526997142,1.075393255,0.9983108879269542,2.095373927414732,0.02779363740544882,0.025797167197495554,4.120325204575906e-06,7,15.969612462469977
fp32_avx2_fma,6,0.66791714,1.4971917025516068,2.0953779192526514,0.667846035,1.4968290574515324,2.095374163853365,0.66807896,1.497351107280288,2.095387664515676,9.938188067825268e-05,0.00022273938637658365,4.576324034123202e-06,7,23.95506724082571
fp32_avx2_fma,8,0.50998645,1.960836410457572,2.09538053878255,0.500909105,1.9519849378595844,2.0953748490738286,0.512299035,1.9963701797754305,2.095382370980963,0.0048423600973825425,0.01889237443252023,2.7004062345189677e-06,7,31.37338256732115
fp32_avx2_fma,10,0.50123804,1.9950600716577696,2.09538272181153,0.50102361,1.9941370973442112,2.09537192441652,0.501470035,1.9959139250942686,2.095385463346633,0.00018139225240057473,0.0007219762186857051,4.710547409208705e-06,7,31.920961146524313
fp32_avx2_fma,12,0.500938525,1.9962529334313028,2.0953817332209037,0.500866045,1.995512153033193,2.0953668931558007,0.501124485,1.9965418098964964,2.095383962126876,8.228864464131688e-05,0.0003278393972690092,6.689735510144786e-06,7,31.940046934900845
fp32_avx2_fma,16,0.500999285,1.9960108326302302,2.095374370472,0.50093696,1.995661093520301,2.0953702387125914,0.501087085,1.9962591700161234,2.0953835349040264,4.941779949713975e-05,0.0001968736402042189,5.254373845847504e-06,7,31.936173322083683
fp32_avx512_add,1,3.426735675,0.2918229168638751,2.095368275019519,3.42528408,0.2916845220131465,2.095367855109908,3.42836155,0.29194658797468265,2.0953685747098523,0.000930687730434234,7.925138597219307e-05,2.9497043834857804e-07,7,4.669166669822002
fp32_avx512_add,2,1.575811705,0.6345935855324796,2.0953701217566287,1.57295271,0.6324827672401212,2.0953672873198834,1.581070745,0.6357470212820321,2.0953745098512377,0.002936633608680333,0.0011802570138840576,2.2711233130835796e-06,7,10.153497368519673
fp32_avx512_add,4,0.846675465,1.1810900886327207,2.095370802533143,0.846521815,1.180505347187508,2.0953634749315344,0.84709485,1.181304465260591,2.095374210675074,0.00018522370775440815,0.00025828697515747185,3.652844229761917e-06,7,18.89744141812353
fp32_avx512_add,6,0.65806401,1.5196090118953627,2.0953699465010844,0.657293665,1.5182166104617816,2.0953616678882128,0.65866754,1.521389986316086,2.095374502887058,0.0005248714755016236,0.0012123033927028094,4.295033049548825e-06,7,24.313744190325803
fp32_avx512_add,8,0.503420155,1.98641232391659,2.095379171978394,0.501692575,1.9843547518301456,2.095374387427641,0.50394215,1.9932525411602913,2.0953853076045563,0.0007572367551774475,0.002995747012628589,3.830056256976175e-06,7,31.78259718266544
fp32_avx512_add,10,0.501268165,1.9949401733900256,2.0953765125685253,0.50113708,1.9940884450411378,2.0953756968182464,0.50148227,1.9954620001377668,2.095384336272606,0.00011806607801806997,0.00046978602698463483,3.824283635543524e-06,7,31.91904277424041
fp32_avx512_add,12,0.50106324,1.9957560646436565,2.0953736102595077,0.500981775,1.9954907894630503,2.095366678877169,0.50112985,1.9960805959458305,2.0953749495040737,5.782530403643629e-05,0.0002303313390602838,3.459168921400404e-06,7,31.932097034298504
fp32_avx512_add,16,0.50116652,1.995344780812573,2.0953779683807556,0.50108945,1.994717111413448,2.0953714256805798,0.50132422,1.9956516745662876,2.0953811574809738,7.744945705175771e-05,0.00030830533148509733,3.874288237669564e-06,7,31.92551649300117
fp32_avx512_fma,1,4.00774115,0.24951711265085072,2.0953673648432094,4.00751599,0.2495059118635611,2.0953645237552516,4.007921065,0.24953113162749976,2.095369055548643,0.00012441349135427544,7.745932374815173e-06,1.6769314908546205e-06,7,7.984547604827223
fp32_avx512_fma,2,2.003846715,0.49904016735132356,2.0953701697575142,2.0037809,0.4989680380459736,2.09536513831461,2.004136385,0.499056558528929,2.095371367021962,0.00011564501831840392,2.8796707251216024e-05,2.246561980891335e-06,7,15.969285355242354
fp32_avx512_fma,4,1.002264495,0.9977406213516523,2.095372763379998,1.002178305,0.997692427208186,2.0953698523191666,1.00231291,0.9978264296990544,2.0953765796653046,4.885459658151498e-05,4.863654542476447e-05,2.2261877854820376e-06,7,31.927699883252874
fp32_avx512_fma,6,0.668220135,1.4965128220807056,2.095378579761412,0.667963415,1.4960801764327352,2.0953737787942432,0.668413375,1.4970879804846797,2.095382943055718,0.00013653360346011135,0.00030581047686633586,4.128173024642273e-06,7,47.88841030658258
fp32_avx512_fma,8,0.50867625,1.9658869467564095,2.095381834332777,0.5050881,1.9610400948766886,2.0953753356176064,0.50993348,1.9798526237303948,2.095389131647873,0.0015732343906469483,0.00611121145522015,5.0523619497432825e-06,7,62.908382296205104
fp32_avx512_fma,10,0.50221304,1.9911868477170565,2.0953812990818586,0.502096885,1.9909759017254296,2.0953755523749513,0.50226625,1.9916474885121025,2.0953865975510233,5.869345901335178e-05,0.0002327382671915384,3.902588427988931e-06,7,63.71797912694581
fp32_avx512_fma,12,0.501123035,1.9955179270495917,2.0953796514579177,0.501022545,1.994962938027404,2.0953759652223076,0.501262445,1.995918167714389,2.095387478710765,8.139572444018489e-05,0.00032409103444299943,4.0409484488813e-06,7,63.856573665586936
fp32_avx512_fma,16,0.5012124,1.9951621308650784,2.095381829157863,0.501100205,1.994130277528096,2.0953746881187456,0.50147175,1.9956088423472107,2.0953862717458915,0.0001272195474273417,0.0005062596098752649,3.6572313950773468e-06,7,63.84518818768251
fp32_avx512_mul,1,4.007460335,0.24953459707792716,2.095363397624625,4.00730024,0.2495255032387618,2.0953586306511225,4.007606385,0.24954456619402193,2.09536706020223,0.00012726271340770444,7.924359827616373e-06,2.9648711793157683e-06,7,3.9925535532468346
fp32_avx512_mul,2,2.003674705,0.49908300858646615,2.0953688521761284,2.003534445,0.499040218404752,2.095366391549319,2.00384651,0.4991179475329659,2.0953709941456378,0.00010819286661732513,2.6948916355087015e-05,1.369857595267228e-06,7,7.985328137383458
fp32_avx512_mul,4,1.00196587,0.9980379870623737,2.0953746339655694,1.001804205,0.9977325977962153,2.0953712258506516,1.002272555,0.9981990442932909,2.095376778061762,0.0001655882220226338,0.00016491377280681963,1.9558290832568307e-06,7,15.968607792997979
fp32_avx512_mul,6,0.668001975,1.4970015620088548,2.095376716732477,0.667936165,1.4967349176791305,2.0953727551184307,0.66812098,1.497149057649843,2.095379865301153,8.40758345610772e-05,0.00018840075817928238,2.101439524851648e-06,7,23.952024992141677
fp32_avx512_mul,8,0.510447665,1.9590646966716951,2.0953787133671367,0.508222295,1.9541729825130343,2.0953732090952197,0.511725425,1.967642918931764,2.0953838534475273,0.001201446649876222,0.004621474983240983,3.808873595295234e-06,7,31.345035146747122
fp32_avx512_mul,10,0.5020231,1.9919402115161633,2.0953841273551435,0.502004205,1.9914980161592937,2.0953790392058,0.50213457,1.9920151864066558,2.095388005141131,6.267818319644105e-05,0.000248646975284411,2.882483746593515e-06,7,31.871043384258613
fp32_avx512_mul,12,0.501097995,1.995617643610807,2.0953783362687983,0.50105888,1.993657199556184,2.0953759942457113,0.501590745,1.995773430859064,2.0953837139003473,0.000186352291887333,0.0007414406006105319,3.2029677925719566e-06,7,31.929882297772913
fp32_avx512_mul,16,0.501189885,1.9952517597197716,2.095381535084493,0.50106139,1.994580405904293,2.095377054238416,0.50135858,1.9957634332990615,2.0953850076065335,0.00011012054597231094,0.000438335830462432,2.8230552698233134e-06,7,31.924028155516346
fp32_scalar_add,1,2.003534655,0.49911789521803906,2.0953654449368213,2.003509085,0.49909228339595785,2.095362392078668,2.00363747,0.49912426526381337,2.0953692338906618,4.274968731439085e-05,1.0649304711192685e-05,2.2359551114309163e-06,7,0.49911789521803906
fp32_scalar_add,2,1.00176655,0.9982365651957534,2.095371247374276,1.001683935,0.9981791864097984,2.0953607744962772,1.001824135,0.998318895870083,2.0953768185604127,5.283384343308078e-05,5.2649062507266714e-05,4.867309530093756e-06,7,0.9982365651957534
fp32_scalar_add,4,0.519193605,1.9260637850113735,2.095380625364694,0.519062025,1.9258266702458797,2.0953694756064483,0.51925753,1.9265520339308198,2.0953831388237383,7.685852532720685e-05,0.0002851608147782756,4.7414937332457635e-06,7,1.9260637850113735
fp32_scalar_add,6,0.501243375,1.9950388371716634,2.095376420276405,0.501094545,1.9945002851337608,2.0953656622238803,0.50137872,1.9956313832951424,2.0953809217210253,0.00010816902894371277,0.00043052185111025704,5.0008734624981955e-06,7,1.9950388371716634
fp32_scalar_add,8,0.500886145,1.9964616909098174,2.0953769423961477,0.50085214,1.9963155999287714,2.0953722584008214,0.5009228,1.996597239257079,2.0953829292371537,3.065474784558105e-05,0.0001221847217627011,3.7206343396040016e-06,7,1.9964616909098174
fp32_scalar_add,10,0.50092114,1.9963222155088125,2.09538108684739,0.500879895,1.996056710126876,2.095372103081124,0.50098777,1.996486602841186,2.09538537928865,4.031791244951124e-05,0.00016067244446706582,4.383108148895379e-06,7,1.9963222155088125
fp32_scalar_add,12,0.500938745,1.9962520567260176,2.0953786776609213,0.500901655,1.9955379372615245,2.095368681599553,0.50111801,1.9963998721465595,2.095383172474236,7.489992501109652e-05,0.00029838873793253514,5.206587374951577e-06,7,1.9962520567260176
fp32_scalar_add,16,0.50092563,1.9963043216614809,2.095382620131394,0.500854955,1.9962282265772935,2.0953795668069373,0.500944725,1.996586017602641,2.0953871773138895,3.560379763386606e-05,0.0001419045184097656,3.050037625212213e-06,7,1.9963043216614809
fp32_scalar_fma,1,4.007241925,0.24954819766715233,2.095365712056091,4.00692285,0.24953182558161074,2.095361302545551,4.007504845,0.24956806942264936,2.095368038846267,0.00020442489184835106,1.2730698133361984e-05,2.556973702803729e-06,7,0.49909639533430467
fp32_scalar_fma,2,2.003668905,0.4990844532769749,2.0953690383062744,2.00356673,0.46686459468969305,2.0953655052253874,2.141948675,0.4991099048645113,2.095371519164725,0.05227470694184902,0.012180420053349274,2.229936323273682e-06,7,0.9981689065539499
fp32_scalar_fma,4,1.001833585,0.9981697708806598,2.095373502463578,1.00176706,0.921217854425396,2.0953712580159976,1.08551956,0.9982360569931297,2.095378514501238,0.0316072207530708,0.029062113932616953,2.618951707317606e-06,7,1.9963395417613197
fp32_scalar_fma,6,0.667901235,1.497227355778134,2.095375722180672,0.667828215,1.4969423007482228,2.0953728450736744,0.66802842,1.4973910618616195,2.0953825871592677,6.590549128069276e-05,0.00014772645942061382,3.7421031289093352e-06,7,2.994454711556268
fp32_scalar_fma,8,0.52066267,1.9206293395299494,2.0953812010886272,0.51938591,1.9157248500337063,2.0953750030106217,0.52199563,1.9253506511179712,2.0953852094260856,0.000837406118553982,0.0030885639593105983,3.6784243365385545e-06,7,3.841258679059899
fp32_scalar_fma,10,0.501320215,1.9947330470206552,2.0953809033817676,0.50115972,1.9942354629707368,2.0953792386628938,0.5014453,1.9953718547053223,2.0953928086577656,0.0001041394143970207,0.0004144171188098093,5.875941552460455e-06,7,3.9894660940413105
fp32_scalar_fma,12,0.500891825,1.9964390514858172,2.095381898521227,0.50085647,1.9959363135842687,2.0953706376377985,0.50101799,1.9965799782919846,2.095388023175553,5.73496649116172e-05,0.0002285403429803874,5.747501739266805e-06,7,3.9928781029716345
fp32_scalar_fma,16,0.50094675,1.9962201571324696,2.095384718336073,0.500858885,1.9959846377844763,2.0953797467824877,0.50100586,1.9965703513475657,2.0953913712489878,6.225487977627567e-05,0.0002480945029714211,4.124047599775169e-06,7,3.992440314264939
fp32_scalar_mul,1,4.00715832,0.24955340421887798,2.0953648640267803,4.00701008,0.249534360461594,2.095362259090006,4.007464135,0.24956263648830151,2.095369054065898,0.00015776365053758734,9.824659635498877e-06,2.3034233018041354e-06,7,0.24955340421887798
fp32_scalar_mul,2,2.003522665,0.4991208821688074,2.0953632600735514,2.00340417,0.4991096432984164,2.095360645817672,2.00356778,0.4991504035853135,2.0953664509456846,5.483691082915565e-05,1.3661582878345738e-05,1.8343459260826506e-06,7,0.4991208821688074
fp32_scalar_mul,4,1.001788605,0.9982145883961218,2.095368460375821,1.00169462,0.9981644255296722,2.0953628281638386,1.00183895,0.9983082468786745,2.0953739798050446,4.650087238043e-05,4.63371623201434e-05,4.217776709255375e-06,7,0.9982145883961218
fp32_scalar_mul,6,0.667893035,1.4972457378598056,2.095373722928212,0.66780973,1.4970760794227305,2.0953705778035485,0.667968725,1.4974325097060206,2.095381973091076,6.646826476023404e-05,0.0001490064349848622,3.970260333581666e-06,7,1.4972457378598056
fp32_scalar_mul,8,0.512742985,1.9502948441118118,2.095377625048663,0.5125037,1.9468384419331246,2.09537240400266,0.513653305,1.9512054254437579,2.095386938209709,0.00044356684863270344,0.0016848138989096024,4.424909939281082e-06,7,1.9502948441118118
fp32_scalar_mul,10,0.500941275,1.996241974670584,2.0953788377436005,0.5008936,1.9957256545793047,2.0953727266643245,0.501070875,1.9964319767711147,2.0953858690514138,5.749198722639377e-05,0.00022906231787014254,5.0848177506207034e-06,7,1.996241974670584
fp32_scalar_mul,12,0.500887765,1.9964552338386625,2.095375440713106,0.500837005,1.9959406558940427,2.0953668051389536,0.5010169,1.9966575752524516,2.0953809491546407,6.324420775290129e-05,0.00025203816356434073,5.592873384337989e-06,7,1.9964552338386625
fp32_scalar_mul,16,0.50092068,1.9963240487495943,2.0953802013768024,0.500865455,1.9957043262658858,2.095371131838538,0.50107623,1.996544161744994,2.0953835164283503,8.890573898127723e-05,0.0003542557064613827,4.296133666967581e-06,7,1.9963240487495943
fp32_sse_fma,1,4.007198455,0.24955090476046812,2.0953676352020763,4.007016705,0.24953408555133888,2.0953655524300094,4.00746855,0.24956222387398308,2.095368620200905,0.00013590735872610026,8.4634881601134e-06,9.635355046128205e-07,7,1.996407238083745
fp32_sse_fma,2,2.003604585,0.49910047495723814,2.095368584157491,2.00351453,0.45303326964659585,2.0953648939961558,2.207343405,0.49912290878169974,2.0953736138579173,0.08587548001821022,0.01958599580410426,3.1002156908854793e-06,7,3.992803799657905
fp32_sse_fma,4,1.001817675,0.9981856229478083,2.095375102739941,1.00174418,0.9981020988779625,2.0953692505721664,1.00190151,0.9982588568670296,2.095376870054531,5.466879071802707e-05,5.447018458418313e-05,3.2954452536919437e-06,7,7.985484983582467
fp32_sse_fma,6,0.667901725,1.4972262573509598,2.0953751820411575,0.667865085,1.4970829600512918,2.0953695058384145,0.667965655,1.4973083972491241,2.0953779901844527,3.717632184542893e-05,8.33329225488376e-05,3.2176564021187165e-06,7,11.977810058807679
fp32_sse_fma,8,0.508186255,1.967782461963675,2.0953722452976593,0.504978425,1.9412389116797346,2.095366299067409,0.515134945,1.9802826229655257,2.0953801205703093,0.0035271609743776234,0.013564816852858366,4.7620508084958e-06,7,15.7422596957094
fp32_sse_fma,10,0.50140182,1.9944083968422772,2.0953766779869505,0.50125827,1.9940349640471509,2.095367998616041,0.50149572,1.9949795541527924,2.0953831983792135,8.051386664803545e-05,0.00032028914412202277,5.055768817528287e-06,7,15.955267174738218
fp32_sse_fma,12,0.50099563,1.9960253944730018,2.0953693278773,0.500905175,1.9958012333652462,2.095366117502962,0.5010519,1.9963858428893253,2.0953781472179323,6.083778160190129e-05,0.00024240947053692712,4.203480541456821e-06,7,15.968203155784014
fp32_sse_fma,16,0.500907185,1.9963778319530394,2.0953774376381196,0.50088338,1.995952348354202,2.095365862433349,0.501013965,1.9964727118715737,2.0953812961979144,4.466883822454195e-05,0.000177997736410553,5.0188426995934085e-06,7,15.971022655624315
int_add,1,1.00183285,0.9981705031932223,2.095372658570528,1.001774645,0.99792958053033,2.0953666053577167,1.002074715,0.9982284987857724,2.0953744724635377,0.00010080177691173282,0.00010041384992743261,2.6846780102933796e-06,7,0.0
int_add,2,0.500994415,1.9960302351873522,2.0953772653697995,0.50092468,1.9953967195378621,2.095373839946257,0.501153475,1.9963081076380584,2.0953799463158433,7.075620271479205e-05,0.00028184316032998994,2.164242126609388e-06,7,0.0
int_add,4,0.29012954,3.4467362406461612,2.095391171483461,0.28991036,3.445183394174698,2.095379893996505,0.29026031,3.449342065595724,2.0954059702570027,0.00014403100620635688,0.0017116780372292385,9.790229467658993e-06,7,0.0
int_add,6,0.24108921,4.147842203307232,2.0953935652896036,0.241045945,4.1455855007318,2.09538627094227,0.24122045,4.148586693711027,2.095401772287022,6.892652286002077e-05,0.0011854539115476062,4.830364508065513e-06,7,0.0
int_add,8,0.2141069,4.670564096719909,2.095395687744848,0.213860145,4.66701512157236,2.0953898265936686,0.214269715,4.675953062689637,2.0954026293924453,0.00013375805321103965,0.0029189065981503485,4.330894920099887e-06,7,0.0
int_add,10,0.206401635,4.844922861197296,2.0954012702254365,0.206371695,4.8373734310311844,2.095384851241482,0.206723755,4.845625753085955,2.095412154245112,0.00012549001792023088,0.002941396610989758,1.033459651369817e-05,7,0.0
int_add,12,0.204593975,4.88772946515165,2.095399591507285,0.204567995,4.885923936522467,2.095388436487087,0.20466958,4.888350203559457,2.095411036497427,4.196006353834875e-05,0.001002144723041128,7.156033273082347e-06,7,0.0
int_imul,1,3.00524725,0.33275132353918635,2.095367369292963,3.00510843,0.33274344298474795,2.0953655994271614,3.005318425,0.3327666948776288,2.095371208843217,6.907196376658054e-05,7.648057834288132e-06,1.920196746971682e-06,7,0.0
int_imul,2,1.50266253,0.6654854167422408,2.09536918063951,1.50257541,0.6654148062652943,2.0953675227858413,1.502821985,0.665524001886867,2.095373036172824,8.448219329146008e-05,3.741286637673134e-05,1.8886070975570601e-06,7,0.0
int_imul,4,1.00181134,0.9981919350204201,2.0953718252822786,1.001713465,0.9981417246163214,2.095368340177651,1.001861735,0.9982894659402427,2.0953751803902705,5.0346453355579106e-05,5.016734217063082e-05,2.3551510993059437e-06,7,0.0
int_imul,6,1.00179061,0.9982125905532295,2.0953695147072113,1.001705285,0.9980091165238568,2.0953634826040024,1.001994855,0.9982976180464097,2.09537630324299,0.00010928022026727746,0.0001088751394158085,4.3851306336276084e-06,7,0.0
int_imul,8,1.00184453,0.9981588660268474,2.0953706658847424,1.00165416,0.998105864557653,2.095368107001394,1.00189773,0.9983485717265927,2.0953759617858108,9.190952769412221e-05,9.158338633977873e-05,3.017771669802326e-06,7,0.0
int_imul,10,1.00178742,0.9982157691698704,2.095374453024992,1.001731945,0.9981355377130067,2.0953719318223656,1.001867945,0.9982710494472651,2.0953762002006155,5.295342257026288e-05,5.27629160215179e-05,1.476687905342733e-06,7,0.0
int_imul,12,1.001781135,0.9982220318013875,2.095367218438044,1.00168373,0.9981537250363376,2.0953646394788152,1.00184969,0.9983191001814515,2.0953713863679906,5.809502422138028e-05,5.789008726228404e-05,2.1040616736408144e-06,7,0.0
