variant,ws_bytes,cyc_per_load_median,ns_per_load_median,cyc_per_load_min,ns_per_load_min,cyc_per_load_max,ns_per_load_max,cyc_per_load_std,ns_per_load_std,n_reps
random_4k,4096,5.034388,2.394519,5.018677,2.393943,5.042913,2.412549,0.010454820816255114,0.00848186773063563,5
random_4k,4864,5.013377,2.391369,5.01017,2.389896,5.031904,2.400228,0.008880518695436542,0.004228378258859927,5
random_4k,5760,5.013621,2.391494,5.01012,2.389775,5.016635,2.405267,0.0028357851293779606,0.006504814655314696,5
random_4k,6848,5.010681,2.390127,5.010155,2.389867,5.014667,2.392032,0.0022177982775719233,0.0010643609819979611,5
random_4k,8192,5.013564,2.391489,5.010644,2.390098,5.013851,2.391671,0.001474366541942264,0.0007161143763394959,5
random_4k,9728,5.014458,2.391958,5.011252,2.390431,5.02353,2.396187,0.005078332570834358,0.0024022705301443323,5
random_4k,11584,5.012049,2.390771,5.010616,2.390055,5.014344,2.391891,0.0017708257395916782,0.000845856252563341,5
random_4k,13760,5.011814,2.390649,5.010221,2.389894,5.018715,2.406833,0.003636822335501604,0.007230173766929675,5
random_4k,16384,5.011802,2.390627,5.011365,2.390446,5.020787,2.394916,0.003968033807819765,0.0018905318563832835,5
random_4k,19456,5.011552,2.390461,5.010609,2.390049,5.028503,2.3985,0.007504156015169173,0.0035528985772182923,5
random_4k,23168,5.014469,2.391882,5.010447,2.389955,5.018603,2.393906,0.0029675388455754734,0.0014346781172094951,5
random_4k,27520,5.014383,2.391859,5.010837,2.390177,5.017347,2.393301,0.0027281935048673036,0.0013058306934668178,5
random_4k,32768,5.016852,2.393018,5.013925,2.39161,5.02288,2.395873,0.0035052021767650364,0.0016723729249183094,5
random_4k,38912,5.027841,2.398341,5.020858,2.394941,5.030871,2.399708,0.004551408518250416,0.0021648695803672562,5
random_4k,46336,5.048713,2.408255,5.033412,2.400926,5.058933,2.413102,0.010066508406592635,0.004789694113406327,5
random_4k,55104,15.895122,7.584655,15.884369,7.57939,15.903145,7.588361,0.0076056692867889925,0.003627554644660575,5
random_4k,65536,16.023641,7.645909,16.016958,7.642673,16.028152,7.654288,0.004936770736018144,0.004710035912814585,5
random_4k,77888,16.022358,7.645394,16.020604,7.644421,16.035429,7.651641,0.007465269097628434,0.003577758893497419,5
random_4k,92672,16.003939,7.636544,16.000866,7.635084,16.010422,7.639647,0.003958680310406888,0.0018960430374863504,5
random_4k,110208,16.013415,7.641009,16.008282,7.638587,16.027514,7.647801,0.0074777494475270845,0.0035844739083999025,5
random_4k,131072,16.021988,7.645177,16.017187,7.642864,16.025556,7.646878,0.0030801589569375955,0.001481620970423879,5
random_4k,155840,16.025042,7.646624,16.019193,7.643848,16.043806,7.655474,0.010205947565023793,0.004831910719373651,5
random_4k,185344,16.031447,7.649679,16.027016,7.647573,16.040136,7.653738,0.0056592091762025145,0.002670123929708118,5
random_4k,220416,16.034961,7.651318,16.027495,7.647785,16.046977,7.657066,0.0075986113073365875,0.0036175498337964423,5
random_4k,262144,16.033663,7.6507,16.026309,7.647286,16.044583,7.655937,0.006910024688811695,0.003267951391927093,5
random_4k,311744,16.034277,7.650952,16.029746,7.648884,16.038021,7.652867,0.0035323530825788377,0.0017029190526857171,5
random_4k,370688,16.033472,7.650545,16.028303,7.648145,16.049754,7.668739,0.009107939970156392,0.008641846313143445,5
random_4k,440832,16.803838,8.017608,16.800201,8.016007,16.811902,8.022102,0.0046570019862563665,0.0026060080966880048,5
random_4k,524288,17.761343,8.475182,17.755441,8.472416,17.775996,8.482093,0.008040984672289949,0.0037999756972914725,5
random_4k,623424,18.658185,8.903789,18.642563,8.895826,18.662106,8.921078,0.009368165578170433,0.010246375334722495,5
random_4k,741440,19.37191,9.243893,19.368134,9.242098,19.383344,9.249309,0.0066540824160813816,0.003146308519519256,5
random_4k,881728,19.994733,9.541119,19.988983,9.538387,20.000666,9.543927,0.005454306582873423,0.002611799035148192,5
random_4k,1048576,20.455506,9.760764,20.447726,9.757316,20.459846,9.763111,0.004564236935129491,0.002151111875287617,5
random_4k,1246912,22.061872,10.527608,22.052731,10.52326,22.100641,10.545956,0.020405757111658963,0.009662727658379475,5
random_4k,1482880,22.211971,10.598911,22.199829,10.593502,22.249626,10.617227,0.019429444515991438,0.009295512826089392,5
random_4k,1763456,26.843915,12.809724,26.800277,12.788871,26.916957,12.849512,0.04553685717965141,0.023743290262725262,5
random_4k,2097152,35.616148,16.995982,35.577803,16.97785,35.872309,17.13688,0.127987745771617,0.06777860324468175,5
random_4k,2493888,47.576351,22.703944,47.498527,22.666923,48.127165,22.966629,0.26396767612967426,0.12557371565459186,5
random_4k,2965760,59.368756,28.331802,59.261373,28.280594,59.902922,28.586611,0.2523826724434523,0.12040850081784149,5
random_4k,3526912,65.835362,31.418012,65.830424,31.415448,67.195216,32.066843,0.6024858939127129,0.28750329498163857,5
random_4k,4194304,68.990938,32.923901,68.625714,32.765483,69.689595,33.257027,0.40290621063257337,0.18785803137156673,5
random_4k,4987840,69.680586,33.252997,69.587198,33.208389,70.765172,33.770343,0.5215413559649864,0.24879881389026243,5
random_4k,5931584,70.194166,33.498228,69.849299,33.333455,70.648699,33.714637,0.3114023095442529,0.14711699196795655,5
random_4k,7053888,70.002487,33.406574,69.924656,33.369461,70.59953,33.691016,0.27645649043420445,0.13154841168824669,5
random_4k,8388608,72.191116,34.46232,72.188177,34.449482,72.746408,34.716083,0.24647834051960985,0.1163474420432164,5
random_4k,9975744,74.731382,35.66433,74.708024,35.652221,74.76457,35.678979,0.02136494037436242,0.009866335201077278,5
random_4k,11863232,76.834744,36.667092,76.808179,36.654494,77.611466,37.037526,0.34430385561448806,0.16518337621322282,5
random_4k,14107840,78.716617,37.573601,78.704264,37.559398,78.755276,37.583654,0.0213375469817945,0.01073683746733418,5
random_4k,16777216,80.42739514390891,38.38165423715883,80.4029640084686,38.370145339411394,80.439741364512,38.39170783345095,0.014663371081165125,0.008266099735103078,5
random_4k,19951552,82.02919373205665,39.14639128133571,82.00884857816484,39.136950873309914,82.05879885804103,39.160365843878814,0.0184218149556586,0.008644368943202337,5
random_4k,23726528,83.6154493529614,39.90382693487804,83.54001793770357,39.86772696926988,83.76817271446008,39.97639236366334,0.09224147164964525,0.0441803082612045,5
random_4k,28215744,85.53806712825137,40.82135538052385,85.32461199099512,40.72288019778961,85.76607068937165,40.945547182008404,0.15783431076247267,0.07979056276544404,5
random_4k,33554432,88.44016307846363,42.22262260687123,88.26376034141573,42.12958062131941,88.87009703645424,42.414125360608445,0.23219661440791314,0.10878776645704144,5
random_4k,39903168,93.90386334930533,44.814178311513864,93.43426933178291,44.590106457627456,95.1664688546282,45.432827442410634,0.7938773125534926,0.38486957558139734,5
random_4k,47453120,105.60275404441268,50.40461626127007,104.09018180469482,49.67818680837003,107.48804209291191,51.30376219730125,1.256343435390937,0.601296682277224,5
random_4k,56431552,124.35622061934006,59.349711084270396,121.31265842165251,57.89501698336821,132.04509381964172,63.017195164134755,4.253605640775674,2.02987602704407,5
random_4k,67108864,143.26677872350572,68.38249219178408,140.77098109338866,67.19545001549723,151.04419116419902,72.09456524330639,4.086113437685878,1.9503271998787677,5
random_4k,79806336,157.16421179253794,75.01748511397582,156.74789029451273,74.81154153050382,160.7348565528579,76.72078048878285,1.6387697837269681,0.7843069016825823,5
random_4k,94906240,217.89755581930123,103.99530956025652,196.29201654179957,93.69033488208994,228.92579370966544,109.26122134856465,12.312166601760463,5.874139232253889,5
random_4k,112863168,197.5675560501563,94.29167544425464,195.58047250122272,93.34921852295523,198.40792520502697,94.69289291815224,1.2740799247139158,0.6052011468595148,5
random_4k,134217728,199.532036125,95.235939875,198.633415625,94.800968,202.82229525,96.801635875,1.645652563266958,0.7852261302126582,5
random_4k,159612672,213.41262775,101.864232,208.88691675,99.69310275,230.31653275,109.931273625,10.089019517497377,4.815946085089805,5
random_4k,189812480,224.1149925,106.966912875,219.7083035,104.866510875,235.268359,112.293520875,7.17451399956987,3.4245505432563896,5
random_4k,225726400,229.308714125,109.444203125,226.8062015,108.245661375,233.24130175,111.3240555,2.4344335156876458,1.1638772268687292,5
random_4k,268435456,232.011935125,110.7359015,229.676271875,109.61820075,239.126796625,114.131103625,4.35197961295393,2.079212698835534,5
random_4k,319225344,236.9062525,113.06710275,235.687938875,112.49006225,238.68754,113.9206345,1.1320785177133952,0.5402560705018002,5
random_4k,379625024,241.482077625,115.25509425,239.914335625,114.508198625,242.232181625,115.612520125,0.8491270621437761,0.4045431870916199,5
random_4k,451452800,244.0884765,116.495413875,243.435842625,116.190066125,245.147876125,117.00219725,0.6756173668887078,0.3213505339595336,5
random_4k,536870912,249.010798125,118.84808075,248.17897525,118.451221875,250.192562875,119.410238,0.8144669420114622,0.3880211793972291,5
random_4k,638450688,253.994824375,121.224837,253.5857485,121.028144625,254.5535155,121.493458125,0.43752341598394046,0.20930169538125468,5
random_4k,759250112,258.567257875,123.41053025,258.099734,123.18418125,258.893609125,123.563387875,0.3286220083486986,0.15645748976211526,5
random_4k,902905600,262.339264875,125.209126375,262.249637625,125.1662545,262.788295875,125.421762,0.2156066998500212,0.10241403004591922,5
random_4k,1073741824,266.71839575,127.301478875,266.454200125,127.17304125,266.86235975,127.371808375,0.15062828622775612,0.07377567745354696,5
random_thp,4096,5.031921,2.400121,5.011755,2.390617,5.052728,2.410521,0.019252708944457488,0.009305791084050802,5
random_thp,4864,5.016789,2.392991,5.012135,2.390697,5.018759,2.393964,0.0027501551228976662,0.0012964506546722582,5
random_thp,5760,5.016129,2.392317,5.012569,2.391066,5.039729,2.403954,0.0113400063403864,0.00543371275464593,5
random_thp,6848,5.015215,2.392281,5.011518,2.390496,5.026387,2.397582,0.006152204377294261,0.0028644398230717725,5
random_thp,8192,5.012409,2.390985,5.010947,2.390179,5.021035,2.394657,0.004842822338265,0.0022086958821894652,5
random_thp,9728,5.0148,2.392075,5.013187,2.391267,5.01494,2.392141,0.0007884871590581801,0.0004627094120501725,5
random_thp,11584,5.016162,2.392419,5.011201,2.390374,5.020735,2.394947,0.003676244075139735,0.0017464390914086081,5
random_thp,13760,5.014864,2.392174,5.011719,2.390601,5.02749,2.398099,0.006575789291027928,0.0030898609677460203,5
random_thp,16384,5.013986,2.391654,5.012065,2.390759,5.027042,2.397511,0.006421070821911357,0.0029029268333874633,5
random_thp,19456,5.013666,2.391513,5.011788,2.390581,5.01629,2.392293,0.0017718281519376797,0.0007326669093115166,5
random_thp,23168,5.016308,2.392674,5.01237,2.390849,5.019123,2.394079,0.0024674191374790214,0.0011605971307910503,5
random_thp,27520,5.016945,2.393075,5.014469,2.391901,5.030388,2.415834,0.006592095592450266,0.010312263926994808,5
random_thp,32768,5.017829,2.393476,5.016968,2.392962,5.028133,2.398378,0.00481612854894896,0.002346895119088113,5
random_thp,38912,5.028075,2.39835,5.022615,2.395751,5.030096,2.399314,0.002976968458012296,0.001462909156441308,5
random_thp,46336,5.046892,2.407018,5.031506,2.400018,5.068174,2.417494,0.015233254767120303,0.00726636605876682,5
random_thp,55104,15.898748,7.586267,15.888338,7.581348,15.913343,7.593308,0.01072446503560915,0.005061171079898523,5
random_thp,65536,16.027084,7.647607,16.020511,7.644439,16.030447,7.649176,0.004380093492153458,0.002030670775876544,5
random_thp,77888,16.032104,7.649646,16.028929,7.648346,16.041562,7.993155,0.004822335761848061,0.15365609050831677,5
random_thp,92672,16.002028,7.635596,16.000712,7.634987,16.011617,7.639702,0.004627189719474422,0.0020174576327649896,5
random_thp,110208,16.013221,7.640977,16.010493,7.639689,16.020221,7.644006,0.003641307622271009,0.001604462526829986,5
random_thp,131072,16.017631,7.643111,16.016559,7.64254,16.025365,7.646462,0.0036684480642367335,0.001611074548243989,5
random_thp,155840,16.024174,7.646208,16.021276,7.644798,16.031965,7.649518,0.004111837752148359,0.0017960023106887856,5
random_thp,185344,16.033229,7.650535,16.027902,7.647998,16.042311,7.654838,0.005421844307982573,0.002550060195367985,5
random_thp,220416,16.031789,7.64978,16.029592,7.648748,16.046656,7.656619,0.0070998821609938945,0.003266682001664613,5
random_thp,262144,16.030138,7.649018,16.028278,7.648167,16.032428,7.649931,0.001746575162995457,0.0007561833111088476,5
random_thp,311744,16.042991,7.654767,16.035757,7.651742,16.049137,7.658128,0.005275362565738831,0.002526544022968938,5
random_thp,370688,16.044822,7.655997,16.04077,7.654023,16.046754,7.656779,0.0023077920183591965,0.0010910353798114886,5
random_thp,440832,16.042277,7.654835,16.032,7.649972,16.053589,7.667107,0.00848280957584092,0.006535340297184101,5
random_thp,524288,16.031927,7.649922,16.027571,7.647826,16.040453,7.653529,0.0050099496304861196,0.0022596954883344553,5
random_thp,623424,16.031819,7.649877,16.029611,7.648791,16.033829,7.650794,0.0016311386207203864,0.0007485411144355684,5
random_thp,741440,16.039475,7.653513,16.030739,7.649326,16.041852,7.654277,0.005134366932738013,0.0023778045125703784,5
random_thp,881728,16.034347,7.651019,16.03188,7.649922,16.053911,7.660409,0.00975106129095666,0.004580757994044053,5
random_thp,1048576,16.033293,7.650543,16.029803,7.648871,16.041881,7.654187,0.004657583407733369,0.002035332700076123,5
random_thp,1246912,16.035263,7.65145,16.033156,7.65049,16.042955,7.654977,0.004607271025237985,0.002087743638476807,5
random_thp,1482880,16.032542,7.650148,16.030372,7.649128,16.063419,7.664599,0.014307205132381554,0.006700759680812543,5
random_thp,1763456,16.044725,7.655944,16.039901,7.653633,16.052475,7.659612,0.004720370981183397,0.00228392589634597,5
random_thp,2097152,17.28411,8.246902,17.165081,8.190032,17.505889,8.358137,0.12721873242294204,0.06280452139217317,5
random_thp,2493888,40.911898,19.523385,40.710623,19.427392,42.122428,20.100775,0.5814539089113583,0.2766802913929723,5
random_thp,2965760,56.056341,26.751137,56.012303,26.729898,56.408556,27.071581,0.19536720363791732,0.1476072778686738,5
random_thp,3526912,61.982342,29.579192,61.953286,29.565346,62.069361,29.620314,0.04731918364363588,0.022417422046256876,5
random_thp,4194304,62.68441,29.914047,62.681642,29.912633,62.691769,29.917542,0.00466020275310019,0.0021941766793046667,5
random_thp,4987840,62.692926,29.919164,62.65896,29.902033,62.715829,29.932017,0.020406474524033345,0.011707457358452283,5
random_thp,5931584,62.697764,29.920516,62.689379,29.916539,62.794906,29.986165,0.04443524759467442,0.02981559070855294,5
random_thp,7053888,62.706488,29.924757,62.664677,29.90476,62.714008,29.94172,0.020066943521624348,0.01380851795813069,5
random_thp,8388608,62.706865,29.927192,62.701365,29.92178,62.711691,29.951344,0.0046953083711283655,0.012203326403075565,5
random_thp,9975744,62.697137,29.923266,62.684295,29.913965,62.714832,30.217255,0.011289499249303054,0.1324780867664542,5
random_thp,11863232,62.717078,29.929589,62.693608,29.918478,64.614086,30.835018,0.8525057977022796,0.40684494874804483,5
random_thp,14107840,62.706316,29.925759,62.699703,29.923913,72.441383,34.570411,4.236913603431306,2.0212964105135134,5
random_thp,16777216,62.71016708310286,29.928090369833487,62.706194091056474,29.926238341375957,71.05922008811918,33.92655019168781,3.7339893923424783,1.7885102547833704,5
random_thp,19951552,62.702815602495626,29.923248969510336,62.681635631686156,29.91314616112528,67.97515036327768,32.439302154004075,2.360351340903312,1.1240439430008147,5
random_thp,23726528,62.70155977099082,29.9240237101375,62.69271702261095,29.918558105346918,62.71293740011194,30.024829558098602,0.00754255189312192,0.045717054062913355,5
random_thp,28215744,62.704113434156135,29.931143924830874,62.695269607426184,29.919959285280893,63.12702652127316,30.13473056269103,0.19060406539045036,0.09304720076355348,5
random_thp,33554432,62.77432563240588,29.966005769735116,62.756909615430466,29.9494513983263,63.78438404501347,30.44816345993372,0.44190876204207685,0.21338962317885454,5
random_thp,39903168,63.23972212754867,30.18001603881393,62.9192586058261,30.14710359068947,67.73893782954751,32.32690470939674,2.009108924149303,0.9403162822633903,5
random_thp,47453120,111.96717804856667,53.48708991105327,66.71760524913851,31.84635311650741,142.77412283955195,68.149673614717,33.11713747009497,15.811039960758402,5
random_thp,56431552,90.37643394632235,43.13065625549337,84.33947343052697,40.255481743588,107.74684829514202,51.43582866928647,9.003115056815851,4.300950821758086,5
random_thp,67108864,112.63658965739218,53.7542302648833,106.5395801444818,50.849798774527336,128.24269174832511,61.21087690437022,9.296242614945328,4.449631451005689,5
random_thp,79806336,136.80022113514707,65.32059624290784,134.85187954850738,64.35986226668538,142.904321257443,68.22316566089938,3.2944698574195312,1.5783681984731763,5
random_thp,94906240,147.8286627307119,70.57823856471397,147.16479540228335,70.23593997612802,149.00056763390901,71.12043026886325,0.7362043113970111,0.3597963703121559,5
random_thp,112863168,160.23612755973605,76.48005301993918,158.74582340390845,75.78071024036178,164.2712025177383,78.40042401774892,2.082360982363121,0.9898736281798141,5
random_thp,134217728,198.407570625,94.71574775,171.221822125,81.723473625,203.055981,96.932662375,13.38027103232414,6.390343570030226,5
random_thp,159612672,185.179319875,88.38409625,183.5923385,87.622515875,189.430977875,90.411123,2.3190440933749477,1.1074294311923765,5
random_thp,189812480,185.541290375,88.552257625,184.284781,87.95746625,188.22123025,89.83546525,1.4942969019192869,0.7137172121025263,5
random_thp,225726400,193.80789425,92.50133675,191.741797375,91.512277625,197.985896375,94.493483125,2.5041084451690496,1.1957975343392477,5
random_thp,268435456,196.299761,93.689696375,194.9940235,93.06891275,198.77949775,94.87221175,1.4816777800652827,0.7024311009132629,5
random_thp,319225344,200.372667625,95.63398825,198.718513625,94.860562625,202.44418,96.62277325,1.3603764543857189,0.6412656136986498,5
random_thp,379625024,203.830642875,97.33062325,202.951634,96.882426375,205.380953875,98.025859875,1.0201676611162145,0.48157891250115276,5
random_thp,451452800,205.68319925,98.1884095,204.8025165,97.79086475,207.022982875,98.805261125,0.838322267229769,0.38630411123307257,5
random_thp,536870912,206.4152925,98.545896,205.821237,98.26061175,207.398596625,98.988422625,0.606673562392859,0.2819109230834621,5
random_thp,638450688,207.437227125,99.008365125,206.7205055,98.711358625,207.8565195,99.20648925,0.42246483705822296,0.18607090463103407,5
random_thp,759250112,207.91273225,99.229305875,207.52422725,99.0738335,208.46094425,99.4906925,0.3916783286842341,0.16885156963815873,5
random_thp,902905600,208.2632005,99.39499925,207.629124125,99.14429175,208.6063675,99.56658625,0.39146738953232263,0.16664805003427063,5
random_thp,1073741824,208.837041125,99.726357125,208.729095875,99.62178975,209.062112125,99.78514775,0.15501622597090278,0.06864757399264095,5
sequential_4k,4096,5.030291,2.393102,5.012451,2.390938,5.042556,2.414689,0.012622605424396142,0.01057725084792835,5
sequential_4k,4864,5.015006,2.391814,5.011842,2.390622,5.019892,2.394549,0.0036305130904594,0.0014697607968647071,5
sequential_4k,5760,5.014125,2.391752,5.01026,2.389863,5.027945,2.398297,0.00720071599217753,0.0034224021096300287,5
sequential_4k,6848,5.011069,2.390307,5.009917,2.389731,5.013742,2.391608,0.0017195094358566268,0.0008331462656701636,5
sequential_4k,8192,5.013801,2.391612,5.010812,2.390175,5.017101,2.393168,0.0023895640188120303,0.0011412531270495584,5
sequential_4k,9728,5.011826,2.39068,5.011019,2.390287,5.016165,2.392767,0.0025481052764749906,0.001207025061877273,5
sequential_4k,11584,5.015814,2.392583,5.012077,2.390682,5.018214,2.3937,0.0026581840041651618,0.001295094205067706,5
sequential_4k,13760,5.011648,2.390553,5.010786,2.390138,5.015817,2.392505,0.002378243259214447,0.0011286581856346169,5
sequential_4k,16384,5.011669,2.390542,5.009942,2.389747,5.021479,2.395214,0.0047220372510178195,0.0022401349959321843,5
sequential_4k,19456,5.011298,2.39042,5.010228,2.389837,5.016131,2.392717,0.0024957406716243817,0.0012097418319624899,5
sequential_4k,23168,5.010801,2.390092,5.009958,2.389683,5.061565,2.414314,0.022545706569101,0.01075385050574904,5
sequential_4k,27520,5.011841,2.390614,5.010892,2.390231,5.027115,2.39788,0.0068853487783845065,0.0032594920616562137,5
sequential_4k,32768,5.013373,2.391347,5.010662,2.390069,5.014776,2.392019,0.001986026006878956,0.0009437882177691717,5
sequential_4k,38912,5.01132,2.390337,5.010866,2.390084,5.0273,2.39798,0.007034211057396721,0.003360307173458953,5
sequential_4k,46336,5.015315,2.392218,5.010943,2.390248,5.016163,2.392702,0.002310734342151798,0.0010831565907106603,5
sequential_4k,55104,8.07205,3.851061,8.026273,3.829179,8.102069,3.865394,0.02757403965145494,0.013177421549757078,5
sequential_4k,65536,6.944174,3.312755,6.925555,3.303936,6.946507,3.313924,0.009793177456781052,0.004641830102448664,5
sequential_4k,77888,7.153276,3.412637,7.121378,3.397374,7.16408,3.417763,0.01775795847782042,0.008461449651212288,5
sequential_4k,92672,7.2297,3.449081,7.209309,3.439327,7.253412,3.478076,0.015619270671193295,0.014664446961955464,5
sequential_4k,110208,6.854493,3.270003,6.833018,3.259781,6.86693,3.275924,0.012619997959587738,0.006008299318442818,5
sequential_4k,131072,6.53776,3.118851,6.528337,3.114388,6.553154,3.123878,0.0102470351321738,0.004225906092189059,5
sequential_4k,155840,6.280898,2.996524,6.270356,2.991214,6.284559,3.003463,0.0065562212973636,0.005094222541271946,5
sequential_4k,185344,6.568738,3.133632,6.557261,3.128196,6.57945,3.151362,0.008513776817605664,0.008895805371072379,5
sequential_4k,220416,6.490015,3.096038,6.474759,3.088768,6.493293,3.097524,0.007263362595933374,0.0034494501011030822,5
sequential_4k,262144,6.384672,3.045753,6.383672,3.045289,6.388467,3.047638,0.0019486112234103061,0.00096216750100997,5
sequential_4k,311744,6.257037,2.984669,6.254619,2.983703,6.293022,3.002086,0.016356653056172562,0.00784847127152785,5
sequential_4k,370688,6.048253,2.885267,6.039921,2.881229,6.053279,2.88755,0.005203751271919234,0.0024684044846824296,5
sequential_4k,440832,5.965057,2.845545,5.943994,2.835504,5.987008,2.855999,0.018884307514441666,0.009011752287985118,5
sequential_4k,524288,6.155316,2.936336,6.127368,2.923021,6.16284,2.939919,0.015554166001428551,0.007426799431787642,5
sequential_4k,623424,6.197324,2.956421,6.180079,2.948165,6.202727,2.958991,0.008639059017045753,0.00412053409159561,5
sequential_4k,741440,6.048955,2.885495,6.032961,2.877926,6.066988,2.894211,0.013930672894731173,0.006675079827238128,5
sequential_4k,881728,6.071597,2.896367,6.044825,2.883501,6.122993,3.346475,0.03156854589936014,0.20405342785285424,5
sequential_4k,1048576,5.968625,2.846967,5.955513,2.840901,6.02063,2.872005,0.027817286896819882,0.01331790656597364,5
sequential_4k,1246912,6.197925,2.956528,6.183781,2.949658,6.206113,2.960374,0.008139124879248526,0.003916507781174513,5
sequential_4k,1482880,6.180039,2.948077,6.160179,2.938477,6.182071,2.949076,0.009118322499231786,0.0044146743594517925,5
sequential_4k,1763456,6.30303,3.006721,6.292627,3.001549,6.322961,3.016209,0.012774356246011151,0.006188406717403214,5
sequential_4k,2097152,6.480258,3.09117,6.47783,3.089915,6.540456,3.11927,0.026725465735885873,0.012505569707134472,5
sequential_4k,2493888,6.733717,3.212063,6.702351,3.196993,6.771433,3.229426,0.02517089380216785,0.01181032731553202,5
sequential_4k,2965760,6.8193,3.252842,6.803888,3.245393,6.842577,3.263434,0.015650956929210473,0.007333103483519192,5
sequential_4k,3526912,6.928084,3.30472,6.911764,3.296876,6.948757,3.314483,0.013165957599050792,0.0062936749757196726,5
sequential_4k,4194304,6.877245,3.280368,6.872609,3.277932,6.886262,3.284657,0.005333652013396102,0.0026000758258174455,5
sequential_4k,4987840,6.903916,3.292624,6.892101,3.287496,6.914928,3.298391,0.00947501386278636,0.004520254826887695,5
sequential_4k,5931584,6.93743,3.309205,6.931458,3.306249,6.960302,3.319722,0.011266393424694914,0.005246287401581983,5
sequential_4k,7053888,6.969546,3.324377,6.962317,3.321025,6.981099,3.329916,0.007444180633219747,0.0034466180235122653,5
sequential_4k,8388608,7.300917,3.482536,7.043287,3.359801,7.360099,3.510456,0.1580298706884233,0.07528146257412904,5
sequential_4k,9975744,7.082015,3.378244,7.066354,3.370713,7.090053,3.381594,0.009696246815134323,0.004474805939926309,5
sequential_4k,11863232,7.083956,3.379053,7.067037,3.370944,7.100371,3.386469,0.013699542930331836,0.006390058309593121,5
sequential_4k,14107840,7.071734,3.37313,7.061603,3.368394,7.081241,3.377527,0.007944053530786593,0.003729167641713152,5
sequential_4k,16777216,7.067397814186805,3.3708348433119077,7.056705258540121,3.366098914722768,7.070414274542715,3.3726201148219497,0.0054645405352759515,0.002577851967854144,5
sequential_4k,19951552,7.065474987569969,3.3705376188872314,7.059209450031275,3.367406854961587,7.073437424818361,3.3743388025469536,0.005110515983022017,0.0024811843539185655,5
sequential_4k,23726528,7.067298757173395,3.3716085264783433,7.060123001395904,3.368225313741225,7.079547646182169,3.3773796117094093,0.0072149148845834414,0.003395445038634397,5
sequential_4k,28215744,7.099706264282758,3.3872015151772903,7.0830557587511125,3.379175385173718,7.147779686870921,3.410044287180534,0.025699602536175134,0.012242759230922983,5
sequential_4k,33554432,7.088509167203109,3.3820155925899433,7.087308966931311,3.3814615072836944,7.1070324011158,3.390684977231004,0.008500559326578455,0.003979561758675988,5
sequential_4k,39903168,7.160233364742678,3.416351169830991,7.151343451151788,3.411990617293851,7.190338619459091,3.4332155817077328,0.015185398024531836,0.008335527492684243,5
sequential_4k,47453120,7.303229798167117,3.484723954926462,7.294243413288736,3.480324159928789,7.41818485275573,3.539423835566555,0.05289251559396624,0.025204470440022577,5
sequential_4k,56431552,7.629139944088143,3.640313242490743,7.598305916109533,3.625507658109771,7.8729227270923,3.756591191330827,0.12704915316431656,0.05947508249553875,5
sequential_4k,67108864,8.002743485206112,3.818678682974513,7.95805855565887,3.797258898981952,8.23518703955368,3.929275922084734,0.11377904619095945,0.054178222045679035,5
sequential_4k,79806336,8.500671224362959,4.056367208644921,8.479884119569357,4.046425349345416,8.616199202069007,4.1112127348182606,0.054541563683339594,0.025910031914392853,5
sequential_4k,94906240,9.10807584411731,4.346358679892913,9.074032645271796,4.330165181973283,9.233950475753755,4.406298595329454,0.06419237067055959,0.03057164550262975,5
sequential_4k,112863168,9.577336102467411,4.570346685190567,9.53965877274435,4.55559239858519,9.667846525705455,4.613423259308615,0.04972348028747755,0.022380484396339,5
sequential_4k,134217728,10.0142045,4.77889525,9.926222625,4.73688775,10.050791875,4.796297,0.04773431581292614,0.02277241776627749,5
sequential_4k,159612672,10.24506575,4.889068625,10.1965025,4.865930125,10.38768825,4.958069625,0.07307887498137736,0.035272611725206855,5
sequential_4k,189812480,10.464108875,4.994713125,10.379508125,4.955577375,10.5742545,5.046175125,0.06931837175824458,0.032225621736341685,5
sequential_4k,225726400,10.72411675,5.116226875,10.66152875,5.090329875,10.811647375,5.1593885,0.058920811472170376,0.027444536315227138,5
sequential_4k,268435456,10.932714625,5.217208125,10.87631625,5.19035625,10.95426425,5.22752975,0.030698950687049472,0.014640902530080315,5
sequential_4k,319225344,11.11972375,5.306501625,11.0758655,5.28556575,11.163995875,5.3274365,0.034213438820124877,0.016261641070082267,5
sequential_4k,379625024,11.107141,5.300453125,11.078854375,5.288877625,11.119535,5.3064115,0.015327535235596027,0.006607531886983263,5
sequential_4k,451452800,11.165772625,5.328512125,11.122975,5.3079035,11.176129875,5.334298875,0.021737799016057255,0.011049607798257125,5
sequential_4k,536870912,11.087941375,5.291341875,11.0714715,5.283389125,11.103486625,5.298775,0.011704787694505192,0.005617469881984424,5
sequential_4k,638450688,11.0190105,5.259268875,11.0150175,5.256541625,11.091047,5.292865875,0.03186968203853814,0.015124256835461446,5
sequential_4k,759250112,11.0522285,5.276477,11.036555875,5.26685775,11.1158075,5.306933375,0.03689331794326078,0.018044888469323266,5
sequential_4k,902905600,11.073972375,5.28472225,11.05365625,5.274992125,11.115582875,5.30459225,0.026336208354807086,0.012588982055688216,5
sequential_4k,1073741824,11.072460875,5.283934,11.05150875,5.274003875,11.09886275,5.298860875,0.017061332869193785,0.00895371037920526,5
