callable,N,cycles_per_call,instructions_per_call,ns_per_call
python_noop,0,80.31325728435426,511.1530014905279,38.32730611116453
module_identity,1,2110.423072450285,9587.58692871264,1007.1683916734504
torch.relu,1,2692.436087267525,8133.380400572246,1284.923068669528
nn.ReLU module,1,6165.827892234548,19930.52234548336,2942.5361331220283
torch.add,1,3018.8039069840274,8974.171782023175,1440.684505167554
add_ inplace,1,2168.3446682736458,6917.55483815427,1035.0418388429753
torch.relu,16,2657.51635189557,8134.165046521316,1268.2480211081795
nn.ReLU module,16,6111.540058210784,19952.42378982843,2916.6361825980393
torch.add,16,2986.5445121011253,8977.048866964698,1425.2696161553877
add_ inplace,16,2167.184811440434,6916.748990889171,1034.256198823665
torch.relu,256,2705.7163065112313,8250.478461757179,1291.2676642024453
nn.ReLU module,256,6180.0746845425865,20065.405757097793,2949.3475552050472
torch.add,256,3041.530204241948,9138.381343283581,1451.531775333857
add_ inplace,256,2209.7078145001747,7082.086145699988,1054.6926859071336
torch.relu,1024,2970.793647670025,9100.813287153653,1417.773181675063
nn.ReLU module,1024,6461.285844070037,20919.12553683515,3083.555252725471
torch.add,1024,3326.5915492957747,10132.825790106494,1587.5752318790794
add_ inplace,1024,2334.4907656555774,7610.292777641878,1114.10781555773
torch.relu,4096,3869.257415684681,10643.960077204389,1846.5551605038602
nn.ReLU module,4096,7553.934619815668,22460.63354454685,3604.9951996927803
torch.add,4096,4644.180147936054,12253.529706513958,2216.658017179671
add_ inplace,4096,2973.4187276277253,9724.559184835665,1419.4036771884153
torch.relu,16384,7499.991544532131,16799.73618940248,3581.4170424652384
nn.ReLU module,16384,11238.176972579742,28618.837437045328,5364.186066032456
torch.add,16384,8845.610048372911,20712.41303869833,4221.463610378189
add_ inplace,16384,6946.8143676164,18181.741921473244,3315.2830958999307
torch.relu,65536,22530.9796030871,41459.51653803749,10752.395810363836
nn.ReLU module,65536,26162.48341836735,53274.7350127551,12485.581632653062
torch.add,65536,27192.029566360052,54601.594283837054,12979.668199737187
add_ inplace,65536,21320.34436401241,52047.77275077559,10174.842812823164
torch.relu,262144,135371.704248366,140053.77614379086,64607.76797385621
nn.ReLU module,262144,143074.5551724138,151887.7275862069,68289.80862068966
torch.add,262144,292674.5520833333,190462.03472222222,139674.68402777778
add_ inplace,262144,123531.09131736527,187482.8143712575,58951.408682634734
torch.relu,1048576,824558.8625,535230.1625,393486.125
nn.ReLU module,1048576,833512.0576923077,547226.75,397870.875
torch.add,1048576,1211539.2222222222,733928.6527777778,578165.0277777778
add_ inplace,1048576,838796.07,730270.74,400287.94
torch.relu,4194304,3273491.3,2116016.7,1561933.1
nn.ReLU module,4194304,3270705.0,2127626.964285714,1560800.1785714286
torch.add,4194304,4856405.5,2907740.0,2317397.5
add_ inplace,4194304,3338059.3571428573,2900809.785714286,1593269.5714285714
nn.BatchNorm2d(64),64,20237.49676294821,65511.439492031874,9658.938496015937
nn.BatchNorm2d(64),1024,20983.254341164455,69207.31281920327,10013.909856996936
nn.BatchNorm2d(64),4096,22571.003296703297,73819.37582417582,10771.60934065934
nn.BatchNorm2d(64),16384,27843.907894736843,92275.50337381917,13287.918353576248
nn.BatchNorm2d(64),65536,49895.7254784689,166046.68062200956,23811.69557416268
nn.BatchNorm2d(64),200704,126791.19054878049,369016.1143292683,60507.17378048781
nn.BatchNorm2d(64),802816,680645.9274193548,1273789.7096774194,324873.62903225806
conv1x1 64->64,64,16775.812768701635,49814.50236457438,8006.0629836629405
conv3x3 64->64,64,36965.51981981982,111504.0581081081,17641.15720720721
conv1x1 64->64,256,18797.019811320755,58702.16650943396,8970.6
conv3x3 64->64,256,71285.71821305843,265483.5034364261,34020.09621993127
conv1x1 64->64,1024,19061.23262910798,59496.679812206574,9098.092018779344
conv3x3 64->64,1024,88624.71914893617,376740.37127659575,42294.79893617021
conv1x1 64->64,4096,25582.480625,82279.5915625,12208.850625
conv3x3 64->64,4096,188481.16216216216,784952.5135135135,89960.4436936937
conv1x1 64->64,16384,51770.793341708544,170652.32977386934,24706.73932160804
conv3x3 64->64,16384,505663.14285714284,1978487.892857143,241320.0357142857
conv1x1 64->64,50176,121206.51162790698,413648.53343023255,57852.058139534885
conv3x3 64->64,50176,1101974.1764705882,2302259.75,525861.5441176471
conv1x1 64->64,200704,434712.9114583333,1497124.4114583333,207457.04166666666
conv3x3 64->64,200704,4121225.25,8256175.75,1966657.3
"nn.MaxPool2d(3,2,1)",256,12060.626059322034,49453.0458535109,5755.731083535109
F.max_pool2d chlast,256,5461.02313924746,17983.5696923922,2606.209489151332
"nn.MaxPool2d(3,2,1)",1024,21196.281314699794,89952.21557971014,10115.53234989648
F.max_pool2d chlast,1024,6572.491004252535,22270.856068040564,3136.637471377167
"nn.MaxPool2d(3,2,1)",4096,58932.0583573487,252849.89625360232,28124.39841498559
F.max_pool2d chlast,4096,11437.835310734463,39776.882344632766,5458.52302259887
"nn.MaxPool2d(3,2,1)",16384,406754.64,905234.155,194116.18
F.max_pool2d chlast,16384,29082.394366197183,109688.40211267606,13881.997183098592
"nn.MaxPool2d(3,2,1)",65536,1779599.9375,3521289.0,849290.2916666666
F.max_pool2d chlast,65536,100526.49158653847,394494.2524038461,47974.526442307695
"nn.MaxPool2d(3,2,1)",200704,5526591.8125,10726000.5,2639298.6875
F.max_pool2d chlast,200704,305954.0661764706,1186131.3860294118,146026.14705882352
"nn.MaxPool2d(3,2,1)",802816,21919149.1,42837907.4,10465927.0
F.max_pool2d chlast,802816,1227957.5735294118,4731363.544117647,586005.5882352941
