bench,variant,ws_bytes,param,rep,iters,ns,cycles,ref_cycles,instructions,work,work_unit,extra
compute,int_add,0,1,0,25000000,95654438,200446223,200890200,275651028,2e+08,ops,
compute,int_add,0,1,1,25000000,95631522,200385640,200828460,275639711,2e+08,ops,
compute,int_add,0,1,2,25000000,95622455,200367055,200809308,275619496,2e+08,ops,
compute,int_add,0,1,3,25000000,95672354,200397689,200840724,275638841,2e+08,ops,
compute,int_add,0,1,4,25000000,95618626,200358477,200801328,275598151,2e+08,ops,
compute,int_add,0,1,5,25000000,95623039,200368062,200810484,275603055,2e+08,ops,
compute,int_add,0,1,6,25000000,95631760,200386497,200828796,275634283,2e+08,ops,
compute,int_add,0,2,0,12500000,47857721,100285613,100507008,237828783,2e+08,ops,
compute,int_add,0,2,1,12500000,47825555,100214503,100435524,237803904,2e+08,ops,
compute,int_add,0,2,2,12500000,47839663,100243857,100465176,237827547,2e+08,ops,
compute,int_add,0,2,3,12500000,47823079,100209583,100430400,237795180,2e+08,ops,
compute,int_add,0,2,4,12500000,47836308,100236958,100458288,237833658,2e+08,ops,
compute,int_add,0,2,5,12500000,47834634,100215945,100436868,237803403,2e+08,ops,
compute,int_add,0,2,6,12500000,47822354,100207896,100428804,237801625,2e+08,ops,
compute,int_add,0,4,0,6250000,27747228,58143096,58271220,218924590,2e+08,ops,
compute,int_add,0,4,1,6250000,27773760,58198802,58326660,218925877,2e+08,ops,
compute,int_add,0,4,2,6250000,27773408,58197807,58325988,218946427,2e+08,ops,
compute,int_add,0,4,3,6250000,27744527,58137281,58265424,218929673,2e+08,ops,
compute,int_add,0,4,4,6250000,27757835,58165368,58293312,218928270,2e+08,ops,
compute,int_add,0,4,5,6250000,27802602,58259370,58387560,218960863,2e+08,ops,
compute,int_add,0,4,6,6250000,27787153,58226819,58355136,218952052,2e+08,ops,
compute,int_add,0,6,0,4166666,23045732,48272244,48378204,212678908,2e+08,ops,
compute,int_add,0,6,1,4166666,23023887,48246435,48352332,212656553,2e+08,ops,
compute,int_add,0,6,2,4166666,23017107,48231960,48337968,212648136,2e+08,ops,
compute,int_add,0,6,3,4166666,23016276,48230101,48336120,212654990,2e+08,ops,
compute,int_add,0,6,4,4166666,23027798,48234228,48340404,212655716,2e+08,ops,
compute,int_add,0,6,5,4166666,23010767,48218207,48324360,212648305,2e+08,ops,
compute,int_add,0,6,6,4166666,23019057,48235639,48341832,212661370,2e+08,ops,
compute,int_add,0,8,0,3125000,20453107,42859067,42953316,209517550,2e+08,ops,
compute,int_add,0,8,1,3125000,20441195,42834202,42928368,209502900,2e+08,ops,
compute,int_add,0,8,2,3125000,20445475,42843316,42937356,209509703,2e+08,ops,
compute,int_add,0,8,3,3125000,20428293,42807303,42901320,209502741,2e+08,ops,
compute,int_add,0,8,4,3125000,20438811,42829122,42923328,209508894,2e+08,ops,
compute,int_add,0,8,5,3125000,20448223,42849057,42943152,209510015,2e+08,ops,
compute,int_add,0,8,6,3125000,20445485,42843088,42937272,209501989,2e+08,ops,
compute,int_add,0,10,0,2500000,19699541,41280369,41370924,207625826,2e+08,ops,
compute,int_add,0,10,1,2500000,19699330,41279716,41370420,207625711,2e+08,ops,
compute,int_add,0,10,2,2500000,19707528,41297196,41387724,207640705,2e+08,ops,
compute,int_add,0,10,3,2500000,19701770,41285173,41375544,207634213,2e+08,ops,
compute,int_add,0,10,4,2500000,19699551,41280054,41370840,207627388,2e+08,ops,
compute,int_add,0,10,5,2500000,19699593,41280388,41370924,207627533,2e+08,ops,
compute,int_add,0,10,6,2500000,19697112,41274892,41365716,207619691,2e+08,ops,
compute,int_add,0,12,0,2083333,19527076,40918786,41008716,206374385,2e+08,ops,
compute,int_add,0,12,1,2083333,19527993,40921019,41010564,206376880,2e+08,ops,
compute,int_add,0,12,2,2083333,19528249,40921465,41011236,206377127,2e+08,ops,
compute,int_add,0,12,3,2083333,19524559,40913716,41003340,206367662,2e+08,ops,
compute,int_add,0,12,4,2083333,19535421,40936332,41026104,206386386,2e+08,ops,
compute,int_add,0,12,5,2083333,19528204,40921197,41011236,206373667,2e+08,ops,
compute,int_add,0,12,6,2083333,19528816,40922631,41012412,206374838,2e+08,ops,
compute,int_imul,0,1,0,25000000,286843730,601033246,602363244,276791944,2e+08,ops,
compute,int_imul,0,1,1,25000000,286886968,601119040,602448924,276856675,2e+08,ops,
compute,int_imul,0,1,2,25000000,286858403,601074658,602404908,276847081,2e+08,ops,
compute,int_imul,0,1,3,25000000,286905681,601164421,602494620,276871276,2e+08,ops,
compute,int_imul,0,1,4,25000000,286917419,601199495,602529060,276907838,2e+08,ops,
compute,int_imul,0,1,5,25000000,286923235,601193757,602523264,276908384,2e+08,ops,
compute,int_imul,0,1,6,25000000,286915232,601194761,602524188,276916284,2e+08,ops,
compute,int_imul,0,2,0,12500000,143452611,300579083,301243572,238462711,2e+08,ops,
compute,int_imul,0,2,1,12500000,143427851,300536307,301200312,238420750,2e+08,ops,
compute,int_imul,0,2,2,12500000,143443909,300569810,301234080,238444983,2e+08,ops,
compute,int_imul,0,2,3,12500000,143446898,300552515,301216944,238424810,2e+08,ops,
compute,int_imul,0,2,4,12500000,143451998,300586732,301251300,238440372,2e+08,ops,
compute,int_imul,0,2,5,12500000,143462183,300607756,301272636,238476365,2e+08,ops,
compute,int_imul,0,2,6,12500000,143453907,300560414,301225260,238444116,2e+08,ops,
compute,int_imul,0,4,0,6250000,95635771,200385560,200828208,219394068,2e+08,ops,
compute,int_imul,0,4,1,6250000,95619250,200359295,200802252,219368690,2e+08,ops,
compute,int_imul,0,4,2,6250000,95619532,200360249,200802924,219359749,2e+08,ops,
compute,int_imul,0,4,3,6250000,95620203,200361772,200804436,219359033,2e+08,ops,
compute,int_imul,0,4,4,6250000,95651743,200410989,200853912,219396067,2e+08,ops,
compute,int_imul,0,4,5,6250000,95634015,200375795,200818632,219375266,2e+08,ops,
compute,int_imul,0,4,6,6250000,95627418,200376540,200819472,219377110,2e+08,ops,
compute,int_imul,0,6,0,4166666,95656134,200437244,200880036,213146156,2e+08,ops,
compute,int_imul,0,6,1,4166666,95649094,200422424,200865168,213157369,2e+08,ops,
compute,int_imul,0,6,2,4166666,95623437,200367787,200810988,213116010,2e+08,ops,
compute,int_imul,0,6,3,4166666,95635632,200393998,200836776,213144411,2e+08,ops,
compute,int_imul,0,6,4,4166666,95635790,200384659,200827704,213137099,2e+08,ops,
compute,int_imul,0,6,5,4166666,95623226,200368332,200810736,213113672,2e+08,ops,
compute,int_imul,0,6,6,4166666,95623108,200367706,200810400,213115202,2e+08,ops,
compute,int_imul,0,8,0,3125000,95644520,200397987,200840640,210029657,2e+08,ops,
compute,int_imul,0,8,1,3125000,95623126,200367691,200810568,209991687,2e+08,ops,
compute,int_imul,0,8,2,3125000,95627700,200377182,200820144,209996552,2e+08,ops,
compute,int_imul,0,8,3,3125000,95621919,200365523,200807964,209986395,2e+08,ops,
compute,int_imul,0,8,4,3125000,95616231,200353424,200795952,209977903,2e+08,ops,
compute,int_imul,0,8,5,3125000,95642516,200408386,200851140,210007757,2e+08,ops,
compute,int_imul,0,8,6,3125000,95638330,200399801,200842320,210015828,2e+08,ops,
compute,int_imul,0,10,0,2500000,95641664,200399145,200841480,208158149,2e+08,ops,
compute,int_imul,0,10,1,2500000,95633022,200389113,200831736,208134727,2e+08,ops,
compute,int_imul,0,10,2,2500000,95624046,200370671,200812332,208122820,2e+08,ops,
compute,int_imul,0,10,3,2500000,95620112,200361665,200804184,208109122,2e+08,ops,
compute,int_imul,0,10,4,2500000,95656758,200424094,200867268,208165009,2e+08,ops,
compute,int_imul,0,10,5,2500000,95631738,200386168,200828544,208139104,2e+08,ops,
compute,int_imul,0,10,6,2500000,95635282,200393342,200836356,208114755,2e+08,ops,
compute,int_imul,0,12,0,2083333,95626153,200373967,200816868,206877245,2e+08,ops,
compute,int_imul,0,12,1,2083333,95633931,200390619,200833248,206889461,2e+08,ops,
compute,int_imul,0,12,2,2083333,95619081,200359429,200801832,206847607,2e+08,ops,
compute,int_imul,0,12,3,2083333,95661175,200447914,200890536,206896651,2e+08,ops,
compute,int_imul,0,12,4,2083333,95645768,200415298,200858028,206893274,2e+08,ops,
compute,int_imul,0,12,5,2083333,95639205,200401245,200844084,206884458,2e+08,ops,
compute,int_imul,0,12,6,2083333,95623700,200369082,200811660,206881515,2e+08,ops,
compute,fp32_scalar_add,0,1,0,25000000,191270090,400762042,401647008,276279072,2e+08,ops,
compute,fp32_scalar_add,0,1,1,25000000,191246759,400734230,401620212,276220835,2e+08,ops,
compute,fp32_scalar_add,0,1,2,25000000,191289263,400808077,401693712,276302832,2e+08,ops,
compute,fp32_scalar_add,0,1,3,25000000,191272732,400778987,401665068,276251112,2e+08,ops,
compute,fp32_scalar_add,0,1,4,25000000,191262879,400768625,401654064,276267380,2e+08,ops,
compute,fp32_scalar_add,0,1,5,25000000,191266466,400745265,401631636,276268615,2e+08,ops,
compute,fp32_scalar_add,0,1,6,25000000,191256945,400748979,401634492,276248262,2e+08,ops,
compute,fp32_scalar_add,0,2,0,12500000,95616087,200353700,200795784,238095556,2e+08,ops,
compute,fp32_scalar_add,0,2,1,12500000,95649667,200374715,200817204,238123254,2e+08,ops,
compute,fp32_scalar_add,0,2,2,12500000,95628063,200378442,200820816,238118182,2e+08,ops,
compute,fp32_scalar_add,0,2,3,12500000,95636787,200388662,200831232,238128290,2e+08,ops,
compute,fp32_scalar_add,0,2,4,12500000,95624878,200372192,200814096,238115239,2e+08,ops,
compute,fp32_scalar_add,0,2,5,12500000,95630019,200382331,200825016,238127253,2e+08,ops,
compute,fp32_scalar_add,0,2,6,12500000,95630024,200383006,200825100,238111622,2e+08,ops,
compute,fp32_scalar_add,0,4,0,6250000,49570613,103856913,104086164,219089053,2e+08,ops,
compute,fp32_scalar_add,0,4,1,6250000,49699149,104140526,104370168,219082309,2e+08,ops,
compute,fp32_scalar_add,0,4,2,6250000,49778459,104306820,104536740,219083038,2e+08,ops,
compute,fp32_scalar_add,0,4,3,6250000,49636432,104009154,104238540,219099048,2e+08,ops,
compute,fp32_scalar_add,0,4,4,6250000,49847699,104451713,104682060,219072390,2e+08,ops,
compute,fp32_scalar_add,0,4,5,6250000,49553939,103836279,104065248,219063450,2e+08,ops,
compute,fp32_scalar_add,0,4,6,6250000,49554881,103838376,104067096,219065405,2e+08,ops,
compute,fp32_scalar_add,0,6,0,4166666,47831680,100227321,100448460,212804310,2e+08,ops,
compute,fp32_scalar_add,0,6,1,4166666,47822074,100207469,100428300,212788955,2e+08,ops,
compute,fp32_scalar_add,0,6,2,4166666,47836661,100237826,100458876,212817959,2e+08,ops,
compute,fp32_scalar_add,0,6,3,4166666,47823905,100211058,100432080,212793251,2e+08,ops,
compute,fp32_scalar_add,0,6,4,4166666,47851168,100233741,100454844,212816758,2e+08,ops,
compute,fp32_scalar_add,0,6,5,4166666,47844706,100254525,100475844,212804635,2e+08,ops,
compute,fp32_scalar_add,0,6,6,4166666,47840861,100236978,100458204,212801310,2e+08,ops,
compute,fp32_scalar_add,0,8,0,3125000,47825302,100213939,100435104,209707847,2e+08,ops,
compute,fp32_scalar_add,0,8,1,3125000,47810880,100183414,100404696,209672067,2e+08,ops,
compute,fp32_scalar_add,0,8,2,3125000,47818924,100200704,100421748,209706336,2e+08,ops,
compute,fp32_scalar_add,0,8,3,3125000,47807432,100176263,100397388,209670400,2e+08,ops,
compute,fp32_scalar_add,0,8,4,3125000,47830816,100225688,100446864,209704779,2e+08,ops,
compute,fp32_scalar_add,0,8,5,3125000,47810981,100183835,100404948,209671281,2e+08,ops,
compute,fp32_scalar_add,0,8,6,3125000,47837436,100224800,100445688,209718277,2e+08,ops,
compute,fp32_scalar_add,0,10,0,2500000,47816171,100194916,100415784,207817832,2e+08,ops,
compute,fp32_scalar_add,0,10,1,2500000,47821235,100205576,100426452,207829796,2e+08,ops,
compute,fp32_scalar_add,0,10,2,2500000,47816235,100183552,100404612,207802028,2e+08,ops,
compute,fp32_scalar_add,0,10,3,2500000,47818828,100200115,100421412,207824413,2e+08,ops,
compute,fp32_scalar_add,0,10,4,2500000,47815140,100192779,100413600,207816868,2e+08,ops,
compute,fp32_scalar_add,0,10,5,2500000,47813321,100188853,100409820,207816458,2e+08,ops,
compute,fp32_scalar_add,0,10,6,2500000,47827078,100184279,100405368,207805726,2e+08,ops,
compute,fp32_scalar_add,0,12,0,2083333,47811419,100184830,100405788,206554356,2e+08,ops,
compute,fp32_scalar_add,0,12,1,2083333,47821395,100205985,100426788,206574867,2e+08,ops,
compute,fp32_scalar_add,0,12,2,2083333,47820200,100181147,100402092,206557806,2e+08,ops,
compute,fp32_scalar_add,0,12,3,2083333,47807348,100176126,100397304,206546711,2e+08,ops,
compute,fp32_scalar_add,0,12,4,2083333,47839494,100243755,100464840,206602949,2e+08,ops,
compute,fp32_scalar_add,0,12,5,2083333,47809605,100180912,100401924,206552218,2e+08,ops,
compute,fp32_scalar_add,0,12,6,2083333,47823501,100201467,100422672,206576326,2e+08,ops,
compute,fp32_scalar_add,0,16,0,1562500,47816214,100195110,100416288,205007144,2e+08,ops,
compute,fp32_scalar_add,0,16,1,1562500,47811808,100186049,100406796,204993389,2e+08,ops,
compute,fp32_scalar_add,0,16,2,1562500,47807186,100175568,100396968,204983729,2e+08,ops,
compute,fp32_scalar_add,0,16,3,1562500,47809785,100181195,100402512,204983804,2e+08,ops,
compute,fp32_scalar_add,0,16,4,1562500,47813694,100189397,100410576,204993788,2e+08,ops,
compute,fp32_scalar_add,0,16,5,1562500,47811503,100185120,100406040,204990254,2e+08,ops,
compute,fp32_scalar_add,0,16,6,1562500,47827809,100205397,100426116,205006541,2e+08,ops,
compute,fp32_scalar_mul,0,1,0,25000000,382522194,801525997,803298972,277481170,2e+08,ops,
compute,fp32_scalar_mul,0,1,1,25000000,382588999,801613736,803385324,277543224,2e+08,ops,
compute,fp32_scalar_mul,0,1,2,25000000,382562015,801577736,803350548,277543501,2e+08,ops,
compute,fp32_scalar_mul,0,1,3,25000000,382544855,801549453,803322324,277505394,2e+08,ops,
compute,fp32_scalar_mul,0,1,4,25000000,382507839,801487859,803260332,277465789,2e+08,ops,
compute,fp32_scalar_mul,0,1,5,25000000,382586815,801641727,803414304,277522908,2e+08,ops,
compute,fp32_scalar_mul,0,1,6,25000000,382521229,801515693,803288136,277505569,2e+08,ops,
compute,fp32_scalar_mul,0,2,0,12500000,191231746,400703022,401588712,238701836,2e+08,ops,
compute,fp32_scalar_mul,0,2,1,12500000,191264474,400754825,401641296,238725235,2e+08,ops,
compute,fp32_scalar_mul,0,2,2,12500000,191286374,400817294,401703372,238755354,2e+08,ops,
compute,fp32_scalar_mul,0,2,3,12500000,191280381,400787303,401674224,238771117,2e+08,ops,
compute,fp32_scalar_mul,0,2,4,12500000,191248814,400728495,401614836,238735697,2e+08,ops,
compute,fp32_scalar_mul,0,2,5,12500000,191263208,400768722,401654568,238741632,2e+08,ops,
compute,fp32_scalar_mul,0,2,6,12500000,191261431,400741371,401627688,238734568,2e+08,ops,
compute,fp32_scalar_mul,0,4,0,6250000,95619715,200361211,200803344,219351086,2e+08,ops,
compute,fp32_scalar_mul,0,4,1,6250000,95616118,200352717,200795700,219357241,2e+08,ops,
compute,fp32_scalar_mul,0,4,2,6250000,95623246,200368178,200810904,219375843,2e+08,ops,
compute,fp32_scalar_mul,0,4,3,6250000,95627059,200360131,200803176,219362974,2e+08,ops,
compute,fp32_scalar_mul,0,4,4,6250000,95617249,200355460,200798052,219346830,2e+08,ops,
compute,fp32_scalar_mul,0,4,5,6250000,95639763,200394593,200837448,219382202,2e+08,ops,
compute,fp32_scalar_mul,0,4,6,6250000,95615162,200351192,200793684,219356800,2e+08,ops,
compute,fp32_scalar_mul,0,6,0,4166666,63747073,133575848,133870800,212901312,2e+08,ops,
compute,fp32_scalar_mul,0,6,1,4166666,63750113,133582187,133877184,212916849,2e+08,ops,
compute,fp32_scalar_mul,0,6,2,4166666,63749320,133580757,133875588,212908576,2e+08,ops,
compute,fp32_scalar_mul,0,6,3,4166666,63756764,133580943,133875924,212901589,2e+08,ops,
compute,fp32_scalar_mul,0,6,4,4166666,63749058,133565163,133860216,212902691,2e+08,ops,
compute,fp32_scalar_mul,0,6,5,4166666,63744277,133569959,133864836,212893391,2e+08,ops,
compute,fp32_scalar_mul,0,6,6,4166666,63753576,133589516,133884660,212918070,2e+08,ops,
compute,fp32_scalar_mul,0,8,0,3125000,49080937,102844994,103072032,209697786,2e+08,ops,
compute,fp32_scalar_mul,0,8,1,3125000,48944416,102559210,102785088,209680537,2e+08,ops,
compute,fp32_scalar_mul,0,8,2,3125000,49232021,103161371,103389132,209687225,2e+08,ops,
compute,fp32_scalar_mul,0,8,3,3125000,49104294,102893711,103120836,209694022,2e+08,ops,
compute,fp32_scalar_mul,0,8,4,3125000,49108300,102902284,103129236,209689692,2e+08,ops,
compute,fp32_scalar_mul,0,8,5,3125000,49089375,102840071,103067076,209685104,2e+08,ops,
compute,fp32_scalar_mul,0,8,6,3125000,48987263,102648531,102875220,209699316,2e+08,ops,
compute,fp32_scalar_mul,0,10,0,2500000,47824715,100212308,100433844,207808075,2e+08,ops,
compute,fp32_scalar_mul,0,10,1,2500000,47836798,100238172,100459212,207822909,2e+08,ops,
compute,fp32_scalar_mul,0,10,2,2500000,47818599,100199769,100420824,207809882,2e+08,ops,
compute,fp32_scalar_mul,0,10,3,2500000,47813827,100189736,100410828,207813277,2e+08,ops,
compute,fp32_scalar_mul,0,10,4,2500000,47833889,100231926,100452996,207810608,2e+08,ops,
compute,fp32_scalar_mul,0,10,5,2500000,47819299,100201120,100422420,207808526,2e+08,ops,
compute,fp32_scalar_mul,0,10,6,2500000,47820194,100203276,100424268,207823021,2e+08,ops,
compute,fp32_scalar_mul,0,12,0,2083333,47821232,100205519,100426452,206576479,2e+08,ops,
compute,fp32_scalar_mul,0,12,1,2083333,47826143,100200616,100421748,206573936,2e+08,ops,
compute,fp32_scalar_mul,0,12,2,2083333,47810119,100181677,100402932,206547568,2e+08,ops,
compute,fp32_scalar_mul,0,12,3,2083333,47807300,100176138,100397136,206558884,2e+08,ops,
compute,fp32_scalar_mul,0,12,4,2083333,47815364,100193326,100414356,206549330,2e+08,ops,
compute,fp32_scalar_mul,0,12,5,2083333,47823596,100210524,100431576,206577032,2e+08,ops,
compute,fp32_scalar_mul,0,12,6,2083333,47808694,100178948,100399992,206545179,2e+08,ops,
compute,fp32_scalar_mul,0,16,0,1562500,47810685,100183039,100404444,204997140,2e+08,ops,
compute,fp32_scalar_mul,0,16,1,1562500,47810781,100183415,100404528,204995804,2e+08,ops,
compute,fp32_scalar_mul,0,16,2,1562500,47811831,100186248,100406712,204997350,2e+08,ops,
compute,fp32_scalar_mul,0,16,3,1562500,47811831,100185736,100406712,204996323,2e+08,ops,
compute,fp32_scalar_mul,0,16,4,1562500,47810587,100182805,100404192,204992590,2e+08,ops,
compute,fp32_scalar_mul,0,16,5,1562500,47805956,100173427,100394364,204976556,2e+08,ops,
compute,fp32_scalar_mul,0,16,6,1562500,47821593,100206496,100427208,205009000,2e+08,ops,
compute,fp32_scalar_fma,0,1,0,25000000,382492683,801449873,803222616,277460746,2e+08,ops,
compute,fp32_scalar_fma,0,1,1,25000000,382493377,801465978,803238408,277497873,2e+08,ops,
compute,fp32_scalar_fma,0,1,2,25000000,382479565,801413100,803185824,277412680,2e+08,ops,
compute,fp32_scalar_fma,0,1,3,25000000,382510641,801479562,803252100,277477191,2e+08,ops,
compute,fp32_scalar_fma,0,1,4,25000000,382485728,801433193,803206908,277456753,2e+08,ops,
compute,fp32_scalar_fma,0,1,5,25000000,382471604,801400623,803173392,277407945,2e+08,ops,
compute,fp32_scalar_fma,0,1,6,25000000,382501793,801453306,803226060,277466790,2e+08,ops,
compute,fp32_scalar_fma,0,2,0,12500000,191255766,400713056,401599044,238727415,2e+08,ops,
compute,fp32_scalar_fma,0,2,1,12500000,191231236,400693327,401578800,238705429,2e+08,ops,
compute,fp32_scalar_fma,0,2,2,12500000,191221585,400681099,401567460,238694148,2e+08,ops,
compute,fp32_scalar_fma,0,2,3,12500000,216379573,453381623,454384476,238885314,2e+08,ops,
compute,fp32_scalar_fma,0,2,4,12500000,191268094,400778882,401665152,238745676,2e+08,ops,
compute,fp32_scalar_fma,0,2,5,12500000,191276495,400795729,401682792,238769070,2e+08,ops,
compute,fp32_scalar_fma,0,2,6,12500000,191257169,400748069,401633904,238718033,2e+08,ops,
compute,fp32_scalar_fma,0,4,0,6250000,95633538,200363950,200806200,219361011,2e+08,ops,
compute,fp32_scalar_fma,0,4,1,6250000,95637698,200398406,200841228,219377086,2e+08,ops,
compute,fp32_scalar_fma,0,4,2,6250000,95623255,200368110,200810736,219373274,2e+08,ops,
compute,fp32_scalar_fma,0,4,3,6250000,118498819,248285194,248834292,219516431,2e+08,ops,
compute,fp32_scalar_fma,0,4,4,6250000,95623852,200368820,200811912,219360828,2e+08,ops,
compute,fp32_scalar_fma,0,4,5,6250000,95618912,200358810,200801496,219346040,2e+08,ops,
compute,fp32_scalar_fma,0,4,6,6250000,95683834,200495264,200937828,219426627,2e+08,ops,
compute,fp32_scalar_fma,0,6,0,4166666,63765053,133613742,133908516,212923406,2e+08,ops,
compute,fp32_scalar_fma,0,6,1,4166666,63779720,133629243,133924056,212930096,2e+08,ops,
compute,fp32_scalar_fma,0,6,2,4166666,63757113,133597358,133891884,212927580,2e+08,ops,
compute,fp32_scalar_fma,0,6,3,4166666,63743391,133568066,133862820,212899038,2e+08,ops,
compute,fp32_scalar_fma,0,6,4,4166666,63747753,133577153,133872144,212912459,2e+08,ops,
compute,fp32_scalar_fma,0,6,5,4166666,63753399,133589283,133883904,212924214,2e+08,ops,
compute,fp32_scalar_fma,0,6,6,4166666,63755750,133580483,133875000,212913540,2e+08,ops,
compute,fp32_scalar_fma,0,8,0,3125000,48751317,102154820,102379788,209685331,2e+08,ops,
compute,fp32_scalar_fma,0,8,1,3125000,48601265,101839984,102064536,209682719,2e+08,ops,
compute,fp32_scalar_fma,0,8,2,3125000,48630978,101886733,102111744,209695678,2e+08,ops,
compute,fp32_scalar_fma,0,8,3,3125000,48622606,101884544,102109224,209676365,2e+08,ops,
compute,fp32_scalar_fma,0,8,4,3125000,48558661,101743007,101967348,209707996,2e+08,ops,
compute,fp32_scalar_fma,0,8,5,3125000,48736152,102122539,102347700,209676518,2e+08,ops,
compute,fp32_scalar_fma,0,8,6,3125000,48624763,101888866,102113928,209674617,2e+08,ops,
compute,fp32_scalar_fma,0,10,0,2500000,47843065,100251051,100472316,207810113,2e+08,ops,
compute,fp32_scalar_fma,0,10,1,2500000,47838593,100241923,100462992,207813094,2e+08,ops,
compute,fp32_scalar_fma,0,10,2,2500000,47860890,100288325,100509612,207823971,2e+08,ops,
compute,fp32_scalar_fma,0,10,3,2500000,47845101,100255669,100476600,207809063,2e+08,ops,
compute,fp32_scalar_fma,0,10,4,2500000,47871648,100282697,100503732,207816042,2e+08,ops,
compute,fp32_scalar_fma,0,10,5,2500000,47865935,100282844,100503816,207836866,2e+08,ops,
compute,fp32_scalar_fma,0,10,6,2500000,47839905,100244650,100465512,207816224,2e+08,ops,
compute,fp32_scalar_fma,0,12,0,2083333,47816843,100196047,100417212,206564544,2e+08,ops,
compute,fp32_scalar_fma,0,12,1,2083333,47814141,100190189,100411416,206565711,2e+08,ops,
compute,fp32_scalar_fma,0,12,2,2083333,47828285,100210872,100432080,206584044,2e+08,ops,
compute,fp32_scalar_fma,0,12,3,2083333,47811212,100184598,100405452,206552157,2e+08,ops,
compute,fp32_scalar_fma,0,12,4,2083333,47813664,100190011,100410660,206556050,2e+08,ops,
compute,fp32_scalar_fma,0,12,5,2083333,47806433,100174336,100395372,206541825,2e+08,ops,
compute,fp32_scalar_fma,0,12,6,2083333,47809671,100181021,100402092,206549449,2e+08,ops,
compute,fp32_scalar_fma,0,16,0,1562500,47804354,100170280,100390920,204978594,2e+08,ops,
compute,fp32_scalar_fma,0,16,1,1562500,47807947,100177750,100398564,204988151,2e+08,ops,
compute,fp32_scalar_fma,0,16,2,1562500,47829920,100209284,100430568,205006258,2e+08,ops,
compute,fp32_scalar_fma,0,16,3,1562500,47807846,100177527,100398228,204990282,2e+08,ops,
compute,fp32_scalar_fma,0,16,4,1562500,47822796,100194230,100415448,205001679,2e+08,ops,
compute,fp32_scalar_fma,0,16,5,1562500,47804054,100169259,100390332,204973262,2e+08,ops,
compute,fp32_scalar_fma,0,16,6,1562500,47812891,100187934,100408980,204992864,2e+08,ops,
compute,fp32_sse_fma,0,1,0,25000000,382572005,801584010,803357352,277568501,2e+08,ops,
compute,fp32_sse_fma,0,1,1,25000000,382499400,801463490,803236560,277484152,2e+08,ops,
compute,fp32_sse_fma,0,1,2,25000000,382476412,801429536,803202456,277406628,2e+08,ops,
compute,fp32_sse_fma,0,1,3,25000000,382508141,801485937,803259576,277454565,2e+08,ops,
compute,fp32_sse_fma,0,1,4,25000000,382503731,801472984,803246052,277438130,2e+08,ops,
compute,fp32_sse_fma,0,1,5,25000000,382497048,801457378,803231016,277447425,2e+08,ops,
compute,fp32_sse_fma,0,1,6,25000000,382542043,801544657,803317956,277465850,2e+08,ops,
compute,fp32_sse_fma,0,2,0,12500000,227452187,476574029,477628536,238978618,2e+08,ops,
compute,fp32_sse_fma,0,2,1,12500000,191240942,400722043,401608200,238710389,2e+08,ops,
compute,fp32_sse_fma,0,2,2,12500000,191248308,400721305,401607780,238726736,2e+08,ops,
compute,fp32_sse_fma,0,2,3,12500000,191243968,400720475,401606688,238717499,2e+08,ops,
compute,fp32_sse_fma,0,2,4,12500000,191260942,400763631,401649948,238727361,2e+08,ops,
compute,fp32_sse_fma,0,2,5,12500000,225572398,472621869,473667348,238946577,2e+08,ops,
compute,fp32_sse_fma,0,2,6,12500000,191250882,400742855,401629032,238746713,2e+08,ops,
compute,fp32_sse_fma,0,4,0,6250000,95640772,200376586,200819136,219374873,2e+08,ops,
compute,fp32_sse_fma,0,4,1,6250000,95610125,200339954,200783268,219341742,2e+08,ops,
compute,fp32_sse_fma,0,4,2,6250000,95621747,200364519,200807628,219363105,2e+08,ops,
compute,fp32_sse_fma,0,4,3,6250000,95618720,200358520,200801160,219361464,2e+08,ops,
compute,fp32_sse_fma,0,4,4,6250000,95614967,200350886,200793264,219338740,2e+08,ops,
compute,fp32_sse_fma,0,4,5,6250000,95611763,200343509,200786628,219338801,2e+08,ops,
compute,fp32_sse_fma,0,4,6,6250000,106091008,222287574,222778584,219418689,2e+08,ops,
compute,fp32_sse_fma,0,6,0,4166666,63760730,133604675,133899444,212927846,2e+08,ops,
compute,fp32_sse_fma,0,6,1,4166666,63747007,133576088,133870632,212911104,2e+08,ops,
compute,fp32_sse_fma,0,6,2,4166666,63749933,133582377,133877100,212913604,2e+08,ops,
compute,fp32_sse_fma,0,6,3,4166666,63751357,133585264,133879704,212918950,2e+08,ops,
compute,fp32_sse_fma,0,6,4,4166666,63744423,133570947,133865424,212903715,2e+08,ops,
compute,fp32_sse_fma,0,6,5,4166666,63749442,133580830,133875756,212906695,2e+08,ops,
compute,fp32_sse_fma,0,6,6,4166666,63755075,133592457,133887516,212918234,2e+08,ops,
compute,fp32_sse_fma,0,8,0,3125000,48469492,101564014,101787840,209669886,2e+08,ops,
compute,fp32_sse_fma,0,8,1,3125000,48626209,101892565,102116952,209685973,2e+08,ops,
compute,fp32_sse_fma,0,8,2,3125000,48201001,101001658,101224368,209674276,2e+08,ops,
compute,fp32_sse_fma,0,8,3,3125000,48775786,102196224,102421284,209699165,2e+08,ops,
compute,fp32_sse_fma,0,8,4,3125000,48428187,101477355,101700984,209688670,2e+08,ops,
compute,fp32_sse_fma,0,8,5,3125000,48731616,102112991,102338292,209690628,2e+08,ops,
compute,fp32_sse_fma,0,8,6,3125000,48323381,101257615,101480904,209673551,2e+08,ops,
compute,fp32_sse_fma,0,10,0,2500000,47841199,100247600,100468368,207804487,2e+08,ops,
compute,fp32_sse_fma,0,10,1,2500000,47840630,100245915,100467192,207801294,2e+08,ops,
compute,fp32_sse_fma,0,10,2,2500000,47861197,100289203,100510284,207806519,2e+08,ops,
compute,fp32_sse_fma,0,10,3,2500000,47840355,100231450,100452072,207798843,2e+08,ops,
compute,fp32_sse_fma,0,10,4,2500000,47891172,100352017,100573368,207818084,2e+08,ops,
compute,fp32_sse_fma,0,10,5,2500000,47867713,100302804,100524060,207829831,2e+08,ops,
compute,fp32_sse_fma,0,10,6,2500000,47852079,100270462,100491384,207827389,2e+08,ops,
compute,fp32_sse_fma,0,12,0,2083333,47812484,100187496,100408056,206552706,2e+08,ops,
compute,fp32_sse_fma,0,12,1,2083333,47826319,100216386,100437120,206583958,2e+08,ops,
compute,fp32_sse_fma,0,12,2,2083333,47808731,100179353,100400076,206547819,2e+08,ops,
compute,fp32_sse_fma,0,12,3,2083333,47814321,100190993,100412004,206565987,2e+08,ops,
compute,fp32_sse_fma,0,12,4,2083333,47809024,100180216,100400664,206550919,2e+08,ops,
compute,fp32_sse_fma,0,12,5,2083333,47819993,100202699,100423764,206568020,2e+08,ops,
compute,fp32_sse_fma,0,12,6,2083333,47816833,100196207,100417212,206555190,2e+08,ops,
compute,fp32_sse_fma,0,16,0,1562500,47811998,100185814,100407132,204993059,2e+08,ops,
compute,fp32_sse_fma,0,16,1,1562500,47826344,100198210,100419396,205000314,2e+08,ops,
compute,fp32_sse_fma,0,16,2,1562500,47814391,100191294,100412088,205004933,2e+08,ops,
compute,fp32_sse_fma,0,16,3,1562500,47812682,100187417,100408476,204997668,2e+08,ops,
compute,fp32_sse_fma,0,16,4,1562500,47812364,100186634,100407720,204997807,2e+08,ops,
compute,fp32_sse_fma,0,16,5,1562500,47806599,100174852,100395708,204991317,2e+08,ops,
compute,fp32_sse_fma,0,16,6,1562500,47807191,100175872,100396968,204986373,2e+08,ops,
compute,fp32_avx2_fma,0,1,0,25000000,382509738,801478902,803250924,277464699,2e+08,ops,
compute,fp32_avx2_fma,0,1,1,25000000,382522407,801503286,803275620,277498440,2e+08,ops,
compute,fp32_avx2_fma,0,1,2,25000000,382540796,801552120,803324004,277479139,2e+08,ops,
compute,fp32_avx2_fma,0,1,3,25000000,382524764,801516625,803289144,277463311,2e+08,ops,
compute,fp32_avx2_fma,0,1,4,25000000,382546132,801545859,803317704,277508194,2e+08,ops,
compute,fp32_avx2_fma,0,1,5,25000000,382490352,801444545,803216652,277437479,2e+08,ops,
compute,fp32_avx2_fma,0,1,6,25000000,382508651,801499192,803270160,277471652,2e+08,ops,
compute,fp32_avx2_fma,0,2,0,12500000,191251302,400735571,401621472,238742195,2e+08,ops,
compute,fp32_avx2_fma,0,2,1,12500000,191237602,400715434,401600976,238701525,2e+08,ops,
compute,fp32_avx2_fma,0,2,2,12500000,191257351,400742221,401627436,238716424,2e+08,ops,
compute,fp32_avx2_fma,0,2,3,12500000,191283645,400811734,401697744,238731399,2e+08,ops,
compute,fp32_avx2_fma,0,2,4,12500000,191285425,400792898,401679012,238758088,2e+08,ops,
compute,fp32_avx2_fma,0,2,5,12500000,191272048,400778315,401663892,238758685,2e+08,ops,
compute,fp32_avx2_fma,0,2,6,12500000,191264300,400771665,401657256,238758523,2e+08,ops,
compute,fp32_avx2_fma,0,4,0,6250000,107569392,225372168,225869700,219439159,2e+08,ops,
compute,fp32_avx2_fma,0,4,1,6250000,95619792,200361143,200803596,219347531,2e+08,ops,
compute,fp32_avx2_fma,0,4,2,6250000,95631316,200385571,200827788,219359652,2e+08,ops,
compute,fp32_avx2_fma,0,4,3,6250000,95623253,200368281,200810736,219354976,2e+08,ops,
compute,fp32_avx2_fma,0,4,4,6250000,95624456,200371112,200813340,219352524,2e+08,ops,
compute,fp32_avx2_fma,0,4,5,6250000,95635453,200378288,200821068,219358197,2e+08,ops,
compute,fp32_avx2_fma,0,4,6,6250000,95644334,200404061,200846856,219378932,2e+08,ops,
compute,fp32_avx2_fma,0,6,0,4166666,63752685,133587711,133882560,212896839,2e+08,ops,
compute,fp32_avx2_fma,0,6,1,4166666,63751330,133585116,133879788,212906640,2e+08,ops,
compute,fp32_avx2_fma,0,6,2,4166666,63786899,133659500,133954380,212935046,2e+08,ops,
compute,fp32_avx2_fma,0,6,3,4166666,63763156,133610325,133904484,212926289,2e+08,ops,
compute,fp32_avx2_fma,0,6,4,4166666,63749302,133580466,133875420,212902419,2e+08,ops,
compute,fp32_avx2_fma,0,6,5,4166666,63765291,133600608,133895160,212921893,2e+08,ops,
compute,fp32_avx2_fma,0,6,6,4166666,63770515,133611059,133905744,212917324,2e+08,ops,
compute,fp32_avx2_fma,0,8,0,3125000,48339496,101292081,101514840,209669893,2e+08,ops,
compute,fp32_avx2_fma,0,8,1,3125000,48607398,101853007,102077388,209691153,2e+08,ops,
compute,fp32_avx2_fma,0,8,2,3125000,48072496,100731791,100954140,209670910,2e+08,ops,
compute,fp32_avx2_fma,0,8,3,3125000,48288065,101184070,101406900,209692593,2e+08,ops,
compute,fp32_avx2_fma,0,8,4,3125000,48040797,100665827,100887612,209677582,2e+08,ops,
compute,fp32_avx2_fma,0,8,5,3125000,48390703,101399179,101622444,209688817,2e+08,ops,
compute,fp32_avx2_fma,0,8,6,3125000,48409014,101437488,101660664,209685744,2e+08,ops,
compute,fp32_avx2_fma,0,10,0,2500000,47831418,100212844,100433592,207810895,2e+08,ops,
compute,fp32_avx2_fma,0,10,1,2500000,47849364,100251109,100472148,207804286,2e+08,ops,
compute,fp32_avx2_fma,0,10,2,2500000,47865304,100297750,100518936,207798978,2e+08,ops,
compute,fp32_avx2_fma,0,10,3,2500000,47852376,100270840,100491888,207809353,2e+08,ops,
compute,fp32_avx2_fma,0,10,4,2500000,47842750,100242909,100463832,207814487,2e+08,ops,
compute,fp32_avx2_fma,0,10,5,2500000,47843452,100252372,100473156,207806347,2e+08,ops,
compute,fp32_avx2_fma,0,10,6,2500000,47842965,100251004,100472148,207798960,2e+08,ops,
compute,fp32_avx2_fma,0,12,0,2083333,47855503,100277643,100498608,206575328,2e+08,ops,
compute,fp32_avx2_fma,0,12,1,2083333,47820710,100204474,100425360,206560126,2e+08,ops,
compute,fp32_avx2_fma,0,12,2,2083333,47846740,100259490,100480128,206583356,2e+08,ops,
compute,fp32_avx2_fma,0,12,3,2083333,47846992,100259497,100480716,206558253,2e+08,ops,
compute,fp32_avx2_fma,0,12,4,2083333,47839055,100228673,100449720,206573810,2e+08,ops,
compute,fp32_avx2_fma,0,12,5,2083333,47816071,100194949,100415616,206563931,2e+08,ops,
compute,fp32_avx2_fma,0,12,6,2083333,47819901,100202742,100423596,206561095,2e+08,ops,
compute,fp32_avx2_fma,0,16,0,1562500,47809056,100179766,100400916,204988033,2e+08,ops,
compute,fp32_avx2_fma,0,16,1,1562500,47830176,100224445,100445436,205001138,2e+08,ops,
compute,fp32_avx2_fma,0,16,2,1562500,47813840,100190664,100411164,204988905,2e+08,ops,
compute,fp32_avx2_fma,0,16,3,1562500,47820745,100204808,100425528,205000335,2e+08,ops,
compute,fp32_avx2_fma,0,16,4,1562500,47816871,100196457,100417212,204985553,2e+08,ops,
compute,fp32_avx2_fma,0,16,5,1562500,47810719,100183727,100404360,204986206,2e+08,ops,
compute,fp32_avx2_fma,0,16,6,1562500,47818621,100200195,100420992,204996808,2e+08,ops,
compute,fp32_avx512_add,0,1,0,25000000,326871594,684909010,686423052,277051447,2e+08,ops,
compute,fp32_avx512_add,0,1,1,25000000,326737201,684622472,686135268,277112983,2e+08,ops,
compute,fp32_avx512_add,0,1,2,25000000,326598891,684346758,685859748,277052213,2e+08,ops,
compute,fp32_avx512_add,0,1,3,25000000,326806421,684772938,686287224,277056409,2e+08,ops,
compute,fp32_avx512_add,0,1,4,25000000,327176137,685534346,687049272,277112844,2e+08,ops,
compute,fp32_avx512_add,0,1,5,25000000,327063592,685321097,686836080,277136853,2e+08,ops,
compute,fp32_avx512_add,0,1,6,25000000,327195372,685573746,687089172,277114255,2e+08,ops,
compute,fp32_avx512_add,0,2,0,12500000,151936317,318364607,319068288,238490312,2e+08,ops,
compute,fp32_avx512_add,0,2,1,12500000,151839687,318147833,318850392,238470608,2e+08,ops,
compute,fp32_avx512_add,0,2,2,12500000,151857124,318183238,318886596,238450750,2e+08,ops,
compute,fp32_avx512_add,0,2,3,12500000,151990669,318478678,319182360,238510564,2e+08,ops,
compute,fp32_avx512_add,0,2,4,12500000,151947464,318364120,319067112,238487880,2e+08,ops,
compute,fp32_avx512_add,0,2,5,12500000,151462493,317363006,318063900,238471598,2e+08,ops,
compute,fp32_avx512_add,0,2,6,12500000,151530853,317515971,318216864,238433180,2e+08,ops,
compute,fp32_avx512_add,0,4,0,6250000,80830867,169364235,169737960,219266172,2e+08,ops,
compute,fp32_avx512_add,0,4,1,6250000,80864457,169428189,169801968,219285502,2e+08,ops,
compute,fp32_avx512_add,0,4,2,6250000,80823894,169358661,169732080,219269254,2e+08,ops,
compute,fp32_avx512_add,0,4,3,6250000,80876562,169468937,169842624,219264869,2e+08,ops,
compute,fp32_avx512_add,0,4,4,6250000,80839690,169391479,169765344,219253722,2e+08,ops,
compute,fp32_avx512_add,0,4,5,6250000,80873895,169462949,169837248,219286465,2e+08,ops,
compute,fp32_avx512_add,0,4,6,6250000,80920182,169560185,169934268,219297822,2e+08,ops,
compute,fp32_avx512_add,0,6,0,4166666,62716788,131417042,131707044,212910931,2e+08,ops,
compute,fp32_avx512_add,0,6,1,4166666,62707027,131396903,131686716,212892553,2e+08,ops,
compute,fp32_avx512_add,0,6,2,4166666,62675931,131332034,131621280,212906865,2e+08,ops,
compute,fp32_avx512_add,0,6,3,4166666,62699807,131372959,131662776,212914379,2e+08,ops,
compute,fp32_avx512_add,0,6,4,4166666,62730246,131445179,131735352,212895901,2e+08,ops,
compute,fp32_avx512_add,0,6,5,4166666,62706092,131395095,131684952,212914185,2e+08,ops,
compute,fp32_avx512_add,0,6,6,4166666,62737773,131461071,131751144,212904804,2e+08,ops,
compute,fp32_avx512_add,0,8,0,3125000,47949476,100474532,100695840,209709392,2e+08,ops,
compute,fp32_avx512_add,0,8,1,3125000,48063774,100713806,100935744,209695474,2e+08,ops,
compute,fp32_avx512_add,0,8,2,3125000,47933260,100425873,100647372,209699466,2e+08,ops,
compute,fp32_avx512_add,0,8,3,3125000,47892585,100354925,100576224,209689288,2e+08,ops,
compute,fp32_avx512_add,0,8,4,3125000,47935394,100444505,100666188,209680892,2e+08,ops,
compute,fp32_avx512_add,0,8,5,3125000,48012859,100607181,100828812,209676444,2e+08,ops,
compute,fp32_avx512_add,0,8,6,3125000,47909166,100389696,100611084,209684993,2e+08,ops,
compute,fp32_avx512_add,0,10,0,2500000,47859933,100287003,100507764,207824615,2e+08,ops,
compute,fp32_avx512_add,0,10,1,2500000,47843208,100251645,100472568,207815439,2e+08,ops,
compute,fp32_avx512_add,0,10,2,2500000,47844637,100254604,100475508,207800066,2e+08,ops,
compute,fp32_avx512_add,0,10,3,2500000,47834169,100232891,100453668,207806742,2e+08,ops,
compute,fp32_avx512_add,0,10,4,2500000,47844041,100253544,100474248,207806556,2e+08,ops,
compute,fp32_avx512_add,0,10,5,2500000,47866103,100276871,100498020,207821127,2e+08,ops,
compute,fp32_avx512_add,0,10,6,2500000,47927308,100428147,100649220,207826184,2e+08,ops,
compute,fp32_avx512_add,0,12,0,2083333,47864624,100296743,100517676,206565584,2e+08,ops,
compute,fp32_avx512_add,0,12,1,2083333,47839823,100244596,100465512,206554363,2e+08,ops,
compute,fp32_avx512_add,0,12,2,2083333,47849357,100256514,100477692,206571778,2e+08,ops,
compute,fp32_avx512_add,0,12,3,2083333,47840004,100244598,100465848,206566494,2e+08,ops,
compute,fp32_avx512_add,0,12,4,2083333,47846004,100257608,100478532,206557527,2e+08,ops,
compute,fp32_avx512_add,0,12,5,2083333,47842629,100250583,100471476,206553596,2e+08,ops,
compute,fp32_avx512_add,0,12,6,2083333,47846160,100257919,100478868,206563608,2e+08,ops,
compute,fp32_avx512_add,0,16,0,1562500,47852121,100270367,100491300,205008486,2e+08,ops,
compute,fp32_avx512_add,0,16,1,1562500,47849374,100264383,100485588,205000155,2e+08,ops,
compute,fp32_avx512_add,0,16,2,1562500,47854735,100260736,100481892,205006316,2e+08,ops,
compute,fp32_avx512_add,0,16,3,1562500,47852823,100264566,100485504,205016503,2e+08,ops,
compute,fp32_avx512_add,0,16,4,1562500,47846156,100258048,100478700,204998374,2e+08,ops,
compute,fp32_avx512_add,0,16,5,1562500,47836753,100238159,100459128,205005251,2e+08,ops,
compute,fp32_avx512_add,0,16,6,1562500,47873720,100315597,100536744,204987364,2e+08,ops,
compute,fp32_avx512_mul,0,1,0,25000000,382576955,801600602,803371968,277484134,2e+08,ops,
compute,fp32_avx512_mul,0,1,1,25000000,382536465,801541502,803313672,277455533,2e+08,ops,
compute,fp32_avx512_mul,0,1,2,25000000,382549089,801569324,803340804,277418125,2e+08,ops,
compute,fp32_avx512_mul,0,1,3,25000000,382583972,801604802,803377344,277510233,2e+08,ops,
compute,fp32_avx512_mul,0,1,4,25000000,382525072,801518927,803290152,277472913,2e+08,ops,
compute,fp32_avx512_mul,0,1,5,25000000,382558525,801602535,803375076,277448060,2e+08,ops,
compute,fp32_avx512_mul,0,1,6,25000000,382577449,801631680,803405064,277523482,2e+08,ops,
compute,fp32_avx512_mul,0,2,0,12500000,191284210,400797200,401683884,238747269,2e+08,ops,
compute,fp32_avx512_mul,0,2,1,12500000,191267006,400775733,401662632,238724918,2e+08,ops,
compute,fp32_avx512_mul,0,2,2,12500000,191270464,400784475,401669940,238712359,2e+08,ops,
compute,fp32_avx512_mul,0,2,3,12500000,191266025,400766974,401652636,238730828,2e+08,ops,
compute,fp32_avx512_mul,0,2,4,12500000,191332353,400913521,401800056,238769527,2e+08,ops,
compute,fp32_avx512_mul,0,2,5,12500000,191337869,400901859,401788380,238764593,2e+08,ops,
compute,fp32_avx512_mul,0,2,6,12500000,191258452,400758832,401644656,238721667,2e+08,ops,
compute,fp32_avx512_mul,0,4,0,6250000,95639263,200401334,200844336,219350565,2e+08,ops,
compute,fp32_avx512_mul,0,4,1,6250000,95651384,200411877,200854416,219348223,2e+08,ops,
compute,fp32_avx512_mul,0,4,2,6250000,95657289,200439397,200882136,219363071,2e+08,ops,
compute,fp32_avx512_mul,0,4,3,6250000,95653193,200422132,200864496,219352338,2e+08,ops,
compute,fp32_avx512_mul,0,4,4,6250000,95655881,200437220,200879196,219369725,2e+08,ops,
compute,fp32_avx512_mul,0,4,5,6250000,95648691,200422038,200863992,219355308,2e+08,ops,
compute,fp32_avx512_mul,0,4,6,6250000,95675339,200477737,200920440,219378091,2e+08,ops,
compute,fp32_avx512_mul,0,6,0,4166666,63823844,133722771,134017884,212913995,2e+08,ops,
compute,fp32_avx512_mul,0,6,1,4166666,63848302,133772279,134068032,212931459,2e+08,ops,
compute,fp32_avx512_mul,0,6,2,4166666,63809118,133706321,134001504,212916950,2e+08,ops,
compute,fp32_avx512_mul,0,6,3,4166666,63846833,133785197,134080296,212918904,2e+08,ops,
compute,fp32_avx512_mul,0,6,4,4166666,63808118,133704188,133999068,212919685,2e+08,ops,
compute,fp32_avx512_mul,0,6,5,4166666,63794490,133675262,133970172,212905871,2e+08,ops,
compute,fp32_avx512_mul,0,6,6,4166666,63815732,133719857,134014776,212918477,2e+08,ops,
compute,fp32_avx512_mul,0,8,0,3125000,48414882,101423668,101647560,209694493,2e+08,ops,
compute,fp32_avx512_mul,0,8,1,3125000,48270566,101147002,101370108,209672524,2e+08,ops,
compute,fp32_avx512_mul,0,8,2,3125000,48235231,101073206,101295768,209700891,2e+08,ops,
compute,fp32_avx512_mul,0,8,3,3125000,48281391,101162035,101385060,209679351,2e+08,ops,
compute,fp32_avx512_mul,0,8,4,3125000,48561718,101757233,101981628,209685366,2e+08,ops,
compute,fp32_avx512_mul,0,8,5,3125000,48348255,101310126,101533404,209683800,2e+08,ops,
compute,fp32_avx512_mul,0,8,6,3125000,48222213,101045630,101268636,209678247,2e+08,ops,
compute,fp32_avx512_mul,0,10,0,2500000,47918260,100408998,100630236,207794553,2e+08,ops,
compute,fp32_avx512_mul,0,10,1,2500000,47921493,100415729,100636956,207798652,2e+08,ops,
compute,fp32_avx512_mul,0,10,2,2500000,47923541,100420108,100641240,207803577,2e+08,ops,
compute,fp32_avx512_mul,0,10,3,2500000,47928143,100429564,100650984,207811976,2e+08,ops,
compute,fp32_avx512_mul,0,10,4,2500000,47943072,100443471,100664928,207802747,2e+08,ops,
compute,fp32_avx512_mul,0,10,5,2500000,47923833,100420767,100641912,207794798,2e+08,ops,
compute,fp32_avx512_mul,0,10,6,2500000,47923427,100419577,100641072,207803523,2e+08,ops,
compute,fp32_avx512_mul,0,12,0,2083333,47827474,100218451,100439472,206553469,2e+08,ops,
compute,fp32_avx512_mul,0,12,1,2083333,47858053,100282720,100503732,206554274,2e+08,ops,
compute,fp32_avx512_mul,0,12,2,2083333,47871225,100310076,100531284,206557925,2e+08,ops,
compute,fp32_avx512_mul,0,12,3,2083333,47855732,100277879,100498944,206566220,2e+08,ops,
compute,fp32_avx512_mul,0,12,4,2083333,47842931,100251087,100471980,206564348,2e+08,ops,
compute,fp32_avx512_mul,0,12,5,2083333,47833887,100232199,100452996,206554411,2e+08,ops,
compute,fp32_avx512_mul,0,12,6,2083333,47820866,100204655,100425612,206548861,2e+08,ops,
compute,fp32_avx512_mul,0,16,0,1562500,47837414,100239877,100460472,204999334,2e+08,ops,
compute,fp32_avx512_mul,0,16,1,1562500,47828963,100221825,100442664,204986326,2e+08,ops,
compute,fp32_avx512_mul,0,16,2,1562500,47832400,100228965,100449972,205004137,2e+08,ops,
compute,fp32_avx512_mul,0,16,3,1562500,47832789,100220879,100441488,204992936,2e+08,ops,
compute,fp32_avx512_mul,0,16,4,1562500,47827835,100219318,100440312,204992419,2e+08,ops,
compute,fp32_avx512_mul,0,16,5,1562500,47858448,100283669,100504656,205014586,2e+08,ops,
compute,fp32_avx512_mul,0,16,6,1562500,47843936,100253023,100473996,204995916,2e+08,ops,
compute,fp32_avx512_fma,0,1,0,25000000,382516285,801470965,803242188,277401912,2e+08,ops,
compute,fp32_avx512_fma,0,1,1,25000000,382626716,801713298,803486796,277491467,2e+08,ops,
compute,fp32_avx512_fma,0,1,2,25000000,382508575,801489640,803262180,277414331,2e+08,ops,
compute,fp32_avx512_fma,0,1,3,25000000,382540661,801532826,803304852,277422494,2e+08,ops,
compute,fp32_avx512_fma,0,1,4,25000000,382615152,801628598,803469408,277464914,2e+08,ops,
compute,fp32_avx512_fma,0,1,5,25000000,382640202,801727397,803501244,277495135,2e+08,ops,
compute,fp32_avx512_fma,0,1,6,25000000,382561185,801592628,803365920,277474332,2e+08,ops,
compute,fp32_avx512_fma,0,2,0,12500000,191336749,400914153,401800728,238758670,2e+08,ops,
compute,fp32_avx512_fma,0,2,1,12500000,191265051,400772220,401658432,238714131,2e+08,ops,
compute,fp32_avx512_fma,0,2,2,12500000,191282065,400793749,401679432,238725823,2e+08,ops,
compute,fp32_avx512_fma,0,2,3,12500000,191301520,400849439,401735376,238735009,2e+08,ops,
compute,fp32_avx512_fma,0,2,4,12500000,191265538,400773691,401659776,238708741,2e+08,ops,
compute,fp32_avx512_fma,0,2,5,12500000,191256106,400745077,401630880,238692139,2e+08,ops,
compute,fp32_avx512_fma,0,2,6,12500000,191291191,400827156,401713536,238724372,2e+08,ops,
compute,fp32_avx512_fma,0,4,0,6250000,95641882,200407299,200849964,219359700,2e+08,ops,
compute,fp32_avx512_fma,0,4,1,6250000,95682470,200477853,200920776,219371155,2e+08,ops,
compute,fp32_avx512_fma,0,4,2,6250000,95639694,200402262,200845344,219339192,2e+08,ops,
compute,fp32_avx512_fma,0,4,3,6250000,95686789,200501330,200944212,219374077,2e+08,ops,
compute,fp32_avx512_fma,0,4,4,6250000,95676798,200480867,200923380,219381925,2e+08,ops,
compute,fp32_avx512_fma,0,4,5,6250000,95731971,200596026,201039132,219381481,2e+08,ops,
compute,fp32_avx512_fma,0,4,6,6250000,95667974,200462150,200904648,219365027,2e+08,ops,
compute,fp32_avx512_fma,0,6,0,4166666,63780450,133646020,133940856,212913104,2e+08,ops,
compute,fp32_avx512_fma,0,6,1,4166666,63783266,133643808,133938756,212921056,2e+08,ops,
compute,fp32_avx512_fma,0,6,2,4166666,63864822,133823043,134118264,212930954,2e+08,ops,
compute,fp32_avx512_fma,0,6,3,4166666,63785071,133655459,133950516,212914822,2e+08,ops,
compute,fp32_avx512_fma,0,6,4,4166666,63808570,133704773,133999824,212912441,2e+08,ops,
compute,fp32_avx512_fma,0,6,5,4166666,63812327,133712366,134007636,212909288,2e+08,ops,
compute,fp32_avx512_fma,0,6,6,4166666,63796720,133665792,133960848,212920546,2e+08,ops,
compute,fp32_avx512_fma,0,8,0,3125000,48099605,100788692,101011092,209691353,2e+08,ops,
compute,fp32_avx512_fma,0,8,1,3125000,48277913,101154686,101378088,209705631,2e+08,ops,
compute,fp32_avx512_fma,0,8,2,3125000,48312514,101234934,101458056,209679570,2e+08,ops,
compute,fp32_avx512_fma,0,8,3,3125000,48222567,101046330,101269476,209689644,2e+08,ops,
compute,fp32_avx512_fma,0,8,4,3125000,48092930,100774843,100997064,209694278,2e+08,ops,
compute,fp32_avx512_fma,0,8,5,3125000,48191173,100980743,101203368,209698304,2e+08,ops,
compute,fp32_avx512_fma,0,8,6,3125000,48431284,101483907,101707704,209681507,2e+08,ops,
compute,fp32_avx512_fma,0,10,0,2500000,47927525,100428365,100649724,207806971,2e+08,ops,
compute,fp32_avx512_fma,0,10,1,2500000,47922433,100417630,100639056,207795658,2e+08,ops,
compute,fp32_avx512_fma,0,10,2,2500000,47943241,100445714,100667280,207814014,2e+08,ops,
compute,fp32_avx512_fma,0,10,3,2500000,47924907,100422687,100644096,207797870,2e+08,ops,
compute,fp32_avx512_fma,0,10,4,2500000,47940926,100456314,100677864,207811609,2e+08,ops,
compute,fp32_avx512_fma,0,10,5,2500000,47927859,100429049,100650312,207796944,2e+08,ops,
compute,fp32_avx512_fma,0,10,6,2500000,47931051,100426455,100647456,207807760,2e+08,ops,
compute,fp32_avx512_fma,0,12,0,2083333,47835766,100235881,100457112,206548721,2e+08,ops,
compute,fp32_avx512_fma,0,12,1,2083333,47853983,100274351,100495416,206562905,2e+08,ops,
compute,fp32_avx512_fma,0,12,2,2083333,47848443,100262703,100483740,206550195,2e+08,ops,
compute,fp32_avx512_fma,0,12,3,2083333,47840273,100245220,100466436,206557170,2e+08,ops,
compute,fp32_avx512_fma,0,12,4,2083333,47836931,100238283,100459464,206548773,2e+08,ops,
compute,fp32_avx512_fma,0,12,5,2083333,47902844,100376640,100597812,206573246,2e+08,ops,
compute,fp32_avx512_fma,0,12,6,2083333,47863745,100280270,100501212,206563613,2e+08,ops,
compute,fp32_avx512_fma,0,16,0,1562500,47845184,100255634,100476852,205005725,2e+08,ops,
compute,fp32_avx512_fma,0,16,1,1562500,47858090,100267468,100488612,205008757,2e+08,ops,
compute,fp32_avx512_fma,0,16,2,1562500,47874130,100316668,100537920,205015374,2e+08,ops,
compute,fp32_avx512_fma,0,16,3,1562500,47864278,100295662,100516920,204991475,2e+08,ops,
compute,fp32_avx512_fma,0,16,4,1562500,47858368,100283379,100504320,205006673,2e+08,ops,
compute,fp32_avx512_fma,0,16,5,1562500,47872109,100312392,100533468,205018927,2e+08,ops,
compute,fp32_avx512_fma,0,16,6,1562500,47842986,100250796,100472148,205000679,2e+08,ops,
compute,fp32_scalar_max,0,1,0,25000000,382507451,801460239,803235972,277431113,2e+08,ops,
compute,fp32_scalar_max,0,1,1,25000000,382583627,801618850,803394228,277517961,2e+08,ops,
compute,fp32_scalar_max,0,1,2,25000000,382492269,801460261,803235804,277438853,2e+08,ops,
compute,fp32_scalar_max,0,1,3,25000000,382502239,801458953,803234208,277425595,2e+08,ops,
compute,fp32_scalar_max,0,1,4,25000000,382544990,801558326,803330472,277515835,2e+08,ops,
compute,fp32_scalar_max,0,1,5,25000000,382495766,801439119,803211444,277454972,2e+08,ops,
compute,fp32_scalar_max,0,1,6,25000000,382475641,801405525,803178096,277400759,2e+08,ops,
compute,fp32_scalar_max,0,2,0,12500000,191260707,400763587,401649444,238739652,2e+08,ops,
compute,fp32_scalar_max,0,2,1,12500000,191246494,400733599,401619540,238731892,2e+08,ops,
compute,fp32_scalar_max,0,2,2,12500000,191243830,400705061,401591148,238725005,2e+08,ops,
compute,fp32_scalar_max,0,2,3,12500000,191236878,400711198,401599380,238690835,2e+08,ops,
compute,fp32_scalar_max,0,2,4,12500000,205772405,431154410,432110028,238793957,2e+08,ops,
compute,fp32_scalar_max,0,2,5,12500000,191260337,400748642,401634660,238741133,2e+08,ops,
compute,fp32_scalar_max,0,2,6,12500000,191263857,400770707,401656080,238736766,2e+08,ops,
compute,fp32_scalar_max,0,4,0,6250000,95631704,200364711,200807208,219363008,2e+08,ops,
compute,fp32_scalar_max,0,4,1,6250000,95616202,200353215,200795868,219360839,2e+08,ops,
compute,fp32_scalar_max,0,4,2,6250000,95624395,200370326,200813172,219360303,2e+08,ops,
compute,fp32_scalar_max,0,4,3,6250000,95615038,200351535,200793684,219351037,2e+08,ops,
compute,fp32_scalar_max,0,4,4,6250000,95614761,200350423,200793012,219340650,2e+08,ops,
compute,fp32_scalar_max,0,4,5,6250000,95625731,200359037,200801580,219344785,2e+08,ops,
compute,fp32_scalar_max,0,4,6,6250000,95617034,200358748,200801412,219345932,2e+08,ops,
compute,fp32_scalar_max,0,6,0,4166666,63750630,133583600,133878360,212909093,2e+08,ops,
compute,fp32_scalar_max,0,6,1,4166666,63752449,133587657,133882056,212907371,2e+08,ops,
compute,fp32_scalar_max,0,6,2,4166666,63751717,133585629,133880460,212912371,2e+08,ops,
compute,fp32_scalar_max,0,6,3,4166666,63751038,133575246,133869792,212906364,2e+08,ops,
compute,fp32_scalar_max,0,6,4,4166666,63765185,133613478,133908684,212913155,2e+08,ops,
compute,fp32_scalar_max,0,6,5,4166666,63750304,133582620,133877520,212912592,2e+08,ops,
compute,fp32_scalar_max,0,6,6,4166666,63754774,133592414,133886928,212919142,2e+08,ops,
compute,fp32_scalar_max,0,8,0,3125000,48230458,101063022,101285856,209675056,2e+08,ops,
compute,fp32_scalar_max,0,8,1,3125000,48149211,100882694,101105340,209694516,2e+08,ops,
compute,fp32_scalar_max,0,8,2,3125000,48117255,100825948,101048220,209687667,2e+08,ops,
compute,fp32_scalar_max,0,8,3,3125000,47985041,100548660,100770432,209685076,2e+08,ops,
compute,fp32_scalar_max,0,8,4,3125000,48093943,100777128,100999164,209687576,2e+08,ops,
compute,fp32_scalar_max,0,8,5,3125000,48134090,100861205,101083416,209695441,2e+08,ops,
compute,fp32_scalar_max,0,8,6,3125000,48067323,100721523,100943052,209679117,2e+08,ops,
compute,fp32_scalar_max,0,10,0,2500000,47847040,100259554,100480632,207813889,2e+08,ops,
compute,fp32_scalar_max,0,10,1,2500000,47826741,100202719,100423848,207811158,2e+08,ops,
compute,fp32_scalar_max,0,10,2,2500000,47828029,100220129,100440816,207817253,2e+08,ops,
compute,fp32_scalar_max,0,10,3,2500000,47826584,100216667,100437708,207805107,2e+08,ops,
compute,fp32_scalar_max,0,10,4,2500000,47813747,100189934,100410660,207799908,2e+08,ops,
compute,fp32_scalar_max,0,10,5,2500000,47821277,100205588,100426620,207815189,2e+08,ops,
compute,fp32_scalar_max,0,10,6,2500000,47829155,100222225,100443084,207811638,2e+08,ops,
compute,fp32_scalar_max,0,12,0,2083333,47820516,100204094,100425024,206579164,2e+08,ops,
compute,fp32_scalar_max,0,12,1,2083333,47804672,100171035,100391592,206548098,2e+08,ops,
compute,fp32_scalar_max,0,12,2,2083333,47809753,100181428,100402344,206553287,2e+08,ops,
compute,fp32_scalar_max,0,12,3,2083333,47814550,100191759,100412340,206557276,2e+08,ops,
compute,fp32_scalar_max,0,12,4,2083333,47813972,100190392,100411164,206555388,2e+08,ops,
compute,fp32_scalar_max,0,12,5,2083333,47809494,100180538,100401672,206547131,2e+08,ops,
compute,fp32_scalar_max,0,12,6,2083333,47845151,100255732,100476768,206597794,2e+08,ops,
compute,fp32_scalar_max,0,16,0,1562500,47833851,100224084,100445016,205023536,2e+08,ops,
compute,fp32_scalar_max,0,16,1,1562500,47823763,100210904,100431828,205007118,2e+08,ops,
compute,fp32_scalar_max,0,16,2,1562500,47809796,100181592,100402428,204990930,2e+08,ops,
compute,fp32_scalar_max,0,16,3,1562500,47816569,100195677,100416540,205000297,2e+08,ops,
compute,fp32_scalar_max,0,16,4,1562500,47805460,100172673,100393356,204988856,2e+08,ops,
compute,fp32_scalar_max,0,16,5,1562500,47819498,100201748,100422840,205010791,2e+08,ops,
compute,fp32_scalar_max,0,16,6,1562500,47804951,100171213,100392348,204981409,2e+08,ops,
compute,fp32_avx2_max,0,1,0,25000000,382484181,801424320,803196240,277391834,2e+08,ops,
compute,fp32_avx2_max,0,1,1,25000000,382509423,801483482,803255292,277442537,2e+08,ops,
compute,fp32_avx2_max,0,1,2,25000000,382504539,801460823,803232276,277459524,2e+08,ops,
compute,fp32_avx2_max,0,1,3,25000000,382539740,801539942,803312328,277470031,2e+08,ops,
compute,fp32_avx2_max,0,1,4,25000000,382495813,801446029,803217744,277444823,2e+08,ops,
compute,fp32_avx2_max,0,1,5,25000000,382498070,801461763,803233704,277445910,2e+08,ops,
compute,fp32_avx2_max,0,1,6,25000000,382493844,801446303,803217408,277435791,2e+08,ops,
compute,fp32_avx2_max,0,2,0,12500000,191231019,400701458,401587032,238696621,2e+08,ops,
compute,fp32_avx2_max,0,2,1,12500000,191275111,400780088,401665908,238730265,2e+08,ops,
compute,fp32_avx2_max,0,2,2,12500000,191274337,400792106,401678004,238738114,2e+08,ops,
compute,fp32_avx2_max,0,2,3,12500000,191241832,400724636,401609712,238737085,2e+08,ops,
compute,fp32_avx2_max,0,2,4,12500000,191273355,400760462,401646084,238735159,2e+08,ops,
compute,fp32_avx2_max,0,2,5,12500000,191232603,400695560,401581488,238693184,2e+08,ops,
compute,fp32_avx2_max,0,2,6,12500000,191267261,400762780,401647764,238712765,2e+08,ops,
compute,fp32_avx2_max,0,4,0,6250000,95651858,200420815,200863404,219367799,2e+08,ops,
compute,fp32_avx2_max,0,4,1,6250000,95674733,200475665,200918928,219390149,2e+08,ops,
compute,fp32_avx2_max,0,4,2,6250000,95637565,200397580,200840724,219387506,2e+08,ops,
compute,fp32_avx2_max,0,4,3,6250000,95631059,200385068,200827032,219369421,2e+08,ops,
compute,fp32_avx2_max,0,4,4,6250000,95629327,200365189,200808048,219352135,2e+08,ops,
compute,fp32_avx2_max,0,4,5,6250000,95628647,200379690,200822076,219361999,2e+08,ops,
compute,fp32_avx2_max,0,4,6,6250000,95630682,200375985,200818716,219350817,2e+08,ops,
compute,fp32_avx2_max,0,6,0,4166666,63739666,133560551,133855176,212887452,2e+08,ops,
compute,fp32_avx2_max,0,6,1,4166666,63751757,133585668,133880460,212900950,2e+08,ops,
compute,fp32_avx2_max,0,6,2,4166666,63754919,133592466,133887264,212904825,2e+08,ops,
compute,fp32_avx2_max,0,6,3,4166666,63746660,133574886,133869792,212897884,2e+08,ops,
compute,fp32_avx2_max,0,6,4,4166666,63767355,133604586,133899024,212923111,2e+08,ops,
compute,fp32_avx2_max,0,6,5,4166666,63747409,133576600,133871388,212895423,2e+08,ops,
compute,fp32_avx2_max,0,6,6,4166666,63762440,133593296,133888524,212904293,2e+08,ops,
compute,fp32_avx2_max,0,8,0,3125000,48275853,101158479,101381280,209697344,2e+08,ops,
compute,fp32_avx2_max,0,8,1,3125000,48260897,101127218,101349780,209685692,2e+08,ops,
compute,fp32_avx2_max,0,8,2,3125000,48274167,101154793,101377668,209693259,2e+08,ops,
compute,fp32_avx2_max,0,8,3,3125000,48891198,102447583,102673452,209698226,2e+08,ops,
compute,fp32_avx2_max,0,8,4,3125000,48351532,101316967,101540124,209701244,2e+08,ops,
compute,fp32_avx2_max,0,8,5,3125000,48440546,101503179,101727024,209678950,2e+08,ops,
compute,fp32_avx2_max,0,8,6,3125000,48435253,101492333,101715852,209685037,2e+08,ops,
compute,fp32_avx2_max,0,10,0,2500000,47831515,100205765,100426452,207811873,2e+08,ops,
compute,fp32_avx2_max,0,10,1,2500000,47820005,100202870,100423848,207815883,2e+08,ops,
compute,fp32_avx2_max,0,10,2,2500000,47820038,100194260,100414860,207797791,2e+08,ops,
compute,fp32_avx2_max,0,10,3,2500000,47818422,100200126,100420572,207806892,2e+08,ops,
compute,fp32_avx2_max,0,10,4,2500000,47815575,100193922,100414440,207794619,2e+08,ops,
compute,fp32_avx2_max,0,10,5,2500000,47815270,100193196,100413852,207804556,2e+08,ops,
compute,fp32_avx2_max,0,10,6,2500000,47810557,100183333,100404024,207789863,2e+08,ops,
compute,fp32_avx2_max,0,12,0,2083333,47808460,100178790,100399740,206550240,2e+08,ops,
compute,fp32_avx2_max,0,12,1,2083333,47809475,100181042,100401672,206539764,2e+08,ops,
compute,fp32_avx2_max,0,12,2,2083333,47808668,100179515,100400244,206549754,2e+08,ops,
compute,fp32_avx2_max,0,12,3,2083333,47829259,100208145,100429056,206553619,2e+08,ops,
compute,fp32_avx2_max,0,12,4,2083333,47810150,100182306,100403184,206552567,2e+08,ops,
compute,fp32_avx2_max,0,12,5,2083333,47812100,100186494,100407384,206549056,2e+08,ops,
compute,fp32_avx2_max,0,12,6,2083333,47813114,100188971,100409484,206553048,2e+08,ops,
compute,fp32_avx2_max,0,16,0,1562500,47813460,100189361,100410240,204980348,2e+08,ops,
compute,fp32_avx2_max,0,16,1,1562500,47821230,100205303,100426620,205006448,2e+08,ops,
compute,fp32_avx2_max,0,16,2,1562500,47813994,100190388,100411248,204980693,2e+08,ops,
compute,fp32_avx2_max,0,16,3,1562500,47813087,100188785,100409232,204994693,2e+08,ops,
compute,fp32_avx2_max,0,16,4,1562500,47843154,100251734,100472736,205005635,2e+08,ops,
compute,fp32_avx2_max,0,16,5,1562500,47822878,100208687,100429812,205003558,2e+08,ops,
compute,fp32_avx2_max,0,16,6,1562500,47819318,100201628,100422420,205000213,2e+08,ops,
compute,fp32_avx512_max,0,1,0,25000000,382475644,801420735,803192460,277420123,2e+08,ops,
compute,fp32_avx512_max,0,1,1,25000000,382491684,801427090,803198844,277392483,2e+08,ops,
compute,fp32_avx512_max,0,1,2,25000000,382561687,801595129,803367264,277503986,2e+08,ops,
compute,fp32_avx512_max,0,1,3,25000000,382486606,801431001,803201700,277390812,2e+08,ops,
compute,fp32_avx512_max,0,1,4,25000000,382514144,801494404,803266464,277399856,2e+08,ops,
compute,fp32_avx512_max,0,1,5,25000000,382550695,801552643,803325264,277474144,2e+08,ops,
compute,fp32_avx512_max,0,1,6,25000000,382589037,801637656,803409432,277456676,2e+08,ops,
compute,fp32_avx512_max,0,2,0,12500000,191255864,400753463,401639364,238728145,2e+08,ops,
compute,fp32_avx512_max,0,2,1,12500000,191286854,400787117,401673300,238734248,2e+08,ops,
compute,fp32_avx512_max,0,2,2,12500000,191297130,400840273,401726304,238750468,2e+08,ops,
compute,fp32_avx512_max,0,2,3,12500000,191263914,400755515,401641212,238725413,2e+08,ops,
compute,fp32_avx512_max,0,2,4,12500000,191248469,400738039,401623740,238693991,2e+08,ops,
compute,fp32_avx512_max,0,2,5,12500000,191276454,400796945,401682624,238738619,2e+08,ops,
compute,fp32_avx512_max,0,2,6,12500000,191258273,400758954,401644404,238730277,2e+08,ops,
compute,fp32_avx512_max,0,4,0,6250000,95656890,200429280,200871720,219381716,2e+08,ops,
compute,fp32_avx512_max,0,4,1,6250000,95655178,200428505,200871048,219378642,2e+08,ops,
compute,fp32_avx512_max,0,4,2,6250000,95678125,200483716,200926152,219350679,2e+08,ops,
compute,fp32_avx512_max,0,4,3,6250000,95665603,200457268,200899692,219365515,2e+08,ops,
compute,fp32_avx512_max,0,4,4,6250000,95669137,200449126,200891628,219368531,2e+08,ops,
compute,fp32_avx512_max,0,4,5,6250000,95655929,200436828,200879448,219355684,2e+08,ops,
compute,fp32_avx512_max,0,4,6,6250000,95635155,200393244,200835600,219332036,2e+08,ops,
compute,fp32_avx512_max,0,6,0,4166666,63751174,133584429,133879284,212891862,2e+08,ops,
compute,fp32_avx512_max,0,6,1,4166666,63768862,133621527,133916580,212907358,2e+08,ops,
compute,fp32_avx512_max,0,6,2,4166666,63778383,133641703,133936320,212895969,2e+08,ops,
compute,fp32_avx512_max,0,6,3,4166666,63868761,133814854,134110200,212936264,2e+08,ops,
compute,fp32_avx512_max,0,6,4,4166666,63820608,133715756,134010744,212935526,2e+08,ops,
compute,fp32_avx512_max,0,6,5,4166666,63785472,133656636,133951272,212908554,2e+08,ops,
compute,fp32_avx512_max,0,6,6,4166666,63804601,133688985,133984032,212929106,2e+08,ops,
compute,fp32_avx512_max,0,8,0,3125000,48700667,102048391,102273276,209704676,2e+08,ops,
compute,fp32_avx512_max,0,8,1,3125000,48655373,101953704,102178020,209675240,2e+08,ops,
compute,fp32_avx512_max,0,8,2,3125000,48620675,101880764,102105192,209677334,2e+08,ops,
compute,fp32_avx512_max,0,8,3,3125000,48635700,101911975,102136944,209700619,2e+08,ops,
compute,fp32_avx512_max,0,8,4,3125000,48734721,102119570,102344676,209675542,2e+08,ops,
compute,fp32_avx512_max,0,8,5,3125000,48495437,101603984,101828076,209706033,2e+08,ops,
compute,fp32_avx512_max,0,8,6,3125000,48687879,102013870,102238752,209692121,2e+08,ops,
compute,fp32_avx512_max,0,10,0,2500000,47952228,100480333,100701720,207818267,2e+08,ops,
compute,fp32_avx512_max,0,10,1,2500000,47923708,100420213,100641660,207801227,2e+08,ops,
compute,fp32_avx512_max,0,10,2,2500000,47954152,100484385,100705920,207822728,2e+08,ops,
compute,fp32_avx512_max,0,10,3,2500000,47936512,100447126,100668792,207812671,2e+08,ops,
compute,fp32_avx512_max,0,10,4,2500000,47942882,100460510,100681896,207813336,2e+08,ops,
compute,fp32_avx512_max,0,10,5,2500000,47936273,100447253,100668372,207807952,2e+08,ops,
compute,fp32_avx512_max,0,10,6,2500000,47921326,100415429,100636536,207805791,2e+08,ops,
compute,fp32_avx512_max,0,12,0,2083333,47835459,100235239,100456272,206546231,2e+08,ops,
compute,fp32_avx512_max,0,12,1,2083333,47863668,100280477,100501128,206576436,2e+08,ops,
compute,fp32_avx512_max,0,12,2,2083333,47820154,100203208,100424184,206541011,2e+08,ops,
compute,fp32_avx512_max,0,12,3,2083333,47836141,100237123,100457868,206567901,2e+08,ops,
compute,fp32_avx512_max,0,12,4,2083333,47855035,100276341,100497348,206565551,2e+08,ops,
compute,fp32_avx512_max,0,12,5,2083333,47846892,100250005,100470972,206563227,2e+08,ops,
compute,fp32_avx512_max,0,12,6,2083333,47834644,100233484,100454508,206549391,2e+08,ops,
compute,fp32_avx512_max,0,16,0,1562500,47829585,100222865,100444092,204997395,2e+08,ops,
compute,fp32_avx512_max,0,16,1,1562500,47816748,100196030,100416960,204979859,2e+08,ops,
compute,fp32_avx512_max,0,16,2,1562500,47837657,100239887,100460892,204990435,2e+08,ops,
compute,fp32_avx512_max,0,16,3,1562500,47822413,100207829,100428804,204977304,2e+08,ops,
compute,fp32_avx512_max,0,16,4,1562500,47830429,100224573,100445856,204987162,2e+08,ops,
compute,fp32_avx512_max,0,16,5,1562500,47843851,100237721,100458876,204989533,2e+08,ops,
compute,fp32_avx512_max,0,16,6,1562500,47839193,100242983,100464084,204994672,2e+08,ops,
