phase,iter,ns,cycles,instructions,ref-cycles,page-faults,context-switches,cpu-migrations,multiplexed
warmup,0,128310144,,,,,,,
warmup,1,100198863,,,,,,,
warmup,2,99710693,,,,,,,
warmup,3,99597190,,,,,,,
warmup,4,99555184,,,,,,,
warmup,5,99600910,,,,,,,
warmup,6,99625553,,,,,,,
warmup,7,99534149,,,,,,,
warmup,8,99565253,,,,,,,
warmup,9,99590720,,,,,,,
warmup,10,99483661,,,,,,,
warmup,11,99534207,,,,,,,
warmup,12,99474395,,,,,,,
warmup,13,99503392,,,,,,,
warmup,14,99594688,,,,,,,
warmup,15,99567231,,,,,,,
warmup,16,99536519,,,,,,,
warmup,17,99494602,,,,,,,
warmup,18,99538310,,,,,,,
warmup,19,99610802,,,,,,,
warmup,20,99667975,,,,,,,
warmup,21,99760178,,,,,,,
warmup,22,100763173,,,,,,,
warmup,23,99619293,,,,,,,
warmup,24,99500895,,,,,,,
warmup,25,99564020,,,,,,,
warmup,26,99409707,,,,,,,
warmup,27,99638966,,,,,,,
warmup,28,99594849,,,,,,,
warmup,29,99580408,,,,,,,
timed,0,99497245,,,,,,,
timed,1,99454183,,,,,,,
timed,2,99571443,,,,,,,
timed,3,99473262,,,,,,,
timed,4,99778356,,,,,,,
timed,5,99598974,,,,,,,
timed,6,99614314,,,,,,,
timed,7,99571439,,,,,,,
timed,8,99501056,,,,,,,
timed,9,99505522,,,,,,,
timed,10,99522399,,,,,,,
timed,11,99595866,,,,,,,
timed,12,99391607,,,,,,,
timed,13,99432364,,,,,,,
timed,14,99690051,,,,,,,
timed,15,101074603,,,,,,,
timed,16,100334080,,,,,,,
timed,17,100178570,,,,,,,
timed,18,99787716,,,,,,,
timed,19,99659629,,,,,,,
timed,20,99564000,,,,,,,
timed,21,99609104,,,,,,,
timed,22,99352794,,,,,,,
timed,23,99414768,,,,,,,
timed,24,99820073,,,,,,,
timed,25,99577064,,,,,,,
timed,26,99618885,,,,,,,
timed,27,99521359,,,,,,,
timed,28,99485248,,,,,,,
timed,29,99643518,,,,,,,
timed,30,99400901,,,,,,,
timed,31,99611620,,,,,,,
timed,32,99582425,,,,,,,
timed,33,99698491,,,,,,,
timed,34,99631276,,,,,,,
timed,35,99690413,,,,,,,
timed,36,99469559,,,,,,,
timed,37,99362047,,,,,,,
timed,38,99570437,,,,,,,
timed,39,99404995,,,,,,,
timed,40,99520061,,,,,,,
timed,41,100099714,,,,,,,
timed,42,99791246,,,,,,,
timed,43,99555504,,,,,,,
timed,44,99628453,,,,,,,
timed,45,99519445,,,,,,,
timed,46,99685445,,,,,,,
timed,47,99447859,,,,,,,
timed,48,99586586,,,,,,,
timed,49,99539343,,,,,,,
timed,50,99479979,,,,,,,
timed,51,99666059,,,,,,,
timed,52,99723768,,,,,,,
timed,53,99509029,,,,,,,
timed,54,99477995,,,,,,,
timed,55,99515660,,,,,,,
timed,56,100184052,,,,,,,
timed,57,99728639,,,,,,,
timed,58,99638568,,,,,,,
timed,59,99516615,,,,,,,
timed,60,99565064,,,,,,,
timed,61,99651373,,,,,,,
timed,62,100720156,,,,,,,
timed,63,100206981,,,,,,,
timed,64,99730163,,,,,,,
timed,65,99678918,,,,,,,
timed,66,99486021,,,,,,,
timed,67,99427867,,,,,,,
timed,68,99522265,,,,,,,
timed,69,99787730,,,,,,,
timed,70,99784271,,,,,,,
timed,71,99656158,,,,,,,
timed,72,99579453,,,,,,,
timed,73,99437925,,,,,,,
timed,74,99503585,,,,,,,
timed,75,99446602,,,,,,,
timed,76,99491567,,,,,,,
timed,77,99522350,,,,,,,
timed,78,99460722,,,,,,,
timed,79,99497558,,,,,,,
timed,80,99475521,,,,,,,
timed,81,99452874,,,,,,,
timed,82,99749938,,,,,,,
timed,83,99462509,,,,,,,
timed,84,99633130,,,,,,,
timed,85,99527322,,,,,,,
timed,86,99492388,,,,,,,
timed,87,99558339,,,,,,,
timed,88,99437182,,,,,,,
timed,89,99606044,,,,,,,
timed,90,99463574,,,,,,,
timed,91,99502707,,,,,,,
timed,92,99447530,,,,,,,
timed,93,99378111,,,,,,,
timed,94,99636619,,,,,,,
timed,95,99538672,,,,,,,
timed,96,99497305,,,,,,,
timed,97,99385599,,,,,,,
timed,98,99482061,,,,,,,
timed,99,99510047,,,,,,,
timed,100,99429849,,,,,,,
timed,101,99432771,,,,,,,
timed,102,99464081,,,,,,,
timed,103,99369636,,,,,,,
timed,104,99452727,,,,,,,
timed,105,99557598,,,,,,,
timed,106,99527870,,,,,,,
timed,107,99661166,,,,,,,
timed,108,99629779,,,,,,,
timed,109,99605691,,,,,,,
timed,110,99547959,,,,,,,
timed,111,99647237,,,,,,,
timed,112,99388100,,,,,,,
timed,113,99553195,,,,,,,
timed,114,99465230,,,,,,,
timed,115,99574660,,,,,,,
timed,116,99546225,,,,,,,
timed,117,99641033,,,,,,,
timed,118,99575790,,,,,,,
timed,119,99346627,,,,,,,
timed,120,99547321,,,,,,,
timed,121,99503192,,,,,,,
timed,122,99552497,,,,,,,
timed,123,99465901,,,,,,,
timed,124,99686322,,,,,,,
timed,125,99693889,,,,,,,
timed,126,99593800,,,,,,,
timed,127,99495046,,,,,,,
timed,128,99403480,,,,,,,
timed,129,99750550,,,,,,,
timed,130,99429810,,,,,,,
timed,131,99673425,,,,,,,
timed,132,99540130,,,,,,,
timed,133,99474605,,,,,,,
timed,134,99748547,,,,,,,
timed,135,99591227,,,,,,,
timed,136,99529765,,,,,,,
timed,137,99438533,,,,,,,
timed,138,99583517,,,,,,,
timed,139,99425506,,,,,,,
timed,140,99391911,,,,,,,
timed,141,99451400,,,,,,,
timed,142,99611784,,,,,,,
timed,143,99659266,,,,,,,
timed,144,99594622,,,,,,,
timed,145,99537820,,,,,,,
timed,146,99432570,,,,,,,
timed,147,99468175,,,,,,,
timed,148,99459230,,,,,,,
timed,149,99505854,,,,,,,
timed,150,99447425,,,,,,,
timed,151,99538441,,,,,,,
timed,152,99488141,,,,,,,
timed,153,99520471,,,,,,,
timed,154,99666014,,,,,,,
timed,155,99569105,,,,,,,
timed,156,99609310,,,,,,,
timed,157,99511980,,,,,,,
timed,158,99628887,,,,,,,
timed,159,99442394,,,,,,,
timed,160,99515907,,,,,,,
timed,161,99431387,,,,,,,
timed,162,99479787,,,,,,,
timed,163,99419591,,,,,,,
timed,164,99441543,,,,,,,
timed,165,99738849,,,,,,,
timed,166,99644778,,,,,,,
timed,167,99501617,,,,,,,
timed,168,99668420,,,,,,,
timed,169,99619412,,,,,,,
timed,170,99711344,,,,,,,
timed,171,99566773,,,,,,,
timed,172,99512782,,,,,,,
timed,173,99360940,,,,,,,
timed,174,99491417,,,,,,,
timed,175,99511209,,,,,,,
timed,176,99435583,,,,,,,
timed,177,99577818,,,,,,,
timed,178,99470479,,,,,,,
timed,179,99682482,,,,,,,
timed,180,99436715,,,,,,,
timed,181,99492080,,,,,,,
timed,182,99427139,,,,,,,
timed,183,99419640,,,,,,,
timed,184,99446972,,,,,,,
timed,185,99707639,,,,,,,
timed,186,99514125,,,,,,,
timed,187,99489110,,,,,,,
timed,188,99759548,,,,,,,
timed,189,99523147,,,,,,,
timed,190,99555145,,,,,,,
timed,191,99557827,,,,,,,
timed,192,99491329,,,,,,,
timed,193,99392037,,,,,,,
timed,194,99682998,,,,,,,
timed,195,99448203,,,,,,,
timed,196,99506513,,,,,,,
timed,197,99619683,,,,,,,
timed,198,99536535,,,,,,,
timed,199,99470678,,,,,,,
timed,200,99483979,,,,,,,
timed,201,99505862,,,,,,,
timed,202,99478785,,,,,,,
timed,203,99409271,,,,,,,
timed,204,99651235,,,,,,,
timed,205,99830574,,,,,,,
timed,206,99989029,,,,,,,
timed,207,99527463,,,,,,,
timed,208,100391045,,,,,,,
timed,209,99892960,,,,,,,
timed,210,99748565,,,,,,,
timed,211,100442152,,,,,,,
timed,212,99910782,,,,,,,
timed,213,100101408,,,,,,,
timed,214,99765630,,,,,,,
timed,215,99876343,,,,,,,
timed,216,99849819,,,,,,,
timed,217,99731860,,,,,,,
timed,218,99860183,,,,,,,
timed,219,100631382,,,,,,,
timed,220,100140721,,,,,,,
timed,221,99873319,,,,,,,
timed,222,100644954,,,,,,,
timed,223,99871764,,,,,,,
timed,224,99622029,,,,,,,
timed,225,100020516,,,,,,,
timed,226,99803468,,,,,,,
timed,227,99849318,,,,,,,
timed,228,99602220,,,,,,,
timed,229,99600568,,,,,,,
timed,230,99540981,,,,,,,
timed,231,99550334,,,,,,,
timed,232,99632786,,,,,,,
timed,233,99490207,,,,,,,
timed,234,99443118,,,,,,,
timed,235,99493283,,,,,,,
timed,236,99540626,,,,,,,
timed,237,99487834,,,,,,,
timed,238,99670628,,,,,,,
timed,239,99420448,,,,,,,
timed,240,99560848,,,,,,,
timed,241,99440679,,,,,,,
timed,242,99636738,,,,,,,
timed,243,99484557,,,,,,,
timed,244,99412930,,,,,,,
timed,245,99455463,,,,,,,
timed,246,99397472,,,,,,,
timed,247,99471459,,,,,,,
timed,248,99542407,,,,,,,
timed,249,99578152,,,,,,,
timed,250,99391902,,,,,,,
timed,251,99473965,,,,,,,
timed,252,99477155,,,,,,,
timed,253,99397655,,,,,,,
timed,254,99423069,,,,,,,
timed,255,99607350,,,,,,,
timed,256,99716241,,,,,,,
timed,257,99600521,,,,,,,
timed,258,99392615,,,,,,,
timed,259,99641590,,,,,,,
timed,260,99469029,,,,,,,
timed,261,99355148,,,,,,,
timed,262,99475284,,,,,,,
timed,263,100447092,,,,,,,
timed,264,100041274,,,,,,,
timed,265,99784365,,,,,,,
timed,266,99533781,,,,,,,
timed,267,99763403,,,,,,,
timed,268,99443241,,,,,,,
timed,269,99407220,,,,,,,
timed,270,99479556,,,,,,,
timed,271,99452885,,,,,,,
timed,272,99733094,,,,,,,
timed,273,99525085,,,,,,,
timed,274,99407124,,,,,,,
timed,275,99663701,,,,,,,
timed,276,99574319,,,,,,,
timed,277,99483659,,,,,,,
timed,278,99398708,,,,,,,
timed,279,99454769,,,,,,,
timed,280,99483051,,,,,,,
timed,281,99479453,,,,,,,
timed,282,99498547,,,,,,,
timed,283,99381358,,,,,,,
timed,284,99385030,,,,,,,
timed,285,99473962,,,,,,,
timed,286,99540218,,,,,,,
timed,287,99489867,,,,,,,
timed,288,99474342,,,,,,,
timed,289,99434789,,,,,,,
timed,290,99384034,,,,,,,
timed,291,99411471,,,,,,,
timed,292,99521113,,,,,,,
timed,293,99448056,,,,,,,
timed,294,99367932,,,,,,,
timed,295,99394546,,,,,,,
timed,296,99419752,,,,,,,
timed,297,99399204,,,,,,,
timed,298,99451865,,,,,,,
timed,299,99461156,,,,,,,
